,animal_id,unit_id,test_id,trial_id,sex,unit_type,conduction_velocity,time,exp_time,response_probability,log_probability
0,hff11,hff11_3,long-duration_electrical_50.0~-1.0_1.0,hff11_3_long-duration_electrical_50.0~-1.0_1.0_1,F,,11.314957005787607,0.5,1.6487212707001282,1.0,0.0
1,hff11,hff11_3,long-duration_electrical_50.0~-1.0_1.0,hff11_3_long-duration_electrical_50.0~-1.0_1.0_1,F,,11.314957005787607,1.5,4.4816890703380645,1.0,0.0
2,hff11,hff11_3,long-duration_electrical_50.0~-1.0_1.0,hff11_3_long-duration_electrical_50.0~-1.0_1.0_1,F,,11.314957005787607,2.5,12.182493960703473,1.0,0.0
3,hff11,hff11_3,long-duration_electrical_50.0~-1.0_1.0,hff11_3_long-duration_electrical_50.0~-1.0_1.0_1,F,,11.314957005787607,3.5,33.11545195869231,1.0,0.0
4,hff11,hff11_3,long-duration_electrical_50.0~-1.0_1.0,hff11_3_long-duration_electrical_50.0~-1.0_1.0_1,F,,11.314957005787607,4.5,90.01713130052181,1.0,0.0
5,hff11,hff11_3,long-duration_electrical_50.0~-1.0_1.0,hff11_3_long-duration_electrical_50.0~-1.0_1.0_1,F,,11.314957005787607,5.5,244.69193226422038,0.88,-0.12783337150988489
6,hff11,hff11_3,long-duration_electrical_50.0~-1.0_1.0,hff11_3_long-duration_electrical_50.0~-1.0_1.0_1,F,,11.314957005787607,6.5,665.1416330443618,0.92,-0.08338160893905101
7,hff11,hff11_3,long-duration_electrical_50.0~-1.0_1.0,hff11_3_long-duration_electrical_50.0~-1.0_1.0_1,F,,11.314957005787607,7.5,1808.0424144560632,0.98,-0.020202707317519466
8,hff11,hff11_3,long-duration_electrical_50.0~-1.0_1.0,hff11_3_long-duration_electrical_50.0~-1.0_1.0_1,F,,11.314957005787607,8.5,4914.768840299134,0.96,-0.040821994520255166
9,hff11,hff11_3,long-duration_electrical_50.0~-1.0_1.0,hff11_3_long-duration_electrical_50.0~-1.0_1.0_1,F,,11.314957005787607,9.5,13359.726829661873,0.92,-0.08338160893905101
10,hff11,hff11_3,long-duration_electrical_50.0~-1.0_1.0,hff11_3_long-duration_electrical_50.0~-1.0_1.0_1,F,,11.314957005787607,10.5,36315.502674246636,0.88,-0.12783337150988489
11,hff11,hff11_3,long-duration_electrical_50.0~-1.0_1.0,hff11_3_long-duration_electrical_50.0~-1.0_1.0_1,F,,11.314957005787607,11.5,98715.7710107605,0.98,-0.020202707317519466
12,hff11,hff11_3,long-duration_electrical_50.0~-1.0_1.0,hff11_3_long-duration_electrical_50.0~-1.0_1.0_1,F,,11.314957005787607,12.5,268337.2865208745,0.94,-0.06187540371808753
13,hff11,hff11_3,long-duration_electrical_50.0~-1.0_1.0,hff11_3_long-duration_electrical_50.0~-1.0_1.0_1,F,,11.314957005787607,13.5,729416.3698477013,0.98,-0.020202707317519466
14,hff11,hff11_3,long-duration_electrical_50.0~-1.0_1.0,hff11_3_long-duration_electrical_50.0~-1.0_1.0_1,F,,11.314957005787607,14.5,1982759.2635375687,0.96,-0.040821994520255166
15,hff11,hff11_3,long-duration_electrical_50.0~-1.0_1.0,hff11_3_long-duration_electrical_50.0~-1.0_1.0_1,F,,11.314957005787607,15.5,5389698.476283012,0.98,-0.020202707317519466
16,hff11,hff11_3,long-duration_electrical_50.0~-1.0_1.0,hff11_3_long-duration_electrical_50.0~-1.0_1.0_1,F,,11.314957005787607,16.5,14650719.428953517,0.9,-0.10536051565782628
17,hff11,hff11_3,long-duration_electrical_50.0~-1.0_1.0,hff11_3_long-duration_electrical_50.0~-1.0_1.0_1,F,,11.314957005787607,17.5,39824784.39757623,0.9,-0.10536051565782628
18,hff11,hff11_3,long-duration_electrical_50.0~-1.0_1.0,hff11_3_long-duration_electrical_50.0~-1.0_1.0_1,F,,11.314957005787607,18.5,108254987.75023076,0.76,-0.2744368457017603
19,hff11,hff11_3,long-duration_electrical_50.0~-1.0_1.0,hff11_3_long-duration_electrical_50.0~-1.0_1.0_1,F,,11.314957005787607,19.5,294267566.0415088,0.72,-0.3285040669720361
20,hff11,hff11_3,long-duration_electrical_50.0~-1.0_1.0,hff11_3_long-duration_electrical_50.0~-1.0_1.0_1,F,,11.314957005787607,20.5,799902177.4755054,0.8,-0.2231435513142097
21,hff11,hff11_3,long-duration_electrical_50.0~-1.0_1.0,hff11_3_long-duration_electrical_50.0~-1.0_1.0_1,F,,11.314957005787607,21.5,2174359553.5764885,0.84,-0.1743533871447778
22,hff11,hff11_3,long-duration_electrical_50.0~-1.0_1.0,hff11_3_long-duration_electrical_50.0~-1.0_1.0_1,F,,11.314957005787607,22.5,5910522063.023291,0.78,-0.2484613592984996
23,hff11,hff11_3,long-duration_electrical_50.0~-1.0_1.0,hff11_3_long-duration_electrical_50.0~-1.0_1.0_1,F,,11.314957005787607,23.5,16066464720.622478,0.78,-0.2484613592984996
24,hff11,hff11_3,long-duration_electrical_50.0~-1.0_1.0,hff11_3_long-duration_electrical_50.0~-1.0_1.0_1,F,,11.314957005787607,24.5,43673179097.646416,0.68,-0.3856624808119846
25,hff11,hff11_3,long-duration_electrical_50.0~-1.0_1.0,hff11_3_long-duration_electrical_50.0~-1.0_1.0_1,F,,11.314957005787607,25.5,118716009132.16965,0.66,-0.4155154439616658
26,hff11,hff11_3,long-duration_electrical_50.0~-1.0_1.0,hff11_3_long-duration_electrical_50.0~-1.0_1.0_1,F,,11.314957005787607,26.5,322703570371.15485,0.6,-0.5108256237659907
27,hff11,hff11_3,long-duration_electrical_50.0~-1.0_1.0,hff11_3_long-duration_electrical_50.0~-1.0_1.0_1,F,,11.314957005787607,27.5,877199251318.7649,0.6,-0.5108256237659907
28,hff11,hff11_3,long-duration_electrical_50.0~-1.0_1.0,hff11_3_long-duration_electrical_50.0~-1.0_1.0_1,F,,11.314957005787607,28.5,2384474784797.6777,0.64,-0.4462871026284195
29,hff11,hff11_3,long-duration_electrical_50.0~-1.0_1.0,hff11_3_long-duration_electrical_50.0~-1.0_1.0_1,F,,11.314957005787607,29.5,6481674477934.32,0.64,-0.4462871026284195
30,hff11,hff11_3,long-duration_electrical_50.0~-1.0_1.0,hff11_3_long-duration_electrical_50.0~-1.0_1.0_1,F,,11.314957005787607,30.5,17619017951355.633,0.62,-0.4780358009429998
31,hff11,hff11_3,long-duration_electrical_50.0~-1.0_1.0,hff11_3_long-duration_electrical_50.0~-1.0_1.0_1,F,,11.314957005787607,31.5,47893456332463.73,0.62,-0.4780358009429998
32,hff11,hff11_3,long-duration_electrical_50.0~-1.0_1.0,hff11_3_long-duration_electrical_50.0~-1.0_1.0_1,F,,11.314957005787607,32.5,130187912050632.94,0.6,-0.5108256237659907
33,hff11,hff11_3,long-duration_electrical_50.0~-1.0_1.0,hff11_3_long-duration_electrical_50.0~-1.0_1.0_1,F,,11.314957005787607,33.5,353887435612259.9,0.74,-0.3011050927839216
34,hff11,hff11_3,long-duration_electrical_50.0~-1.0_1.0,hff11_3_long-duration_electrical_50.0~-1.0_1.0_1,F,,11.314957005787607,34.5,961965785544776.4,0.72,-0.3285040669720361
35,hff11,hff11_3,long-duration_electrical_50.0~-1.0_1.0,hff11_3_long-duration_electrical_50.0~-1.0_1.0_1,F,,11.314957005787607,35.5,2614894114445696.5,0.62,-0.4780358009429998
36,hff11,hff11_3,long-duration_electrical_50.0~-1.0_1.0,hff11_3_long-duration_electrical_50.0~-1.0_1.0_1,F,,11.314957005787607,36.5,7108019154642244.0,0.58,-0.5447271754416722
37,hff11,hff11_3,long-duration_electrical_50.0~-1.0_1.0,hff11_3_long-duration_electrical_50.0~-1.0_1.0_1,F,,11.314957005787607,37.5,1.9321599304402836e+16,0.58,-0.5447271754416722
38,hff11,hff11_3,long-duration_electrical_50.0~-1.0_1.0,hff11_3_long-duration_electrical_50.0~-1.0_1.0_1,F,,11.314957005787607,38.5,5.252155228592516e+16,0.62,-0.4780358009429998
39,hff11,hff11_3,long-duration_electrical_50.0~-1.0_1.0,hff11_3_long-duration_electrical_50.0~-1.0_1.0_1,F,,11.314957005787607,39.5,1.4276838118129198e+17,0.62,-0.4780358009429998
40,hff11,hff11_3,long-duration_electrical_50.0~-1.0_1.0,hff11_3_long-duration_electrical_50.0~-1.0_1.0_1,F,,11.314957005787607,40.5,3.8808469624362035e+17,0.74,-0.3011050927839216
41,hff11,hff11_3,long-duration_electrical_50.0~-1.0_1.0,hff11_3_long-duration_electrical_50.0~-1.0_1.0_1,F,,11.314957005787607,41.5,1.0549235777020814e+18,0.76,-0.2744368457017603
42,hff11,hff11_3,long-duration_electrical_50.0~-1.0_1.0,hff11_3_long-duration_electrical_50.0~-1.0_1.0_1,F,,11.314957005787607,42.5,2.8675795916805714e+18,0.76,-0.2744368457017603
43,hff11,hff11_3,long-duration_electrical_50.0~-1.0_1.0,hff11_3_long-duration_electrical_50.0~-1.0_1.0_1,F,,11.314957005787607,43.5,7.794889495725307e+18,0.64,-0.4462871026284195
44,hff11,hff11_3,long-duration_electrical_50.0~-1.0_1.0,hff11_3_long-duration_electrical_50.0~-1.0_1.0_1,F,,11.314957005787607,44.5,2.118870647107639e+19,0.68,-0.3856624808119846
45,hff11,hff11_3,long-duration_electrical_50.0~-1.0_1.0,hff11_3_long-duration_electrical_50.0~-1.0_1.0_1,F,,11.314957005787607,45.5,5.759687576887954e+19,0.7,-0.35667494393873245
46,hff11,hff11_3,long-duration_electrical_50.0~-1.0_1.0,hff11_3_long-duration_electrical_50.0~-1.0_1.0_1,F,,11.314957005787607,46.5,1.5656454077855836e+20,0.58,-0.5447271754416722
47,hff11,hff11_3,long-duration_electrical_50.0~-1.0_1.0,hff11_3_long-duration_electrical_50.0~-1.0_1.0_1,F,,11.314957005787607,47.5,4.255865461793903e+20,0.62,-0.4780358009429998
48,hff11,hff11_3,long-duration_electrical_50.0~-1.0_1.0,hff11_3_long-duration_electrical_50.0~-1.0_1.0_1,F,,11.314957005787607,48.5,1.156864174916083e+21,0.6,-0.5108256237659907
49,hff11,hff11_3,long-duration_electrical_50.0~-1.0_1.0,hff11_3_long-duration_electrical_50.0~-1.0_1.0_1,F,,11.314957005787607,49.5,3.144682864669655e+21,0.62,-0.4780358009429998
50,hff11,hff11_3,long-duration_electrical_50.0~-1.0_1.0,hff11_3_long-duration_electrical_50.0~-1.0_1.0_1,F,,11.314957005787607,50.5,8.548134287298057e+21,0.56,-0.579818495252942
51,hff11,hff11_3,long-duration_electrical_50.0~-1.0_1.0,hff11_3_long-duration_electrical_50.0~-1.0_1.0_1,F,,11.314957005787607,51.5,2.3236238100390023e+22,0.6,-0.5108256237659907
52,hff11,hff11_3,long-duration_electrical_50.0~-1.0_1.0,hff11_3_long-duration_electrical_50.0~-1.0_1.0_1,F,,11.314957005787607,52.5,6.316264379003792e+22,0.56,-0.579818495252942
53,hff11,hff11_3,long-duration_electrical_50.0~-1.0_1.0,hff11_3_long-duration_electrical_50.0~-1.0_1.0_1,F,,11.314957005787607,53.5,1.7169386685189163e+23,0.64,-0.4462871026284195
54,hff11,hff11_3,long-duration_electrical_50.0~-1.0_1.0,hff11_3_long-duration_electrical_50.0~-1.0_1.0_1,F,,11.314957005787607,54.5,4.667123183213639e+23,0.56,-0.579818495252942
55,hff11,hff11_3,long-duration_electrical_50.0~-1.0_1.0,hff11_3_long-duration_electrical_50.0~-1.0_1.0_1,F,,11.314957005787607,55.5,1.2686556140109568e+24,0.54,-0.616186139423817
56,hff11,hff11_3,long-duration_electrical_50.0~-1.0_1.0,hff11_3_long-duration_electrical_50.0~-1.0_1.0_1,F,,11.314957005787607,56.5,3.4485635021385364e+24,0.66,-0.4155154439616658
57,hff11,hff11_3,long-duration_electrical_50.0~-1.0_1.0,hff11_3_long-duration_electrical_50.0~-1.0_1.0_1,F,,11.314957005787607,57.5,9.37416750215027e+24,0.74,-0.3011050927839216
58,hff11,hff11_3,long-duration_electrical_50.0~-1.0_1.0,hff11_3_long-duration_electrical_50.0~-1.0_1.0_1,F,,11.314957005787607,58.5,2.5481629178026397e+25,0.68,-0.3856624808119846
59,hff11,hff11_3,long-duration_electrical_50.0~-1.0_1.0,hff11_3_long-duration_electrical_50.0~-1.0_1.0_1,F,,11.314957005787607,59.5,6.926624955416095e+25,0.76,-0.2744368457017603
60,hff11,hff11_3,long-duration_electrical_50.0~-1.0_1.0,hff11_3_long-duration_electrical_50.0~-1.0_1.0_1,F,,11.314957005787607,60.5,1.8828518748858514e+26,0.78,-0.2484613592984996
61,hff11,hff11_3,long-duration_electrical_50.0~-1.0_1.0,hff11_3_long-duration_electrical_50.0~-1.0_1.0_1,F,,11.314957005787607,61.5,5.118122037182254e+26,0.72,-0.3285040669720361
62,hff11,hff11_3,long-duration_electrical_50.0~-1.0_1.0,hff11_3_long-duration_electrical_50.0~-1.0_1.0_1,F,,11.314957005787607,62.5,1.391249812950831e+27,0.76,-0.2744368457017603
63,hff11,hff11_3,long-duration_electrical_50.0~-1.0_1.0,hff11_3_long-duration_electrical_50.0~-1.0_1.0_1,F,,11.314957005787607,63.5,3.7818090853912897e+27,0.8,-0.2231435513142097
64,hff11,hff11_3,long-duration_electrical_50.0~-1.0_1.0,hff11_3_long-duration_electrical_50.0~-1.0_1.0_1,F,,11.314957005787607,64.5,1.0280022915520465e+28,0.78,-0.2484613592984996
65,hff11,hff11_3,long-duration_electrical_50.0~-1.0_1.0,hff11_3_long-duration_electrical_50.0~-1.0_1.0_1,F,,11.314957005787607,65.5,2.7943999487401853e+28,0.74,-0.3011050927839216
66,hff11,hff11_3,long-duration_electrical_50.0~-1.0_1.0,hff11_3_long-duration_electrical_50.0~-1.0_1.0_1,F,,11.314957005787607,66.5,7.595966602107334e+28,0.78,-0.2484613592984996
67,hff11,hff11_3,long-duration_electrical_50.0~-1.0_1.0,hff11_3_long-duration_electrical_50.0~-1.0_1.0_1,F,,11.314957005787607,67.5,2.0647977984090163e+29,0.9,-0.10536051565782628
68,hff11,hff11_3,long-duration_electrical_50.0~-1.0_1.0,hff11_3_long-duration_electrical_50.0~-1.0_1.0_1,F,,11.314957005787607,68.5,5.612702334857472e+29,0.78,-0.2484613592984996
69,hff11,hff11_3,long-duration_electrical_50.0~-1.0_1.0,hff11_3_long-duration_electrical_50.0~-1.0_1.0_1,F,,11.314957005787607,69.5,1.5256906765392722e+30,0.88,-0.12783337150988489
70,hff11,hff11_3,long-duration_electrical_50.0~-1.0_1.0,hff11_3_long-duration_electrical_50.0~-1.0_1.0_1,F,,11.314957005787607,70.5,4.1472572418860906e+30,0.92,-0.08338160893905101
71,hff11,hff11_3,long-duration_electrical_50.0~-1.0_1.0,hff11_3_long-duration_electrical_50.0~-1.0_1.0_1,F,,11.314957005787607,71.5,1.1273413998564138e+31,0.76,-0.2744368457017603
72,hff11,hff11_3,long-duration_electrical_50.0~-1.0_1.0,hff11_3_long-duration_electrical_50.0~-1.0_1.0_1,F,,11.314957005787607,72.5,3.0644316416992722e+31,0.68,-0.3856624808119846
73,hff11,hff11_3,long-duration_electrical_50.0~-1.0_1.0,hff11_3_long-duration_electrical_50.0~-1.0_1.0_1,F,,11.314957005787607,73.5,8.329988846186052e+31,0.78,-0.2484613592984996
74,hff11,hff11_3,long-duration_electrical_50.0~-1.0_1.0,hff11_3_long-duration_electrical_50.0~-1.0_1.0_1,F,,11.314957005787607,74.5,2.2643257311854073e+32,0.6,-0.5108256237659907
75,hff11,hff11_3,long-duration_electrical_50.0~-1.0_1.0,hff11_3_long-duration_electrical_50.0~-1.0_1.0_1,F,,11.314957005787607,75.5,6.155075488793534e+32,0.46,-0.7765287894989963
76,hff11,hff11_3,long-duration_electrical_50.0~-1.0_1.0,hff11_3_long-duration_electrical_50.0~-1.0_1.0_1,F,,11.314957005787607,76.5,1.6731229853981137e+33,0.62,-0.4780358009429998
77,hff11,hff11_3,long-duration_electrical_50.0~-1.0_1.0,hff11_3_long-duration_electrical_50.0~-1.0_1.0_1,F,,11.314957005787607,77.5,4.5480198079848415e+33,0.46,-0.7765287894989963
78,hff11,hff11_3,long-duration_electrical_50.0~-1.0_1.0,hff11_3_long-duration_electrical_50.0~-1.0_1.0_1,F,,11.314957005787607,78.5,1.236279959951699e+34,0.5,-0.6931471805599453
79,hff11,hff11_3,long-duration_electrical_50.0~-1.0_1.0,hff11_3_long-duration_electrical_50.0~-1.0_1.0_1,F,,11.314957005787607,79.5,3.36055735002478e+34,0.46,-0.7765287894989963
80,hff11,hff11_3,long-duration_electrical_50.0~-1.0_1.0,hff11_3_long-duration_electrical_50.0~-1.0_1.0_1,F,,11.314957005787607,80.5,9.134941978066843e+34,0.44,-0.8209805520698302
81,hff11,hff11_3,long-duration_electrical_50.0~-1.0_1.0,hff11_3_long-duration_electrical_50.0~-1.0_1.0_1,F,,11.314957005787607,81.5,2.4831346783006824e+35,0.5,-0.6931471805599453
82,hff11,hff11_3,long-duration_electrical_50.0~-1.0_1.0,hff11_3_long-duration_electrical_50.0~-1.0_1.0_1,F,,11.314957005787607,82.5,6.749859873641241e+35,0.54,-0.616186139423817
83,hff11,hff11_3,long-duration_electrical_50.0~-1.0_1.0,hff11_3_long-duration_electrical_50.0~-1.0_1.0_1,F,,11.314957005787607,83.5,1.8348021439163853e+36,0.58,-0.5447271754416722
84,hff11,hff11_3,long-duration_electrical_50.0~-1.0_1.0,hff11_3_long-duration_electrical_50.0~-1.0_1.0_1,F,,11.314957005787607,84.5,4.9875093266256084e+36,0.54,-0.616186139423817
85,hff11,hff11_3,long-duration_electrical_50.0~-1.0_1.0,hff11_3_long-duration_electrical_50.0~-1.0_1.0_1,F,,11.314957005787607,85.5,1.35574559718364e+37,0.72,-0.3285040669720361
86,hff11,hff11_3,long-duration_electrical_50.0~-1.0_1.0,hff11_3_long-duration_electrical_50.0~-1.0_1.0_1,F,,11.314957005787607,86.5,3.685298620837645e+37,0.64,-0.4462871026284195
87,hff11,hff11_3,long-duration_electrical_50.0~-1.0_1.0,hff11_3_long-duration_electrical_50.0~-1.0_1.0_1,F,,11.314957005787607,87.5,1.0017680273468151e+38,0.76,-0.2744368457017603
88,hff11,hff11_3,long-duration_electrical_50.0~-1.0_1.0,hff11_3_long-duration_electrical_50.0~-1.0_1.0_1,F,,11.314957005787607,88.5,2.7230878250681117e+38,0.76,-0.2744368457017603
89,hff11,hff11_3,long-duration_electrical_50.0~-1.0_1.0,hff11_3_long-duration_electrical_50.0~-1.0_1.0_1,F,,11.314957005787607,89.5,7.402120152180711e+38,0.86,-0.15082288973458366
90,hff11,hff11_3,long-duration_electrical_50.0~-1.0_1.0,hff11_3_long-duration_electrical_50.0~-1.0_1.0_1,F,,11.314957005787607,90.5,2.012104870174333e+39,0.86,-0.15082288973458366
91,hff11,hff11_3,long-duration_electrical_50.0~-1.0_1.0,hff11_3_long-duration_electrical_50.0~-1.0_1.0_1,F,,11.314957005787607,91.5,5.469468105548836e+39,0.86,-0.15082288973458366
92,hff11,hff11_3,long-duration_electrical_50.0~-1.0_1.0,hff11_3_long-duration_electrical_50.0~-1.0_1.0_1,F,,11.314957005787607,92.5,1.486755576264972e+40,0.96,-0.040821994520255166
93,hff11,hff11_3,long-duration_electrical_50.0~-1.0_1.0,hff11_3_long-duration_electrical_50.0~-1.0_1.0_1,F,,11.314957005787607,93.5,4.041420666321229e+40,0.96,-0.040821994520255166
94,hff11,hff11_3,long-duration_electrical_50.0~-1.0_1.0,hff11_3_long-duration_electrical_50.0~-1.0_1.0_1,F,,11.314957005787607,94.5,1.0985720358419844e+41,0.9,-0.10536051565782628
95,hff11,hff11_3,long-duration_electrical_50.0~-1.0_1.0,hff11_3_long-duration_electrical_50.0~-1.0_1.0_1,F,,11.314957005787607,95.5,2.9862284022825254e+41,0.86,-0.15082288973458366
96,hff11,hff11_3,long-duration_electrical_50.0~-1.0_1.0,hff11_3_long-duration_electrical_50.0~-1.0_1.0_1,F,,11.314957005787607,96.5,8.117410401552875e+41,0.9,-0.10536051565782628
97,hff11,hff11_3,long-duration_electrical_50.0~-1.0_1.0,hff11_3_long-duration_electrical_50.0~-1.0_1.0_1,F,,11.314957005787607,97.5,2.2065409188685626e+42,1.0,0.0
98,hff11,hff11_3,long-duration_electrical_50.0~-1.0_1.0,hff11_3_long-duration_electrical_50.0~-1.0_1.0_1,F,,11.314957005787607,98.5,5.998000083511737e+42,1.0,0.0
99,hff11,hff11_3,long-duration_electrical_50.0~-1.0_1.0,hff11_3_long-duration_electrical_50.0~-1.0_1.0_1,F,,11.314957005787607,99.5,1.6304254634105793e+43,1.0,0.0
100,hff11,hff11_3,long-duration_electrical_50.0~-1.0_1.0,hff11_3_long-duration_electrical_50.0~-1.0_1.0_1,F,,11.314957005787607,100.5,4.4319559098458955e+43,0.68,-0.3856624808119846
101,hff11,hff11_3,long-duration_electrical_50.0~-1.0_1.0,hff11_3_long-duration_electrical_50.0~-1.0_1.0_1,F,,11.314957005787607,101.5,1.2047305214265772e+44,0.7,-0.35667494393873245
102,hff11,hff11_3,long-duration_electrical_50.0~-1.0_1.0,hff11_3_long-duration_electrical_50.0~-1.0_1.0_1,F,,11.314957005787607,102.5,3.274797084583855e+44,0.7,-0.35667494393873245
103,hff11,hff11_3,long-duration_electrical_50.0~-1.0_1.0,hff11_3_long-duration_electrical_50.0~-1.0_1.0_1,F,,11.314957005787607,103.5,8.901821406914952e+44,0.62,-0.4780358009429998
104,hff11,hff11_3,long-duration_electrical_50.0~-1.0_1.0,hff11_3_long-duration_electrical_50.0~-1.0_1.0_1,F,,11.314957005787607,104.5,2.419765937060465e+45,0.66,-0.4155154439616658
105,hff11,hff11_3,long-duration_electrical_50.0~-1.0_1.0,hff11_3_long-duration_electrical_50.0~-1.0_1.0_1,F,,11.314957005787607,105.5,6.577605775835635e+45,0.54,-0.616186139423817
106,hff11,hff11_3,long-duration_electrical_50.0~-1.0_1.0,hff11_3_long-duration_electrical_50.0~-1.0_1.0_1,F,,11.314957005787607,106.5,1.7879786255221268e+46,0.62,-0.4780358009429998
107,hff11,hff11_3,long-duration_electrical_50.0~-1.0_1.0,hff11_3_long-duration_electrical_50.0~-1.0_1.0_1,F,,11.314957005787607,107.5,4.860229807429978e+46,0.6,-0.5108256237659907
108,hff11,hff11_3,long-duration_electrical_50.0~-1.0_1.0,hff11_3_long-duration_electrical_50.0~-1.0_1.0_1,F,,11.314957005787607,108.5,1.3211474367671912e+47,0.58,-0.5447271754416722
109,hff11,hff11_3,long-duration_electrical_50.0~-1.0_1.0,hff11_3_long-duration_electrical_50.0~-1.0_1.0_1,F,,11.314957005787607,109.5,3.591251070079501e+47,0.62,-0.4780358009429998
110,hff11,hff11_3,long-duration_electrical_50.0~-1.0_1.0,hff11_3_long-duration_electrical_50.0~-1.0_1.0_1,F,,11.314957005787607,110.5,9.76203252523121e+47,0.56,-0.579818495252942
111,hff11,hff11_3,long-duration_electrical_50.0~-1.0_1.0,hff11_3_long-duration_electrical_50.0~-1.0_1.0_1,F,,11.314957005787607,111.5,2.6535955622162162e+48,0.5,-0.6931471805599453
112,hff11,hff11_3,long-duration_electrical_50.0~-1.0_1.0,hff11_3_long-duration_electrical_50.0~-1.0_1.0_1,F,,11.314957005787607,112.5,7.213220596851904e+48,0.42,-0.8675005677047231
113,hff11,hff11_3,long-duration_electrical_50.0~-1.0_1.0,hff11_3_long-duration_electrical_50.0~-1.0_1.0_1,F,,11.314957005787607,113.5,1.960756647308904e+49,0.42,-0.8675005677047231
114,hff11,hff11_3,long-duration_electrical_50.0~-1.0_1.0,hff11_3_long-duration_electrical_50.0~-1.0_1.0_1,F,,11.314957005787607,114.5,5.329889164410075e+49,0.4,-0.916290731874155
115,hff11,hff11_3,long-duration_electrical_50.0~-1.0_1.0,hff11_3_long-duration_electrical_50.0~-1.0_1.0_1,F,,11.314957005787607,115.5,1.4488140863316671e+50,0.4,-0.916290731874155
116,hff11,hff11_3,long-duration_electrical_50.0~-1.0_1.0,hff11_3_long-duration_electrical_50.0~-1.0_1.0_1,F,,11.314957005787607,116.5,3.9382850036908655e+50,0.46,-0.7765287894989963
117,hff11,hff11_3,long-duration_electrical_50.0~-1.0_1.0,hff11_3_long-duration_electrical_50.0~-1.0_1.0_1,F,,11.314957005787607,117.5,1.0705368560825642e+51,0.4,-0.916290731874155
118,hff11,hff11_3,long-duration_electrical_50.0~-1.0_1.0,hff11_3_long-duration_electrical_50.0~-1.0_1.0_1,F,,11.314957005787607,118.5,2.9100208825849106e+51,0.52,-0.6539264674066639
119,hff11,hff11_3,long-duration_electrical_50.0~-1.0_1.0,hff11_3_long-duration_electrical_50.0~-1.0_1.0_1,F,,11.314957005787607,119.5,7.910256885566915e+51,0.5,-0.6931471805599453
120,hff11,hff11_3,long-duration_electrical_50.0~-1.0_1.0,hff11_3_long-duration_electrical_50.0~-1.0_1.0_1,F,,11.314957005787607,120.5,2.1502307550479586e+52,0.56,-0.579818495252942
121,hff11,hff11_3,long-duration_electrical_50.0~-1.0_1.0,hff11_3_long-duration_electrical_50.0~-1.0_1.0_1,F,,11.314957005787607,121.5,5.844933188440638e+52,0.56,-0.579818495252942
122,hff11,hff11_3,long-duration_electrical_50.0~-1.0_1.0,hff11_3_long-duration_electrical_50.0~-1.0_1.0_1,F,,11.314957005787607,122.5,1.5888175674695377e+53,0.58,-0.5447271754416722
123,hff11,hff11_3,long-duration_electrical_50.0~-1.0_1.0,hff11_3_long-duration_electrical_50.0~-1.0_1.0_1,F,,11.314957005787607,123.5,4.3188539223889476e+53,0.7,-0.35667494393873245
124,hff11,hff11_3,long-duration_electrical_50.0~-1.0_1.0,hff11_3_long-duration_electrical_50.0~-1.0_1.0_1,F,,11.314957005787607,124.5,1.1739862136998947e+54,0.72,-0.3285040669720361
125,hff11,hff11_3,long-duration_electrical_50.0~-1.0_1.0,hff11_3_long-duration_electrical_50.0~-1.0_1.0_1,F,,11.314957005787607,125.5,3.191225391561861e+54,0.86,-0.15082288973458366
126,hff11,hff11_3,long-duration_electrical_50.0~-1.0_1.0,hff11_3_long-duration_electrical_50.0~-1.0_1.0_1,F,,11.314957005787607,126.5,8.674649992399708e+54,0.94,-0.06187540371808753
127,hff11,hff11_3,long-duration_electrical_50.0~-1.0_1.0,hff11_3_long-duration_electrical_50.0~-1.0_1.0_1,F,,11.314957005787607,127.5,2.3580143442582524e+55,0.84,-0.1743533871447778
128,hff11,hff11_3,long-duration_electrical_50.0~-1.0_1.0,hff11_3_long-duration_electrical_50.0~-1.0_1.0_1,F,,11.314957005787607,128.5,6.409747543242979e+55,0.86,-0.15082288973458366
129,hff11,hff11_3,long-duration_electrical_50.0~-1.0_1.0,hff11_3_long-duration_electrical_50.0~-1.0_1.0_1,F,,11.314957005787607,129.5,1.7423500271807397e+56,0.92,-0.08338160893905101
130,hff11,hff11_3,long-duration_electrical_50.0~-1.0_1.0,hff11_3_long-duration_electrical_50.0~-1.0_1.0_1,F,,11.314957005787607,130.5,4.736198417700528e+56,0.82,-0.19845093872383832
131,hff11,hff11_3,long-duration_electrical_50.0~-1.0_1.0,hff11_3_long-duration_electrical_50.0~-1.0_1.0_1,F,,11.314957005787607,131.5,1.287432209481183e+57,0.86,-0.15082288973458366
132,hff11,hff11_3,long-duration_electrical_50.0~-1.0_1.0,hff11_3_long-duration_electrical_50.0~-1.0_1.0_1,F,,11.314957005787607,132.5,3.4996035804055786e+57,0.98,-0.020202707317519466
133,hff11,hff11_3,long-duration_electrical_50.0~-1.0_1.0,hff11_3_long-duration_electrical_50.0~-1.0_1.0_1,F,,11.314957005787607,133.5,9.512908819426697e+57,0.82,-0.19845093872383832
134,hff11,hff11_3,long-duration_electrical_50.0~-1.0_1.0,hff11_3_long-duration_electrical_50.0~-1.0_1.0_1,F,,11.314957005787607,134.5,2.585876717963538e+58,0.58,-0.5447271754416722
135,hff11,hff11_3,long-duration_electrical_50.0~-1.0_1.0,hff11_3_long-duration_electrical_50.0~-1.0_1.0_1,F,,11.314957005787607,135.5,7.029141693075601e+58,0.78,-0.2484613592984996
136,hff11,hff11_3,long-duration_electrical_50.0~-1.0_1.0,hff11_3_long-duration_electrical_50.0~-1.0_1.0_1,F,,11.314957005787607,136.5,1.9107188133951252e+59,0.74,-0.3011050927839216
137,hff11,hff11_3,long-duration_electrical_50.0~-1.0_1.0,hff11_3_long-duration_electrical_50.0~-1.0_1.0_1,F,,11.314957005787607,137.5,5.193872229746799e+59,0.94,-0.06187540371808753
138,hff11,hff11_3,long-duration_electrical_50.0~-1.0_1.0,hff11_3_long-duration_electrical_50.0~-1.0_1.0_1,F,,11.314957005787607,138.5,1.4118408501458785e+60,0.82,-0.19845093872383832
139,hff11,hff11_3,long-duration_electrical_50.0~-1.0_1.0,hff11_3_long-duration_electrical_50.0~-1.0_1.0_1,F,,11.314957005787607,139.5,3.837781327627712e+60,0.78,-0.2484613592984996
140,hff11,hff11_3,long-duration_electrical_50.0~-1.0_1.0,hff11_3_long-duration_electrical_50.0~-1.0_1.0_1,F,,11.314957005787607,140.5,1.0432171244489838e+61,0.98,-0.020202707317519466
141,hff11,hff11_3,long-duration_electrical_50.0~-1.0_1.0,hff11_3_long-duration_electrical_50.0~-1.0_1.0_1,F,,11.314957005787607,141.5,2.835758152526971e+61,1.0,0.0
142,hff11,hff11_3,long-duration_electrical_50.0~-1.0_1.0,hff11_3_long-duration_electrical_50.0~-1.0_1.0_1,F,,11.314957005787607,142.5,7.708389855918659e+61,1.0,0.0
143,hff11,hff11_3,long-duration_electrical_50.0~-1.0_1.0,hff11_3_long-duration_electrical_50.0~-1.0_1.0_1,F,,11.314957005787607,143.5,2.095357607202173e+62,0.66,-0.4155154439616658
144,hff11,hff11_3,long-duration_electrical_50.0~-1.0_1.0,hff11_3_long-duration_electrical_50.0~-1.0_1.0_1,F,,11.314957005787607,144.5,5.6957725077810925e+62,0.56,-0.579818495252942
145,hff11,hff11_3,long-duration_electrical_50.0~-1.0_1.0,hff11_3_long-duration_electrical_50.0~-1.0_1.0_1,F,,11.314957005787607,145.5,1.548271490693795e+63,0.64,-0.4462871026284195
146,hff11,hff11_3,long-duration_electrical_50.0~-1.0_1.0,hff11_3_long-duration_electrical_50.0~-1.0_1.0_1,F,,11.314957005787607,146.5,4.20863825867414e+63,0.64,-0.4462871026284195
147,hff11,hff11_3,long-duration_electrical_50.0~-1.0_1.0,hff11_3_long-duration_electrical_50.0~-1.0_1.0_1,F,,11.314957005787607,147.5,1.1440264901111434e+64,0.68,-0.3856624808119846
148,hff11,hff11_3,long-duration_electrical_50.0~-1.0_1.0,hff11_3_long-duration_electrical_50.0~-1.0_1.0_1,F,,11.314957005787607,148.5,3.109786419344903e+64,0.68,-0.3856624808119846
149,hff11,hff11_3,long-duration_electrical_50.0~-1.0_1.0,hff11_3_long-duration_electrical_50.0~-1.0_1.0_1,F,,11.314957005787607,149.5,8.45327591409397e+64,0.74,-0.3011050927839216
150,hff11,hff11_3,long-duration_electrical_50.0~-1.0_1.0,hff11_3_long-duration_electrical_50.0~-1.0_1.0_1,F,,11.314957005787607,150.5,2.297838630823216e+65,0.86,-0.15082288973458366
151,hff11,hff11_3,long-duration_electrical_50.0~-1.0_1.0,hff11_3_long-duration_electrical_50.0~-1.0_1.0_1,F,,11.314957005787607,151.5,6.246172994897961e+65,1.0,0.0
152,hff11,hff11_3,long-duration_electrical_50.0~-1.0_1.0,hff11_3_long-duration_electrical_50.0~-1.0_1.0_1,F,,11.314957005787607,152.5,1.6978858549442743e+66,1.0,0.0
153,hff11,hff11_3,long-duration_electrical_50.0~-1.0_1.0,hff11_3_long-duration_electrical_50.0~-1.0_1.0_1,F,,11.314957005787607,153.5,4.6153322662926706e+66,1.0,0.0
154,hff11,hff11_3,long-duration_electrical_50.0~-1.0_1.0,hff11_3_long-duration_electrical_50.0~-1.0_1.0_1,F,,11.314957005787607,154.5,1.254577383176407e+67,1.0,0.0
155,hff11,hff11_3,long-duration_electrical_50.0~-1.0_1.0,hff11_3_long-duration_electrical_50.0~-1.0_1.0_1,F,,11.314957005787607,155.5,3.4102949030841276e+67,1.0,0.0
156,hff11,hff11_3,long-duration_electrical_50.0~-1.0_1.0,hff11_3_long-duration_electrical_50.0~-1.0_1.0_1,F,,11.314957005787607,156.5,9.270142664740085e+67,0.92,-0.08338160893905101
157,hff11,hff11_3,long-duration_electrical_50.0~-1.0_1.0,hff11_3_long-duration_electrical_50.0~-1.0_1.0_1,F,,11.314957005787607,157.5,2.5198860352785887e+68,0.96,-0.040821994520255166
158,hff11,hff11_3,long-duration_electrical_50.0~-1.0_1.0,hff11_3_long-duration_electrical_50.0~-1.0_1.0_1,F,,11.314957005787607,158.5,6.849760419485496e+68,0.96,-0.040821994520255166
159,hff11,hff11_3,long-duration_electrical_50.0~-1.0_1.0,hff11_3_long-duration_electrical_50.0~-1.0_1.0_1,F,,11.314957005787607,159.5,1.861957927758543e+69,0.84,-0.1743533871447778
160,hff11,hff11_3,long-duration_electrical_50.0~-1.0_1.0,hff11_3_long-duration_electrical_50.0~-1.0_1.0_1,F,,11.314957005787607,160.5,5.0613264003813075e+69,0.78,-0.2484613592984996
161,hff11,hff11_3,long-duration_electrical_50.0~-1.0_1.0,hff11_3_long-duration_electrical_50.0~-1.0_1.0_1,F,,11.314957005787607,161.5,1.3758111582056537e+70,0.86,-0.15082288973458366
162,hff11,hff11_3,long-duration_electrical_50.0~-1.0_1.0,hff11_3_long-duration_electrical_50.0~-1.0_1.0_1,F,,11.314957005787607,162.5,3.7398424707416215e+70,0.88,-0.12783337150988489
163,hff11,hff11_3,long-duration_electrical_50.0~-1.0_1.0,hff11_3_long-duration_electrical_50.0~-1.0_1.0_1,F,,11.314957005787607,163.5,1.0165945829516327e+71,0.74,-0.3011050927839216
164,hff11,hff11_3,long-duration_electrical_50.0~-1.0_1.0,hff11_3_long-duration_electrical_50.0~-1.0_1.0_1,F,,11.314957005787607,164.5,2.763390581747325e+71,0.98,-0.020202707317519466
165,hff11,hff11_3,long-duration_electrical_50.0~-1.0_1.0,hff11_3_long-duration_electrical_50.0~-1.0_1.0_1,F,,11.314957005787607,165.5,7.511674403298623e+71,1.0,0.0
166,hff11,hff11_3,long-duration_electrical_50.0~-1.0_1.0,hff11_3_long-duration_electrical_50.0~-1.0_1.0_1,F,,11.314957005787607,166.5,2.0418848031787588e+72,0.84,-0.1743533871447778
167,hff11,hff11_3,long-duration_electrical_50.0~-1.0_1.0,hff11_3_long-duration_electrical_50.0~-1.0_1.0_1,F,,11.314957005787607,167.5,5.550418356287494e+72,0.8,-0.2231435513142097
168,hff11,hff11_3,long-duration_electrical_50.0~-1.0_1.0,hff11_3_long-duration_electrical_50.0~-1.0_1.0_1,F,,11.314957005787607,168.5,1.5087601358241818e+73,0.92,-0.08338160893905101
169,hff11,hff11_3,long-duration_electrical_50.0~-1.0_1.0,hff11_3_long-duration_electrical_50.0~-1.0_1.0_1,F,,11.314957005787607,169.5,4.101235260714274e+73,0.88,-0.12783337150988489
170,hff11,hff11_3,long-duration_electrical_50.0~-1.0_1.0,hff11_3_long-duration_electrical_50.0~-1.0_1.0_1,F,,11.314957005787607,170.5,1.1148313283435107e+74,0.84,-0.1743533871447778
171,hff11,hff11_3,long-duration_electrical_50.0~-1.0_1.0,hff11_3_long-duration_electrical_50.0~-1.0_1.0_1,F,,11.314957005787607,171.5,3.030425741633024e+74,0.96,-0.040821994520255166
172,hff11,hff11_3,long-duration_electrical_50.0~-1.0_1.0,hff11_3_long-duration_electrical_50.0~-1.0_1.0_1,F,,11.314957005787607,172.5,8.237551225975576e+74,0.92,-0.08338160893905101
173,hff11,hff11_3,long-duration_electrical_50.0~-1.0_1.0,hff11_3_long-duration_electrical_50.0~-1.0_1.0_1,F,,11.314957005787607,173.5,2.239198580856994e+75,0.9,-0.10536051565782628
174,hff11,hff11_3,long-duration_electrical_50.0~-1.0_1.0,hff11_3_long-duration_electrical_50.0~-1.0_1.0_1,F,,11.314957005787607,174.5,6.0867728126548485e+75,0.86,-0.15082288973458366
175,hff11,hff11_3,long-duration_electrical_50.0~-1.0_1.0,hff11_3_long-duration_electrical_50.0~-1.0_1.0_1,F,,11.314957005787607,175.5,1.6545563930598225e+76,0.9,-0.10536051565782628
176,hff11,hff11_3,long-duration_electrical_50.0~-1.0_1.0,hff11_3_long-duration_electrical_50.0~-1.0_1.0_1,F,,11.314957005787607,176.5,4.4975505774152577e+76,0.84,-0.1743533871447778
177,hff11,hff11_3,long-duration_electrical_50.0~-1.0_1.0,hff11_3_long-duration_electrical_50.0~-1.0_1.0_1,F,,11.314957005787607,177.5,1.222561000716338e+77,0.84,-0.1743533871447778
178,hff11,hff11_3,long-duration_electrical_50.0~-1.0_1.0,hff11_3_long-duration_electrical_50.0~-1.0_1.0_1,F,,11.314957005787607,178.5,3.323265352429928e+77,0.92,-0.08338160893905101
179,hff11,hff11_3,long-duration_electrical_50.0~-1.0_1.0,hff11_3_long-duration_electrical_50.0~-1.0_1.0_1,F,,11.314957005787607,179.5,9.033571818657817e+77,0.86,-0.15082288973458366
180,hff11,hff11_3,long-duration_electrical_50.0~-1.0_1.0,hff11_3_long-duration_electrical_50.0~-1.0_1.0_1,F,,11.314957005787607,180.5,2.455579412073727e+78,1.0,0.0
181,hff11,hff11_3,long-duration_electrical_50.0~-1.0_1.0,hff11_3_long-duration_electrical_50.0~-1.0_1.0_1,F,,11.314957005787607,181.5,6.674956894178159e+78,1.0,0.0
182,hff11,hff11_3,long-duration_electrical_50.0~-1.0_1.0,hff11_3_long-duration_electrical_50.0~-1.0_1.0_1,F,,11.314957005787607,182.5,1.8144414031191914e+79,1.0,0.0
183,hff11,hff11_3,long-duration_electrical_50.0~-1.0_1.0,hff11_3_long-duration_electrical_50.0~-1.0_1.0_1,F,,11.314957005787607,183.5,4.932163094902632e+79,0.98,-0.020202707317519466
184,hff11,hff11_3,long-duration_electrical_50.0~-1.0_1.0,hff11_3_long-duration_electrical_50.0~-1.0_1.0_1,F,,11.314957005787607,184.5,1.3407009315870148e+80,1.0,0.0
185,hff11,hff11_3,long-duration_electrical_50.0~-1.0_1.0,hff11_3_long-duration_electrical_50.0~-1.0_1.0_1,F,,11.314957005787607,185.5,3.6444029797310963e+80,0.98,-0.020202707317519466
186,hff11,hff11_3,long-duration_electrical_50.0~-1.0_1.0,hff11_3_long-duration_electrical_50.0~-1.0_1.0_1,F,,11.314957005787607,186.5,9.906514395385036e+80,1.0,0.0
187,hff11,hff11_3,long-duration_electrical_50.0~-1.0_1.0,hff11_3_long-duration_electrical_50.0~-1.0_1.0_1,F,,11.314957005787607,187.5,2.692869806434309e+81,0.96,-0.040821994520255166
188,hff11,hff11_3,long-duration_electrical_50.0~-1.0_1.0,hff11_3_long-duration_electrical_50.0~-1.0_1.0_1,F,,11.314957005787607,188.5,7.319979061236409e+81,0.96,-0.040821994520255166
189,hff11,hff11_3,long-duration_electrical_50.0~-1.0_1.0,hff11_3_long-duration_electrical_50.0~-1.0_1.0_1,F,,11.314957005787607,189.5,1.989776606685963e+82,0.94,-0.06187540371808753
190,hff11,hff11_3,long-duration_electrical_50.0~-1.0_1.0,hff11_3_long-duration_electrical_50.0~-1.0_1.0_1,F,,11.314957005787607,190.5,5.408773592647354e+82,0.84,-0.1743533871447778
191,hff11,hff11_3,long-duration_electrical_50.0~-1.0_1.0,hff11_3_long-duration_electrical_50.0~-1.0_1.0_1,F,,11.314957005787607,191.5,1.470257097114245e+83,0.8,-0.2231435513142097
192,hff11,hff11_3,long-duration_electrical_50.0~-1.0_1.0,hff11_3_long-duration_electrical_50.0~-1.0_1.0_1,F,,11.314957005787607,192.5,3.9965731502485976e+83,0.76,-0.2744368457017603
193,hff11,hff11_3,long-duration_electrical_50.0~-1.0_1.0,hff11_3_long-duration_electrical_50.0~-1.0_1.0_1,F,,11.314957005787607,193.5,1.0863812170428086e+84,0.72,-0.3285040669720361
194,hff11,hff11_3,long-duration_electrical_50.0~-1.0_1.0,hff11_3_long-duration_electrical_50.0~-1.0_1.0_1,F,,11.314957005787607,194.5,2.9530903210666885e+84,0.7,-0.35667494393873245
195,hff11,hff11_3,long-duration_electrical_50.0~-1.0_1.0,hff11_3_long-duration_electrical_50.0~-1.0_1.0_1,F,,11.314957005787607,195.5,8.027331757553867e+84,0.82,-0.19845093872383832
196,hff11,hff11_3,long-duration_electrical_50.0~-1.0_1.0,hff11_3_long-duration_electrical_50.0~-1.0_1.0_1,F,,11.314957005787607,196.5,2.1820550047570884e+85,0.76,-0.2744368457017603
197,hff11,hff11_3,long-duration_electrical_50.0~-1.0_1.0,hff11_3_long-duration_electrical_50.0~-1.0_1.0_1,F,,11.314957005787607,197.5,5.931440468129309e+85,0.74,-0.3011050927839216
198,hff11,hff11_3,long-duration_electrical_50.0~-1.0_1.0,hff11_3_long-duration_electrical_50.0~-1.0_1.0_1,F,,11.314957005787607,198.5,1.6123326841102515e+86,0.74,-0.3011050927839216
199,hff11,hff11_3,long-duration_electrical_50.0~-1.0_1.0,hff11_3_long-duration_electrical_50.0~-1.0_1.0_1,F,,11.314957005787607,199.5,4.3827746366474943e+86,0.7,-0.35667494393873245
200,hff11,hff11_3,long-duration_electrical_50.0~-1.0_1.0,hff11_3_long-duration_electrical_50.0~-1.0_1.0_1,F,,11.314957005787607,200.5,1.1913616653030078e+87,0.72,-0.3285040669720361
201,hff11,hff11_3,long-duration_electrical_50.0~-1.0_1.0,hff11_3_long-duration_electrical_50.0~-1.0_1.0_1,F,,11.314957005787607,201.5,3.238456765915873e+87,0.54,-0.616186139423817
202,hff11,hff11_3,long-duration_electrical_50.0~-1.0_1.0,hff11_3_long-duration_electrical_50.0~-1.0_1.0_1,F,,11.314957005787607,202.5,8.803038179039366e+87,0.6,-0.5108256237659907
203,hff11,hff11_3,long-duration_electrical_50.0~-1.0_1.0,hff11_3_long-duration_electrical_50.0~-1.0_1.0_1,F,,11.314957005787607,203.5,2.392913871731391e+88,0.6,-0.5108256237659907
204,hff11,hff11_3,long-duration_electrical_50.0~-1.0_1.0,hff11_3_long-duration_electrical_50.0~-1.0_1.0_1,F,,11.314957005787607,204.5,6.50461429459502e+88,0.58,-0.5447271754416722
205,hff11,hff11_3,long-duration_electrical_50.0~-1.0_1.0,hff11_3_long-duration_electrical_50.0~-1.0_1.0_1,F,,11.314957005787607,205.5,1.7681374838132593e+89,0.92,-0.08338160893905101
206,hff11,hff11_3,long-duration_electrical_50.0~-1.0_1.0,hff11_3_long-duration_electrical_50.0~-1.0_1.0_1,F,,11.314957005787607,206.5,4.806295992466882e+89,1.0,0.0
207,hff11,hff11_3,long-duration_electrical_50.0~-1.0_1.0,hff11_3_long-duration_electrical_50.0~-1.0_1.0_1,F,,11.314957005787607,207.5,1.3064867058518258e+90,0.92,-0.08338160893905101
208,hff11,hff11_3,long-duration_electrical_50.0~-1.0_1.0,hff11_3_long-duration_electrical_50.0~-1.0_1.0_1,F,,11.314957005787607,208.5,3.5513990716403354e+90,0.62,-0.4780358009429998
209,hff11,hff11_3,long-duration_electrical_50.0~-1.0_1.0,hff11_3_long-duration_electrical_50.0~-1.0_1.0_1,F,,11.314957005787607,209.5,9.653703562046247e+90,0.66,-0.4155154439616658
210,hff11,hff11_3,long-duration_electrical_50.0~-1.0_1.0,hff11_3_long-duration_electrical_50.0~-1.0_1.0_1,F,,11.314957005787607,210.5,2.624148697004067e+91,0.76,-0.2744368457017603
211,hff11,hff11_3,long-duration_electrical_50.0~-1.0_1.0,hff11_3_long-duration_electrical_50.0~-1.0_1.0_1,F,,11.314957005787607,211.5,7.133175718240636e+91,0.76,-0.2744368457017603
212,hff11,hff11_3,long-duration_electrical_50.0~-1.0_1.0,hff11_3_long-duration_electrical_50.0~-1.0_1.0_1,F,,11.314957005787607,212.5,1.938998193409882e+92,0.62,-0.4780358009429998
213,hff11,hff11_3,long-duration_electrical_50.0~-1.0_1.0,hff11_3_long-duration_electrical_50.0~-1.0_1.0_1,F,,11.314957005787607,213.5,5.270743554560999e+92,0.58,-0.5447271754416722
214,hff11,hff11_3,long-duration_electrical_50.0~-1.0_1.0,hff11_3_long-duration_electrical_50.0~-1.0_1.0_1,F,,11.314957005787607,214.5,1.4327366426830802e+93,0.7,-0.35667494393873245
215,hff11,hff11_3,long-duration_electrical_50.0~-1.0_1.0,hff11_3_long-duration_electrical_50.0~-1.0_1.0_1,F,,11.314957005787607,215.5,3.894581980772837e+93,0.84,-0.1743533871447778
216,hff11,hff11_3,long-duration_electrical_50.0~-1.0_1.0,hff11_3_long-duration_electrical_50.0~-1.0_1.0_1,F,,11.314957005787607,216.5,1.0586571427778838e+94,0.6,-0.5108256237659907
217,hff11,hff11_3,long-duration_electrical_50.0~-1.0_1.0,hff11_3_long-duration_electrical_50.0~-1.0_1.0_1,F,,11.314957005787607,217.5,2.877728473781494e+94,0.78,-0.2484613592984996
218,hff11,hff11_3,long-duration_electrical_50.0~-1.0_1.0,hff11_3_long-duration_electrical_50.0~-1.0_1.0_1,F,,11.314957005787607,218.5,7.822477017519418e+94,0.56,-0.579818495252942
219,hff11,hff11_3,long-duration_electrical_50.0~-1.0_1.0,hff11_3_long-duration_electrical_50.0~-1.0_1.0_1,F,,11.314957005787607,219.5,2.126369713026154e+95,0.82,-0.19845093872383832
220,hff11,hff11_3,long-duration_electrical_50.0~-1.0_1.0,hff11_3_long-duration_electrical_50.0~-1.0_1.0_1,F,,11.314957005787607,220.5,5.780072151504669e+95,1.0,0.0
221,hff11,hff11_3,long-duration_electrical_50.0~-1.0_1.0,hff11_3_long-duration_electrical_50.0~-1.0_1.0_1,F,,11.314957005787607,221.5,1.5711865096617322e+96,1.0,0.0
222,hff11,hff11_3,long-duration_electrical_50.0~-1.0_1.0,hff11_3_long-duration_electrical_50.0~-1.0_1.0_1,F,,11.314957005787607,222.5,4.2709277383334783e+96,1.0,0.0
223,hff11,hff11_3,long-duration_electrical_50.0~-1.0_1.0,hff11_3_long-duration_electrical_50.0~-1.0_1.0_1,F,,11.314957005787607,223.5,1.1609585261773583e+97,1.0,0.0
224,hff11,hff11_3,long-duration_electrical_50.0~-1.0_1.0,hff11_3_long-duration_electrical_50.0~-1.0_1.0_1,F,,11.314957005787607,224.5,3.1558124653025077e+97,1.0,0.0
225,hff11,hff11_3,long-duration_electrical_50.0~-1.0_1.0,hff11_3_long-duration_electrical_50.0~-1.0_1.0_1,F,,11.314957005787607,225.5,8.578387678456348e+97,1.0,0.0
226,hff11,hff11_3,long-duration_electrical_50.0~-1.0_1.0,hff11_3_long-duration_electrical_50.0~-1.0_1.0_1,F,,11.314957005787607,226.5,2.3318475343824867e+98,1.0,0.0
227,hff11,hff11_3,long-duration_electrical_50.0~-1.0_1.0,hff11_3_long-duration_electrical_50.0~-1.0_1.0_1,F,,11.314957005787607,227.5,6.338618779448942e+98,1.0,0.0
228,hff11,hff11_3,long-duration_electrical_50.0~-1.0_1.0,hff11_3_long-duration_electrical_50.0~-1.0_1.0_1,F,,11.314957005787607,228.5,1.723015224570531e+99,1.0,0.0
229,hff11,hff11_3,long-duration_electrical_50.0~-1.0_1.0,hff11_3_long-duration_electrical_50.0~-1.0_1.0_1,F,,11.314957005787607,229.5,4.683640975108356e+99,1.0,0.0
230,hff11,hff11_3,long-duration_electrical_50.0~-1.0_1.0,hff11_3_long-duration_electrical_50.0~-1.0_1.0_1,F,,11.314957005787607,230.5,1.2731456153663248e+100,0.7,-0.35667494393873245
231,hff11,hff11_3,long-duration_electrical_50.0~-1.0_1.0,hff11_3_long-duration_electrical_50.0~-1.0_1.0_1,F,,11.314957005787607,231.5,3.4607685912325894e+100,0.62,-0.4780358009429998
232,hff11,hff11_3,long-duration_electrical_50.0~-1.0_1.0,hff11_3_long-duration_electrical_50.0~-1.0_1.0_1,F,,11.314957005787607,232.5,9.407344374049358e+100,0.56,-0.579818495252942
233,hff11,hff11_3,long-duration_electrical_50.0~-1.0_1.0,hff11_3_long-duration_electrical_50.0~-1.0_1.0_1,F,,11.314957005787607,233.5,2.55718132660348e+101,0.58,-0.5447271754416722
234,hff11,hff11_3,long-duration_electrical_50.0~-1.0_1.0,hff11_3_long-duration_electrical_50.0~-1.0_1.0_1,F,,11.314957005787607,234.5,6.951139532181034e+101,0.62,-0.4780358009429998
235,hff11,hff11_3,long-duration_electrical_50.0~-1.0_1.0,hff11_3_long-duration_electrical_50.0~-1.0_1.0_1,F,,11.314957005787607,235.5,1.8895156277411014e+102,0.92,-0.08338160893905101
236,hff11,hff11_3,long-duration_electrical_50.0~-1.0_1.0,hff11_3_long-duration_electrical_50.0~-1.0_1.0_1,F,,11.314957005787607,236.5,5.136235995478022e+102,1.0,0.0
237,hff11,hff11_3,long-duration_electrical_50.0~-1.0_1.0,hff11_3_long-duration_electrical_50.0~-1.0_1.0_1,F,,11.314957005787607,237.5,1.3961736973185161e+103,1.0,0.0
238,hff11,hff11_3,long-duration_electrical_50.0~-1.0_1.0,hff11_3_long-duration_electrical_50.0~-1.0_1.0_1,F,,11.314957005787607,238.5,3.795193590793402e+103,1.0,0.0
239,hff11,hff11_3,long-duration_electrical_50.0~-1.0_1.0,hff11_3_long-duration_electrical_50.0~-1.0_1.0_1,F,,11.314957005787607,239.5,1.0316405773337937e+104,0.92,-0.08338160893905101
240,hff11,hff11_3,long-duration_electrical_50.0~-1.0_1.0,hff11_3_long-duration_electrical_50.0~-1.0_1.0_1,F,,11.314957005787607,240.5,2.80428983486745e+104,0.92,-0.08338160893905101
241,hff11,hff11_3,long-duration_electrical_50.0~-1.0_1.0,hff11_3_long-duration_electrical_50.0~-1.0_1.0_1,F,,11.314957005787607,241.5,7.622850099852606e+104,1.0,0.0
242,hff11,hff11_3,long-duration_electrical_50.0~-1.0_1.0,hff11_3_long-duration_electrical_50.0~-1.0_1.0_1,F,,11.314957005787607,242.5,2.0721054907496557e+105,1.0,0.0
243,hff11,hff11_3,long-duration_electrical_50.0~-1.0_1.0,hff11_3_long-duration_electrical_50.0~-1.0_1.0_1,F,,11.314957005787607,243.5,5.632566702155002e+105,1.0,0.0
244,hff11,hff11_3,long-duration_electrical_50.0~-1.0_1.0,hff11_3_long-duration_electrical_50.0~-1.0_1.0_1,F,,11.314957005787607,244.5,1.531090371405143e+106,1.0,0.0
245,hff11,hff11_3,long-duration_electrical_50.0~-1.0_1.0,hff11_3_long-duration_electrical_50.0~-1.0_1.0_1,F,,11.314957005787607,245.5,4.161935134319211e+106,1.0,0.0
246,hff11,hff11_3,long-duration_electrical_50.0~-1.0_1.0,hff11_3_long-duration_electrical_50.0~-1.0_1.0_1,F,,11.314957005787607,246.5,1.1313312646845167e+107,1.0,0.0
247,hff11,hff11_3,long-duration_electrical_50.0~-1.0_1.0,hff11_3_long-duration_electrical_50.0~-1.0_1.0_1,F,,11.314957005787607,247.5,3.0752772187595124e+107,1.0,0.0
248,hff11,hff11_3,long-duration_electrical_50.0~-1.0_1.0,hff11_3_long-duration_electrical_50.0~-1.0_1.0_1,F,,11.314957005787607,248.5,8.359470181228054e+107,1.0,0.0
249,hff11,hff11_3,long-duration_electrical_50.0~-1.0_1.0,hff11_3_long-duration_electrical_50.0~-1.0_1.0_1,F,,11.314957005787607,249.5,2.272339588917746e+108,1.0,0.0
250,hff11,hff11_3,long-duration_electrical_50.0~-1.0_1.0,hff11_3_long-duration_electrical_50.0~-1.0_1.0_1,F,,11.314957005787607,250.5,6.176859412643206e+108,1.0,0.0
251,hff11,hff11_3,long-duration_electrical_50.0~-1.0_1.0,hff11_3_long-duration_electrical_50.0~-1.0_1.0_1,F,,11.314957005787607,251.5,1.679044469833424e+109,1.0,0.0
252,hff11,hff11_3,long-duration_electrical_50.0~-1.0_1.0,hff11_3_long-duration_electrical_50.0~-1.0_1.0_1,F,,11.314957005787607,252.5,4.564116071522848e+109,1.0,0.0
253,hff11,hff11_3,long-duration_electrical_50.0~-1.0_1.0,hff11_3_long-duration_electrical_50.0~-1.0_1.0_1,F,,11.314957005787607,253.5,1.240655378019844e+110,0.98,-0.020202707317519466
254,hff11,hff11_3,long-duration_electrical_50.0~-1.0_1.0,hff11_3_long-duration_electrical_50.0~-1.0_1.0_1,F,,11.314957005787607,254.5,3.37245096945133e+110,1.0,0.0
255,hff11,hff11_3,long-duration_electrical_50.0~-1.0_1.0,hff11_3_long-duration_electrical_50.0~-1.0_1.0_1,F,,11.314957005787607,255.5,9.16727218762864e+110,1.0,0.0
256,hff11,hff11_3,long-duration_electrical_50.0~-1.0_1.0,hff11_3_long-duration_electrical_50.0~-1.0_1.0_1,F,,11.314957005787607,256.5,2.491922940416893e+111,1.0,0.0
257,hff11,hff11_3,long-duration_electrical_50.0~-1.0_1.0,hff11_3_long-duration_electrical_50.0~-1.0_1.0_1,F,,11.314957005787607,257.5,6.773748846855472e+111,1.0,0.0
258,hff11,hff11_3,long-duration_electrical_50.0~-1.0_1.0,hff11_3_long-duration_electrical_50.0~-1.0_1.0_1,F,,11.314957005787607,258.5,1.8412958400952643e+112,0.98,-0.020202707317519466
259,hff11,hff11_3,long-duration_electrical_50.0~-1.0_1.0,hff11_3_long-duration_electrical_50.0~-1.0_1.0_1,F,,11.314957005787607,259.5,5.005161022948189e+112,0.96,-0.040821994520255166
260,hff11,hff11_3,long-duration_electrical_50.0~-1.0_1.0,hff11_3_long-duration_electrical_50.0~-1.0_1.0_1,F,,11.314957005787607,260.5,1.3605438257191548e+113,1.0,0.0
261,hff11,hff11_3,long-duration_electrical_50.0~-1.0_1.0,hff11_3_long-duration_electrical_50.0~-1.0_1.0_1,F,,11.314957005787607,261.5,3.698341558274529e+113,0.94,-0.06187540371808753
262,hff11,hff11_3,long-duration_electrical_50.0~-1.0_1.0,hff11_3_long-duration_electrical_50.0~-1.0_1.0_1,F,,11.314957005787607,262.5,1.005313465329256e+114,0.82,-0.19845093872383832
263,hff11,hff11_3,long-duration_electrical_50.0~-1.0_1.0,hff11_3_long-duration_electrical_50.0~-1.0_1.0_1,F,,11.314957005787607,263.5,2.732725324709709e+114,0.8,-0.2231435513142097
264,hff11,hff11_3,long-duration_electrical_50.0~-1.0_1.0,hff11_3_long-duration_electrical_50.0~-1.0_1.0_1,F,,11.314957005787607,264.5,7.428317592328247e+114,0.72,-0.3285040669720361
265,hff11,hff11_3,long-duration_electrical_50.0~-1.0_1.0,hff11_3_long-duration_electrical_50.0~-1.0_1.0_1,F,,11.314957005787607,265.5,2.0192260727248517e+115,0.62,-0.4780358009429998
266,hff11,hff11_3,long-duration_electrical_50.0~-1.0_1.0,hff11_3_long-duration_electrical_50.0~-1.0_1.0_1,F,,11.314957005787607,266.5,5.4888255410386875e+115,0.58,-0.5447271754416722
267,hff11,hff11_3,long-duration_electrical_50.0~-1.0_1.0,hff11_3_long-duration_electrical_50.0~-1.0_1.0_1,F,,11.314957005787607,267.5,1.4920174727787351e+116,0.86,-0.15082288973458366
268,hff11,hff11_3,long-duration_electrical_50.0~-1.0_1.0,hff11_3_long-duration_electrical_50.0~-1.0_1.0_1,F,,11.314957005787607,268.5,4.055723983997824e+116,1.0,0.0
269,hff11,hff11_3,long-duration_electrical_50.0~-1.0_1.0,hff11_3_long-duration_electrical_50.0~-1.0_1.0_1,F,,11.314957005787607,269.5,1.1024600806946808e+117,1.0,0.0
270,hff11,hff11_3,long-duration_electrical_50.0~-1.0_1.0,hff11_3_long-duration_electrical_50.0~-1.0_1.0_1,F,,11.314957005787607,270.5,2.9967972039538434e+117,1.0,0.0
271,hff11,hff11_3,long-duration_electrical_50.0~-1.0_1.0,hff11_3_long-duration_electrical_50.0~-1.0_1.0_1,F,,11.314957005787607,271.5,8.146139383084608e+117,1.0,0.0
272,hff11,hff11_3,long-duration_electrical_50.0~-1.0_1.0,hff11_3_long-duration_electrical_50.0~-1.0_1.0_1,F,,11.314957005787607,272.5,2.214350265713347e+118,1.0,0.0
273,hff11,hff11_3,long-duration_electrical_50.0~-1.0_1.0,hff11_3_long-duration_electrical_50.0~-1.0_1.0_1,F,,11.314957005787607,273.5,6.019228089132049e+118,1.0,0.0
274,hff11,hff11_3,long-duration_electrical_50.0~-1.0_1.0,hff11_3_long-duration_electrical_50.0~-1.0_1.0_1,F,,11.314957005787607,274.5,1.636195833603791e+119,0.92,-0.08338160893905101
275,hff11,hff11_3,long-duration_electrical_50.0~-1.0_1.0,hff11_3_long-duration_electrical_50.0~-1.0_1.0_1,F,,11.314957005787607,275.5,4.447641402285585e+119,1.0,0.0
276,hff11,hff11_3,long-duration_electrical_50.0~-1.0_1.0,hff11_3_long-duration_electrical_50.0~-1.0_1.0_1,F,,11.314957005787607,276.5,1.2089942803335012e+120,1.0,0.0
277,hff11,hff11_3,long-duration_electrical_50.0~-1.0_1.0,hff11_3_long-duration_electrical_50.0~-1.0_1.0_1,F,,11.314957005787607,277.5,3.286387182941477e+120,1.0,0.0
278,hff11,hff11_3,long-duration_electrical_50.0~-1.0_1.0,hff11_3_long-duration_electrical_50.0~-1.0_1.0_1,F,,11.314957005787607,278.5,8.933326560670529e+120,1.0,0.0
279,hff11,hff11_3,long-duration_electrical_50.0~-1.0_1.0,hff11_3_long-duration_electrical_50.0~-1.0_1.0_1,F,,11.314957005787607,279.5,2.428329925756124e+121,1.0,0.0
280,hff11,hff11_3,long-duration_electrical_50.0~-1.0_1.0,hff11_3_long-duration_electrical_50.0~-1.0_1.0_1,F,,11.314957005787607,280.5,6.600885110686175e+121,1.0,0.0
281,hff11,hff11_3,long-duration_electrical_50.0~-1.0_1.0,hff11_3_long-duration_electrical_50.0~-1.0_1.0_1,F,,11.314957005787607,281.5,1.79430660481241e+122,0.88,-0.12783337150988489
282,hff11,hff11_3,long-duration_electrical_50.0~-1.0_1.0,hff11_3_long-duration_electrical_50.0~-1.0_1.0_1,F,,11.314957005787607,282.5,4.877431038545619e+122,0.92,-0.08338160893905101
283,hff11,hff11_3,long-duration_electrical_50.0~-1.0_1.0,hff11_3_long-duration_electrical_50.0~-1.0_1.0_1,F,,11.314957005787607,283.5,1.3258232161640687e+123,0.76,-0.2744368457017603
284,hff11,hff11_3,long-duration_electrical_50.0~-1.0_1.0,hff11_3_long-duration_electrical_50.0~-1.0_1.0_1,F,,11.314957005787607,284.5,3.603961156247916e+123,0.78,-0.2484613592984996
285,hff11,hff11_3,long-duration_electrical_50.0~-1.0_1.0,hff11_3_long-duration_electrical_50.0~-1.0_1.0_1,F,,11.314957005787607,285.5,9.796582121500962e+123,0.84,-0.1743533871447778
286,hff11,hff11_3,long-duration_electrical_50.0~-1.0_1.0,hff11_3_long-duration_electrical_50.0~-1.0_1.0_1,F,,11.314957005787607,286.5,2.6629871161882825e+124,1.0,0.0
287,hff11,hff11_3,long-duration_electrical_50.0~-1.0_1.0,hff11_3_long-duration_electrical_50.0~-1.0_1.0_1,F,,11.314957005787607,287.5,7.238749487355165e+124,1.0,0.0
288,hff11,hff11_3,long-duration_electrical_50.0~-1.0_1.0,hff11_3_long-duration_electrical_50.0~-1.0_1.0_1,F,,11.314957005787607,288.5,1.9676961192244775e+125,1.0,0.0
289,hff11,hff11_3,long-duration_electrical_50.0~-1.0_1.0,hff11_3_long-duration_electrical_50.0~-1.0_1.0_1,F,,11.314957005787607,289.5,5.3487526048172796e+125,0.98,-0.020202707317519466
290,hff11,hff11_3,long-duration_electrical_50.0~-1.0_1.0,hff11_3_long-duration_electrical_50.0~-1.0_1.0_1,F,,11.314957005787607,290.5,1.4539417010597797e+126,0.88,-0.12783337150988489
291,hff11,hff11_3,long-duration_electrical_50.0~-1.0_1.0,hff11_3_long-duration_electrical_50.0~-1.0_1.0_1,F,,11.314957005787607,291.5,3.952223305629632e+126,0.94,-0.06187540371808753
292,hff11,hff11_3,long-duration_electrical_50.0~-1.0_1.0,hff11_3_long-duration_electrical_50.0~-1.0_1.0_1,F,,11.314957005787607,292.5,1.0743256793705369e+127,1.0,0.0
293,hff11,hff11_3,long-duration_electrical_50.0~-1.0_1.0,hff11_3_long-duration_electrical_50.0~-1.0_1.0_1,F,,11.314957005787607,293.5,2.920319972079849e+127,0.94,-0.06187540371808753
294,hff11,hff11_3,long-duration_electrical_50.0~-1.0_1.0,hff11_3_long-duration_electrical_50.0~-1.0_1.0_1,F,,11.314957005787607,294.5,7.93825271339068e+127,0.82,-0.19845093872383832
295,hff11,hff11_3,long-duration_electrical_50.0~-1.0_1.0,hff11_3_long-duration_electrical_50.0~-1.0_1.0_1,F,,11.314957005787607,295.5,2.1578408100525594e+128,0.66,-0.4155154439616658
296,hff11,hff11_3,long-duration_electrical_50.0~-1.0_1.0,hff11_3_long-duration_electrical_50.0~-1.0_1.0_1,F,,11.314957005787607,296.5,5.865619462673218e+128,0.84,-0.1743533871447778
297,hff11,hff11_3,long-duration_electrical_50.0~-1.0_1.0,hff11_3_long-duration_electrical_50.0~-1.0_1.0_1,F,,11.314957005787607,297.5,1.594440679804032e+129,1.0,0.0
298,hff11,hff11_3,long-duration_electrical_50.0~-1.0_1.0,hff11_3_long-duration_electrical_50.0~-1.0_1.0_1,F,,11.314957005787607,298.5,4.334139126467187e+129,0.68,-0.3856624808119846
299,hff11,hff11_3,long-duration_electrical_50.0~-1.0_1.0,hff11_3_long-duration_electrical_50.0~-1.0_1.0_1,F,,11.314957005787607,299.5,1.1781411629489113e+130,0.6,-0.5108256237659907
300,hff19,hff19_5,long-duration_electrical_50.0~-1.0_1.0,hff19_5_long-duration_electrical_50.0~-1.0_1.0_0,M,Ad,14.40682945536253,0.5,1.6487212707001282,1.0,0.0
301,hff19,hff19_5,long-duration_electrical_50.0~-1.0_1.0,hff19_5_long-duration_electrical_50.0~-1.0_1.0_0,M,Ad,14.40682945536253,1.5,4.4816890703380645,1.0,0.0
302,hff19,hff19_5,long-duration_electrical_50.0~-1.0_1.0,hff19_5_long-duration_electrical_50.0~-1.0_1.0_0,M,Ad,14.40682945536253,2.5,12.182493960703473,1.0,0.0
303,hff19,hff19_5,long-duration_electrical_50.0~-1.0_1.0,hff19_5_long-duration_electrical_50.0~-1.0_1.0_0,M,Ad,14.40682945536253,3.5,33.11545195869231,1.0,0.0
304,hff19,hff19_5,long-duration_electrical_50.0~-1.0_1.0,hff19_5_long-duration_electrical_50.0~-1.0_1.0_0,M,Ad,14.40682945536253,4.5,90.01713130052181,1.0,0.0
305,hff19,hff19_5,long-duration_electrical_50.0~-1.0_1.0,hff19_5_long-duration_electrical_50.0~-1.0_1.0_0,M,Ad,14.40682945536253,5.5,244.69193226422038,1.0,0.0
306,hff19,hff19_5,long-duration_electrical_50.0~-1.0_1.0,hff19_5_long-duration_electrical_50.0~-1.0_1.0_0,M,Ad,14.40682945536253,6.5,665.1416330443618,1.0,0.0
307,hff19,hff19_5,long-duration_electrical_50.0~-1.0_1.0,hff19_5_long-duration_electrical_50.0~-1.0_1.0_0,M,Ad,14.40682945536253,7.5,1808.0424144560632,1.0,0.0
308,hff19,hff19_5,long-duration_electrical_50.0~-1.0_1.0,hff19_5_long-duration_electrical_50.0~-1.0_1.0_0,M,Ad,14.40682945536253,8.5,4914.768840299134,1.0,0.0
309,hff19,hff19_5,long-duration_electrical_50.0~-1.0_1.0,hff19_5_long-duration_electrical_50.0~-1.0_1.0_0,M,Ad,14.40682945536253,9.5,13359.726829661873,1.0,0.0
310,hff19,hff19_5,long-duration_electrical_50.0~-1.0_1.0,hff19_5_long-duration_electrical_50.0~-1.0_1.0_0,M,Ad,14.40682945536253,10.5,36315.502674246636,1.0,0.0
311,hff19,hff19_5,long-duration_electrical_50.0~-1.0_1.0,hff19_5_long-duration_electrical_50.0~-1.0_1.0_0,M,Ad,14.40682945536253,11.5,98715.7710107605,1.0,0.0
312,hff19,hff19_5,long-duration_electrical_50.0~-1.0_1.0,hff19_5_long-duration_electrical_50.0~-1.0_1.0_0,M,Ad,14.40682945536253,12.5,268337.2865208745,1.0,0.0
313,hff19,hff19_5,long-duration_electrical_50.0~-1.0_1.0,hff19_5_long-duration_electrical_50.0~-1.0_1.0_0,M,Ad,14.40682945536253,13.5,729416.3698477013,1.0,0.0
314,hff19,hff19_5,long-duration_electrical_50.0~-1.0_1.0,hff19_5_long-duration_electrical_50.0~-1.0_1.0_0,M,Ad,14.40682945536253,14.5,1982759.2635375687,1.0,0.0
315,hff19,hff19_5,long-duration_electrical_50.0~-1.0_1.0,hff19_5_long-duration_electrical_50.0~-1.0_1.0_0,M,Ad,14.40682945536253,15.5,5389698.476283012,1.0,0.0
316,hff19,hff19_5,long-duration_electrical_50.0~-1.0_1.0,hff19_5_long-duration_electrical_50.0~-1.0_1.0_0,M,Ad,14.40682945536253,16.5,14650719.428953517,1.0,0.0
317,hff19,hff19_5,long-duration_electrical_50.0~-1.0_1.0,hff19_5_long-duration_electrical_50.0~-1.0_1.0_0,M,Ad,14.40682945536253,17.5,39824784.39757623,1.0,0.0
318,hff19,hff19_5,long-duration_electrical_50.0~-1.0_1.0,hff19_5_long-duration_electrical_50.0~-1.0_1.0_0,M,Ad,14.40682945536253,18.5,108254987.75023076,1.0,0.0
319,hff19,hff19_5,long-duration_electrical_50.0~-1.0_1.0,hff19_5_long-duration_electrical_50.0~-1.0_1.0_0,M,Ad,14.40682945536253,19.5,294267566.0415088,1.0,0.0
320,hff19,hff19_5,long-duration_electrical_50.0~-1.0_1.0,hff19_5_long-duration_electrical_50.0~-1.0_1.0_0,M,Ad,14.40682945536253,20.5,799902177.4755054,1.0,0.0
321,hff19,hff19_5,long-duration_electrical_50.0~-1.0_1.0,hff19_5_long-duration_electrical_50.0~-1.0_1.0_0,M,Ad,14.40682945536253,21.5,2174359553.5764885,1.0,0.0
322,hff19,hff19_5,long-duration_electrical_50.0~-1.0_1.0,hff19_5_long-duration_electrical_50.0~-1.0_1.0_0,M,Ad,14.40682945536253,22.5,5910522063.023291,1.0,0.0
323,hff19,hff19_5,long-duration_electrical_50.0~-1.0_1.0,hff19_5_long-duration_electrical_50.0~-1.0_1.0_0,M,Ad,14.40682945536253,23.5,16066464720.622478,1.0,0.0
324,hff19,hff19_5,long-duration_electrical_50.0~-1.0_1.0,hff19_5_long-duration_electrical_50.0~-1.0_1.0_0,M,Ad,14.40682945536253,24.5,43673179097.646416,1.0,0.0
325,hff19,hff19_5,long-duration_electrical_50.0~-1.0_1.0,hff19_5_long-duration_electrical_50.0~-1.0_1.0_0,M,Ad,14.40682945536253,25.5,118716009132.16965,1.0,0.0
326,hff19,hff19_5,long-duration_electrical_50.0~-1.0_1.0,hff19_5_long-duration_electrical_50.0~-1.0_1.0_0,M,Ad,14.40682945536253,26.5,322703570371.15485,1.0,0.0
327,hff19,hff19_5,long-duration_electrical_50.0~-1.0_1.0,hff19_5_long-duration_electrical_50.0~-1.0_1.0_0,M,Ad,14.40682945536253,27.5,877199251318.7649,1.0,0.0
328,hff19,hff19_5,long-duration_electrical_50.0~-1.0_1.0,hff19_5_long-duration_electrical_50.0~-1.0_1.0_0,M,Ad,14.40682945536253,28.5,2384474784797.6777,1.0,0.0
329,hff19,hff19_5,long-duration_electrical_50.0~-1.0_1.0,hff19_5_long-duration_electrical_50.0~-1.0_1.0_0,M,Ad,14.40682945536253,29.5,6481674477934.32,1.0,0.0
330,hff19,hff19_5,long-duration_electrical_50.0~-1.0_1.0,hff19_5_long-duration_electrical_50.0~-1.0_1.0_0,M,Ad,14.40682945536253,30.5,17619017951355.633,1.0,0.0
331,hff19,hff19_5,long-duration_electrical_50.0~-1.0_1.0,hff19_5_long-duration_electrical_50.0~-1.0_1.0_0,M,Ad,14.40682945536253,31.5,47893456332463.73,1.0,0.0
332,hff19,hff19_5,long-duration_electrical_50.0~-1.0_1.0,hff19_5_long-duration_electrical_50.0~-1.0_1.0_0,M,Ad,14.40682945536253,32.5,130187912050632.94,1.0,0.0
333,hff19,hff19_5,long-duration_electrical_50.0~-1.0_1.0,hff19_5_long-duration_electrical_50.0~-1.0_1.0_0,M,Ad,14.40682945536253,33.5,353887435612259.9,1.0,0.0
334,hff19,hff19_5,long-duration_electrical_50.0~-1.0_1.0,hff19_5_long-duration_electrical_50.0~-1.0_1.0_0,M,Ad,14.40682945536253,34.5,961965785544776.4,1.0,0.0
335,hff19,hff19_5,long-duration_electrical_50.0~-1.0_1.0,hff19_5_long-duration_electrical_50.0~-1.0_1.0_0,M,Ad,14.40682945536253,35.5,2614894114445696.5,1.0,0.0
336,hff19,hff19_5,long-duration_electrical_50.0~-1.0_1.0,hff19_5_long-duration_electrical_50.0~-1.0_1.0_0,M,Ad,14.40682945536253,36.5,7108019154642244.0,1.0,0.0
337,hff19,hff19_5,long-duration_electrical_50.0~-1.0_1.0,hff19_5_long-duration_electrical_50.0~-1.0_1.0_0,M,Ad,14.40682945536253,37.5,1.9321599304402836e+16,1.0,0.0
338,hff19,hff19_5,long-duration_electrical_50.0~-1.0_1.0,hff19_5_long-duration_electrical_50.0~-1.0_1.0_0,M,Ad,14.40682945536253,38.5,5.252155228592516e+16,1.0,0.0
339,hff19,hff19_5,long-duration_electrical_50.0~-1.0_1.0,hff19_5_long-duration_electrical_50.0~-1.0_1.0_0,M,Ad,14.40682945536253,39.5,1.4276838118129198e+17,1.0,0.0
340,hff19,hff19_5,long-duration_electrical_50.0~-1.0_1.0,hff19_5_long-duration_electrical_50.0~-1.0_1.0_0,M,Ad,14.40682945536253,40.5,3.8808469624362035e+17,0.98,-0.020202707317519466
341,hff19,hff19_5,long-duration_electrical_50.0~-1.0_1.0,hff19_5_long-duration_electrical_50.0~-1.0_1.0_0,M,Ad,14.40682945536253,41.5,1.0549235777020814e+18,0.98,-0.020202707317519466
342,hff19,hff19_5,long-duration_electrical_50.0~-1.0_1.0,hff19_5_long-duration_electrical_50.0~-1.0_1.0_0,M,Ad,14.40682945536253,42.5,2.8675795916805714e+18,1.0,0.0
343,hff19,hff19_5,long-duration_electrical_50.0~-1.0_1.0,hff19_5_long-duration_electrical_50.0~-1.0_1.0_0,M,Ad,14.40682945536253,43.5,7.794889495725307e+18,1.0,0.0
344,hff19,hff19_5,long-duration_electrical_50.0~-1.0_1.0,hff19_5_long-duration_electrical_50.0~-1.0_1.0_0,M,Ad,14.40682945536253,44.5,2.118870647107639e+19,1.0,0.0
345,hff19,hff19_5,long-duration_electrical_50.0~-1.0_1.0,hff19_5_long-duration_electrical_50.0~-1.0_1.0_0,M,Ad,14.40682945536253,45.5,5.759687576887954e+19,1.0,0.0
346,hff19,hff19_5,long-duration_electrical_50.0~-1.0_1.0,hff19_5_long-duration_electrical_50.0~-1.0_1.0_0,M,Ad,14.40682945536253,46.5,1.5656454077855836e+20,1.0,0.0
347,hff19,hff19_5,long-duration_electrical_50.0~-1.0_1.0,hff19_5_long-duration_electrical_50.0~-1.0_1.0_0,M,Ad,14.40682945536253,47.5,4.255865461793903e+20,1.0,0.0
348,hff19,hff19_5,long-duration_electrical_50.0~-1.0_1.0,hff19_5_long-duration_electrical_50.0~-1.0_1.0_0,M,Ad,14.40682945536253,48.5,1.156864174916083e+21,0.98,-0.020202707317519466
349,hff19,hff19_5,long-duration_electrical_50.0~-1.0_1.0,hff19_5_long-duration_electrical_50.0~-1.0_1.0_0,M,Ad,14.40682945536253,49.5,3.144682864669655e+21,0.96,-0.040821994520255166
350,hff19,hff19_5,long-duration_electrical_50.0~-1.0_1.0,hff19_5_long-duration_electrical_50.0~-1.0_1.0_0,M,Ad,14.40682945536253,50.5,8.548134287298057e+21,0.98,-0.020202707317519466
351,hff19,hff19_5,long-duration_electrical_50.0~-1.0_1.0,hff19_5_long-duration_electrical_50.0~-1.0_1.0_0,M,Ad,14.40682945536253,51.5,2.3236238100390023e+22,0.96,-0.040821994520255166
352,hff19,hff19_5,long-duration_electrical_50.0~-1.0_1.0,hff19_5_long-duration_electrical_50.0~-1.0_1.0_0,M,Ad,14.40682945536253,52.5,6.316264379003792e+22,0.96,-0.040821994520255166
353,hff19,hff19_5,long-duration_electrical_50.0~-1.0_1.0,hff19_5_long-duration_electrical_50.0~-1.0_1.0_0,M,Ad,14.40682945536253,53.5,1.7169386685189163e+23,1.0,0.0
354,hff19,hff19_5,long-duration_electrical_50.0~-1.0_1.0,hff19_5_long-duration_electrical_50.0~-1.0_1.0_0,M,Ad,14.40682945536253,54.5,4.667123183213639e+23,1.0,0.0
355,hff19,hff19_5,long-duration_electrical_50.0~-1.0_1.0,hff19_5_long-duration_electrical_50.0~-1.0_1.0_0,M,Ad,14.40682945536253,55.5,1.2686556140109568e+24,0.96,-0.040821994520255166
356,hff19,hff19_5,long-duration_electrical_50.0~-1.0_1.0,hff19_5_long-duration_electrical_50.0~-1.0_1.0_0,M,Ad,14.40682945536253,56.5,3.4485635021385364e+24,0.98,-0.020202707317519466
357,hff19,hff19_5,long-duration_electrical_50.0~-1.0_1.0,hff19_5_long-duration_electrical_50.0~-1.0_1.0_0,M,Ad,14.40682945536253,57.5,9.37416750215027e+24,1.0,0.0
358,hff19,hff19_5,long-duration_electrical_50.0~-1.0_1.0,hff19_5_long-duration_electrical_50.0~-1.0_1.0_0,M,Ad,14.40682945536253,58.5,2.5481629178026397e+25,0.94,-0.06187540371808753
359,hff19,hff19_5,long-duration_electrical_50.0~-1.0_1.0,hff19_5_long-duration_electrical_50.0~-1.0_1.0_0,M,Ad,14.40682945536253,59.5,6.926624955416095e+25,1.0,0.0
360,hff19,hff19_5,long-duration_electrical_50.0~-1.0_1.0,hff19_5_long-duration_electrical_50.0~-1.0_1.0_0,M,Ad,14.40682945536253,60.5,1.8828518748858514e+26,0.94,-0.06187540371808753
361,hff19,hff19_5,long-duration_electrical_50.0~-1.0_1.0,hff19_5_long-duration_electrical_50.0~-1.0_1.0_0,M,Ad,14.40682945536253,61.5,5.118122037182254e+26,0.9,-0.10536051565782628
362,hff19,hff19_5,long-duration_electrical_50.0~-1.0_1.0,hff19_5_long-duration_electrical_50.0~-1.0_1.0_0,M,Ad,14.40682945536253,62.5,1.391249812950831e+27,0.96,-0.040821994520255166
363,hff19,hff19_5,long-duration_electrical_50.0~-1.0_1.0,hff19_5_long-duration_electrical_50.0~-1.0_1.0_0,M,Ad,14.40682945536253,63.5,3.7818090853912897e+27,0.96,-0.040821994520255166
364,hff19,hff19_5,long-duration_electrical_50.0~-1.0_1.0,hff19_5_long-duration_electrical_50.0~-1.0_1.0_0,M,Ad,14.40682945536253,64.5,1.0280022915520465e+28,0.94,-0.06187540371808753
365,hff19,hff19_5,long-duration_electrical_50.0~-1.0_1.0,hff19_5_long-duration_electrical_50.0~-1.0_1.0_0,M,Ad,14.40682945536253,65.5,2.7943999487401853e+28,0.96,-0.040821994520255166
366,hff19,hff19_5,long-duration_electrical_50.0~-1.0_1.0,hff19_5_long-duration_electrical_50.0~-1.0_1.0_0,M,Ad,14.40682945536253,66.5,7.595966602107334e+28,0.92,-0.08338160893905101
367,hff19,hff19_5,long-duration_electrical_50.0~-1.0_1.0,hff19_5_long-duration_electrical_50.0~-1.0_1.0_0,M,Ad,14.40682945536253,67.5,2.0647977984090163e+29,0.9,-0.10536051565782628
368,hff19,hff19_5,long-duration_electrical_50.0~-1.0_1.0,hff19_5_long-duration_electrical_50.0~-1.0_1.0_0,M,Ad,14.40682945536253,68.5,5.612702334857472e+29,0.96,-0.040821994520255166
369,hff19,hff19_5,long-duration_electrical_50.0~-1.0_1.0,hff19_5_long-duration_electrical_50.0~-1.0_1.0_0,M,Ad,14.40682945536253,69.5,1.5256906765392722e+30,0.94,-0.06187540371808753
370,hff19,hff19_5,long-duration_electrical_50.0~-1.0_1.0,hff19_5_long-duration_electrical_50.0~-1.0_1.0_0,M,Ad,14.40682945536253,70.5,4.1472572418860906e+30,0.94,-0.06187540371808753
371,hff19,hff19_5,long-duration_electrical_50.0~-1.0_1.0,hff19_5_long-duration_electrical_50.0~-1.0_1.0_0,M,Ad,14.40682945536253,71.5,1.1273413998564138e+31,0.92,-0.08338160893905101
372,hff19,hff19_5,long-duration_electrical_50.0~-1.0_1.0,hff19_5_long-duration_electrical_50.0~-1.0_1.0_0,M,Ad,14.40682945536253,72.5,3.0644316416992722e+31,0.98,-0.020202707317519466
373,hff19,hff19_5,long-duration_electrical_50.0~-1.0_1.0,hff19_5_long-duration_electrical_50.0~-1.0_1.0_0,M,Ad,14.40682945536253,73.5,8.329988846186052e+31,0.96,-0.040821994520255166
374,hff19,hff19_5,long-duration_electrical_50.0~-1.0_1.0,hff19_5_long-duration_electrical_50.0~-1.0_1.0_0,M,Ad,14.40682945536253,74.5,2.2643257311854073e+32,0.96,-0.040821994520255166
375,hff19,hff19_5,long-duration_electrical_50.0~-1.0_1.0,hff19_5_long-duration_electrical_50.0~-1.0_1.0_0,M,Ad,14.40682945536253,75.5,6.155075488793534e+32,0.92,-0.08338160893905101
376,hff19,hff19_5,long-duration_electrical_50.0~-1.0_1.0,hff19_5_long-duration_electrical_50.0~-1.0_1.0_0,M,Ad,14.40682945536253,76.5,1.6731229853981137e+33,0.96,-0.040821994520255166
377,hff19,hff19_5,long-duration_electrical_50.0~-1.0_1.0,hff19_5_long-duration_electrical_50.0~-1.0_1.0_0,M,Ad,14.40682945536253,77.5,4.5480198079848415e+33,0.98,-0.020202707317519466
378,hff19,hff19_5,long-duration_electrical_50.0~-1.0_1.0,hff19_5_long-duration_electrical_50.0~-1.0_1.0_0,M,Ad,14.40682945536253,78.5,1.236279959951699e+34,0.88,-0.12783337150988489
379,hff19,hff19_5,long-duration_electrical_50.0~-1.0_1.0,hff19_5_long-duration_electrical_50.0~-1.0_1.0_0,M,Ad,14.40682945536253,79.5,3.36055735002478e+34,0.9,-0.10536051565782628
380,hff19,hff19_5,long-duration_electrical_50.0~-1.0_1.0,hff19_5_long-duration_electrical_50.0~-1.0_1.0_0,M,Ad,14.40682945536253,80.5,9.134941978066843e+34,0.94,-0.06187540371808753
381,hff19,hff19_5,long-duration_electrical_50.0~-1.0_1.0,hff19_5_long-duration_electrical_50.0~-1.0_1.0_0,M,Ad,14.40682945536253,81.5,2.4831346783006824e+35,0.88,-0.12783337150988489
382,hff19,hff19_5,long-duration_electrical_50.0~-1.0_1.0,hff19_5_long-duration_electrical_50.0~-1.0_1.0_0,M,Ad,14.40682945536253,82.5,6.749859873641241e+35,0.94,-0.06187540371808753
383,hff19,hff19_5,long-duration_electrical_50.0~-1.0_1.0,hff19_5_long-duration_electrical_50.0~-1.0_1.0_0,M,Ad,14.40682945536253,83.5,1.8348021439163853e+36,0.84,-0.1743533871447778
384,hff19,hff19_5,long-duration_electrical_50.0~-1.0_1.0,hff19_5_long-duration_electrical_50.0~-1.0_1.0_0,M,Ad,14.40682945536253,84.5,4.9875093266256084e+36,0.86,-0.15082288973458366
385,hff19,hff19_5,long-duration_electrical_50.0~-1.0_1.0,hff19_5_long-duration_electrical_50.0~-1.0_1.0_0,M,Ad,14.40682945536253,85.5,1.35574559718364e+37,0.86,-0.15082288973458366
386,hff19,hff19_5,long-duration_electrical_50.0~-1.0_1.0,hff19_5_long-duration_electrical_50.0~-1.0_1.0_0,M,Ad,14.40682945536253,86.5,3.685298620837645e+37,0.84,-0.1743533871447778
387,hff19,hff19_5,long-duration_electrical_50.0~-1.0_1.0,hff19_5_long-duration_electrical_50.0~-1.0_1.0_0,M,Ad,14.40682945536253,87.5,1.0017680273468151e+38,0.78,-0.2484613592984996
388,hff19,hff19_5,long-duration_electrical_50.0~-1.0_1.0,hff19_5_long-duration_electrical_50.0~-1.0_1.0_0,M,Ad,14.40682945536253,88.5,2.7230878250681117e+38,0.82,-0.19845093872383832
389,hff19,hff19_5,long-duration_electrical_50.0~-1.0_1.0,hff19_5_long-duration_electrical_50.0~-1.0_1.0_0,M,Ad,14.40682945536253,89.5,7.402120152180711e+38,0.76,-0.2744368457017603
390,hff19,hff19_5,long-duration_electrical_50.0~-1.0_1.0,hff19_5_long-duration_electrical_50.0~-1.0_1.0_0,M,Ad,14.40682945536253,90.5,2.012104870174333e+39,0.84,-0.1743533871447778
391,hff19,hff19_5,long-duration_electrical_50.0~-1.0_1.0,hff19_5_long-duration_electrical_50.0~-1.0_1.0_0,M,Ad,14.40682945536253,91.5,5.469468105548836e+39,0.94,-0.06187540371808753
392,hff19,hff19_5,long-duration_electrical_50.0~-1.0_1.0,hff19_5_long-duration_electrical_50.0~-1.0_1.0_0,M,Ad,14.40682945536253,92.5,1.486755576264972e+40,0.9,-0.10536051565782628
393,hff19,hff19_5,long-duration_electrical_50.0~-1.0_1.0,hff19_5_long-duration_electrical_50.0~-1.0_1.0_0,M,Ad,14.40682945536253,93.5,4.041420666321229e+40,0.92,-0.08338160893905101
394,hff19,hff19_5,long-duration_electrical_50.0~-1.0_1.0,hff19_5_long-duration_electrical_50.0~-1.0_1.0_0,M,Ad,14.40682945536253,94.5,1.0985720358419844e+41,0.94,-0.06187540371808753
395,hff19,hff19_5,long-duration_electrical_50.0~-1.0_1.0,hff19_5_long-duration_electrical_50.0~-1.0_1.0_0,M,Ad,14.40682945536253,95.5,2.9862284022825254e+41,0.88,-0.12783337150988489
396,hff19,hff19_5,long-duration_electrical_50.0~-1.0_1.0,hff19_5_long-duration_electrical_50.0~-1.0_1.0_0,M,Ad,14.40682945536253,96.5,8.117410401552875e+41,0.88,-0.12783337150988489
397,hff19,hff19_5,long-duration_electrical_50.0~-1.0_1.0,hff19_5_long-duration_electrical_50.0~-1.0_1.0_0,M,Ad,14.40682945536253,97.5,2.2065409188685626e+42,0.98,-0.020202707317519466
398,hff19,hff19_5,long-duration_electrical_50.0~-1.0_1.0,hff19_5_long-duration_electrical_50.0~-1.0_1.0_0,M,Ad,14.40682945536253,98.5,5.998000083511737e+42,0.94,-0.06187540371808753
399,hff19,hff19_5,long-duration_electrical_50.0~-1.0_1.0,hff19_5_long-duration_electrical_50.0~-1.0_1.0_0,M,Ad,14.40682945536253,99.5,1.6304254634105793e+43,0.96,-0.040821994520255166
400,hff19,hff19_5,long-duration_electrical_50.0~-1.0_1.0,hff19_5_long-duration_electrical_50.0~-1.0_1.0_0,M,Ad,14.40682945536253,100.5,4.4319559098458955e+43,0.96,-0.040821994520255166
401,hff19,hff19_5,long-duration_electrical_50.0~-1.0_1.0,hff19_5_long-duration_electrical_50.0~-1.0_1.0_0,M,Ad,14.40682945536253,101.5,1.2047305214265772e+44,0.94,-0.06187540371808753
402,hff19,hff19_5,long-duration_electrical_50.0~-1.0_1.0,hff19_5_long-duration_electrical_50.0~-1.0_1.0_0,M,Ad,14.40682945536253,102.5,3.274797084583855e+44,0.9,-0.10536051565782628
403,hff19,hff19_5,long-duration_electrical_50.0~-1.0_1.0,hff19_5_long-duration_electrical_50.0~-1.0_1.0_0,M,Ad,14.40682945536253,103.5,8.901821406914952e+44,0.88,-0.12783337150988489
404,hff19,hff19_5,long-duration_electrical_50.0~-1.0_1.0,hff19_5_long-duration_electrical_50.0~-1.0_1.0_0,M,Ad,14.40682945536253,104.5,2.419765937060465e+45,0.94,-0.06187540371808753
405,hff19,hff19_5,long-duration_electrical_50.0~-1.0_1.0,hff19_5_long-duration_electrical_50.0~-1.0_1.0_0,M,Ad,14.40682945536253,105.5,6.577605775835635e+45,0.92,-0.08338160893905101
406,hff19,hff19_5,long-duration_electrical_50.0~-1.0_1.0,hff19_5_long-duration_electrical_50.0~-1.0_1.0_0,M,Ad,14.40682945536253,106.5,1.7879786255221268e+46,0.96,-0.040821994520255166
407,hff19,hff19_5,long-duration_electrical_50.0~-1.0_1.0,hff19_5_long-duration_electrical_50.0~-1.0_1.0_0,M,Ad,14.40682945536253,107.5,4.860229807429978e+46,0.88,-0.12783337150988489
408,hff19,hff19_5,long-duration_electrical_50.0~-1.0_1.0,hff19_5_long-duration_electrical_50.0~-1.0_1.0_0,M,Ad,14.40682945536253,108.5,1.3211474367671912e+47,0.86,-0.15082288973458366
409,hff19,hff19_5,long-duration_electrical_50.0~-1.0_1.0,hff19_5_long-duration_electrical_50.0~-1.0_1.0_0,M,Ad,14.40682945536253,109.5,3.591251070079501e+47,0.9,-0.10536051565782628
410,hff19,hff19_5,long-duration_electrical_50.0~-1.0_1.0,hff19_5_long-duration_electrical_50.0~-1.0_1.0_0,M,Ad,14.40682945536253,110.5,9.76203252523121e+47,0.98,-0.020202707317519466
411,hff19,hff19_5,long-duration_electrical_50.0~-1.0_1.0,hff19_5_long-duration_electrical_50.0~-1.0_1.0_0,M,Ad,14.40682945536253,111.5,2.6535955622162162e+48,0.86,-0.15082288973458366
412,hff19,hff19_5,long-duration_electrical_50.0~-1.0_1.0,hff19_5_long-duration_electrical_50.0~-1.0_1.0_0,M,Ad,14.40682945536253,112.5,7.213220596851904e+48,0.92,-0.08338160893905101
413,hff19,hff19_5,long-duration_electrical_50.0~-1.0_1.0,hff19_5_long-duration_electrical_50.0~-1.0_1.0_0,M,Ad,14.40682945536253,113.5,1.960756647308904e+49,0.9,-0.10536051565782628
414,hff19,hff19_5,long-duration_electrical_50.0~-1.0_1.0,hff19_5_long-duration_electrical_50.0~-1.0_1.0_0,M,Ad,14.40682945536253,114.5,5.329889164410075e+49,0.92,-0.08338160893905101
415,hff19,hff19_5,long-duration_electrical_50.0~-1.0_1.0,hff19_5_long-duration_electrical_50.0~-1.0_1.0_0,M,Ad,14.40682945536253,115.5,1.4488140863316671e+50,0.96,-0.040821994520255166
416,hff19,hff19_5,long-duration_electrical_50.0~-1.0_1.0,hff19_5_long-duration_electrical_50.0~-1.0_1.0_0,M,Ad,14.40682945536253,116.5,3.9382850036908655e+50,0.94,-0.06187540371808753
417,hff19,hff19_5,long-duration_electrical_50.0~-1.0_1.0,hff19_5_long-duration_electrical_50.0~-1.0_1.0_0,M,Ad,14.40682945536253,117.5,1.0705368560825642e+51,0.96,-0.040821994520255166
418,hff19,hff19_5,long-duration_electrical_50.0~-1.0_1.0,hff19_5_long-duration_electrical_50.0~-1.0_1.0_0,M,Ad,14.40682945536253,118.5,2.9100208825849106e+51,0.92,-0.08338160893905101
419,hff19,hff19_5,long-duration_electrical_50.0~-1.0_1.0,hff19_5_long-duration_electrical_50.0~-1.0_1.0_0,M,Ad,14.40682945536253,119.5,7.910256885566915e+51,0.92,-0.08338160893905101
420,hff19,hff19_5,long-duration_electrical_50.0~-1.0_1.0,hff19_5_long-duration_electrical_50.0~-1.0_1.0_0,M,Ad,14.40682945536253,120.5,2.1502307550479586e+52,0.94,-0.06187540371808753
421,hff19,hff19_5,long-duration_electrical_50.0~-1.0_1.0,hff19_5_long-duration_electrical_50.0~-1.0_1.0_0,M,Ad,14.40682945536253,121.5,5.844933188440638e+52,0.9,-0.10536051565782628
422,hff19,hff19_5,long-duration_electrical_50.0~-1.0_1.0,hff19_5_long-duration_electrical_50.0~-1.0_1.0_0,M,Ad,14.40682945536253,122.5,1.5888175674695377e+53,0.86,-0.15082288973458366
423,hff19,hff19_5,long-duration_electrical_50.0~-1.0_1.0,hff19_5_long-duration_electrical_50.0~-1.0_1.0_0,M,Ad,14.40682945536253,123.5,4.3188539223889476e+53,0.86,-0.15082288973458366
424,hff19,hff19_5,long-duration_electrical_50.0~-1.0_1.0,hff19_5_long-duration_electrical_50.0~-1.0_1.0_0,M,Ad,14.40682945536253,124.5,1.1739862136998947e+54,0.92,-0.08338160893905101
425,hff19,hff19_5,long-duration_electrical_50.0~-1.0_1.0,hff19_5_long-duration_electrical_50.0~-1.0_1.0_0,M,Ad,14.40682945536253,125.5,3.191225391561861e+54,0.84,-0.1743533871447778
426,hff19,hff19_5,long-duration_electrical_50.0~-1.0_1.0,hff19_5_long-duration_electrical_50.0~-1.0_1.0_0,M,Ad,14.40682945536253,126.5,8.674649992399708e+54,0.78,-0.2484613592984996
427,hff19,hff19_5,long-duration_electrical_50.0~-1.0_1.0,hff19_5_long-duration_electrical_50.0~-1.0_1.0_0,M,Ad,14.40682945536253,127.5,2.3580143442582524e+55,0.92,-0.08338160893905101
428,hff19,hff19_5,long-duration_electrical_50.0~-1.0_1.0,hff19_5_long-duration_electrical_50.0~-1.0_1.0_0,M,Ad,14.40682945536253,128.5,6.409747543242979e+55,0.86,-0.15082288973458366
429,hff19,hff19_5,long-duration_electrical_50.0~-1.0_1.0,hff19_5_long-duration_electrical_50.0~-1.0_1.0_0,M,Ad,14.40682945536253,129.5,1.7423500271807397e+56,0.86,-0.15082288973458366
430,hff19,hff19_5,long-duration_electrical_50.0~-1.0_1.0,hff19_5_long-duration_electrical_50.0~-1.0_1.0_0,M,Ad,14.40682945536253,130.5,4.736198417700528e+56,0.78,-0.2484613592984996
431,hff19,hff19_5,long-duration_electrical_50.0~-1.0_1.0,hff19_5_long-duration_electrical_50.0~-1.0_1.0_0,M,Ad,14.40682945536253,131.5,1.287432209481183e+57,0.88,-0.12783337150988489
432,hff19,hff19_5,long-duration_electrical_50.0~-1.0_1.0,hff19_5_long-duration_electrical_50.0~-1.0_1.0_0,M,Ad,14.40682945536253,132.5,3.4996035804055786e+57,0.8,-0.2231435513142097
433,hff19,hff19_5,long-duration_electrical_50.0~-1.0_1.0,hff19_5_long-duration_electrical_50.0~-1.0_1.0_0,M,Ad,14.40682945536253,133.5,9.512908819426697e+57,0.86,-0.15082288973458366
434,hff19,hff19_5,long-duration_electrical_50.0~-1.0_1.0,hff19_5_long-duration_electrical_50.0~-1.0_1.0_0,M,Ad,14.40682945536253,134.5,2.585876717963538e+58,0.86,-0.15082288973458366
435,hff19,hff19_5,long-duration_electrical_50.0~-1.0_1.0,hff19_5_long-duration_electrical_50.0~-1.0_1.0_0,M,Ad,14.40682945536253,135.5,7.029141693075601e+58,0.82,-0.19845093872383832
436,hff19,hff19_5,long-duration_electrical_50.0~-1.0_1.0,hff19_5_long-duration_electrical_50.0~-1.0_1.0_0,M,Ad,14.40682945536253,136.5,1.9107188133951252e+59,0.9,-0.10536051565782628
437,hff19,hff19_5,long-duration_electrical_50.0~-1.0_1.0,hff19_5_long-duration_electrical_50.0~-1.0_1.0_0,M,Ad,14.40682945536253,137.5,5.193872229746799e+59,0.9,-0.10536051565782628
438,hff19,hff19_5,long-duration_electrical_50.0~-1.0_1.0,hff19_5_long-duration_electrical_50.0~-1.0_1.0_0,M,Ad,14.40682945536253,138.5,1.4118408501458785e+60,0.8,-0.2231435513142097
439,hff19,hff19_5,long-duration_electrical_50.0~-1.0_1.0,hff19_5_long-duration_electrical_50.0~-1.0_1.0_0,M,Ad,14.40682945536253,139.5,3.837781327627712e+60,0.8,-0.2231435513142097
440,hff19,hff19_5,long-duration_electrical_50.0~-1.0_1.0,hff19_5_long-duration_electrical_50.0~-1.0_1.0_0,M,Ad,14.40682945536253,140.5,1.0432171244489838e+61,0.86,-0.15082288973458366
441,hff19,hff19_5,long-duration_electrical_50.0~-1.0_1.0,hff19_5_long-duration_electrical_50.0~-1.0_1.0_0,M,Ad,14.40682945536253,141.5,2.835758152526971e+61,0.88,-0.12783337150988489
442,hff19,hff19_5,long-duration_electrical_50.0~-1.0_1.0,hff19_5_long-duration_electrical_50.0~-1.0_1.0_0,M,Ad,14.40682945536253,142.5,7.708389855918659e+61,0.94,-0.06187540371808753
443,hff19,hff19_5,long-duration_electrical_50.0~-1.0_1.0,hff19_5_long-duration_electrical_50.0~-1.0_1.0_0,M,Ad,14.40682945536253,143.5,2.095357607202173e+62,0.94,-0.06187540371808753
444,hff19,hff19_5,long-duration_electrical_50.0~-1.0_1.0,hff19_5_long-duration_electrical_50.0~-1.0_1.0_0,M,Ad,14.40682945536253,144.5,5.6957725077810925e+62,0.88,-0.12783337150988489
445,hff19,hff19_5,long-duration_electrical_50.0~-1.0_1.0,hff19_5_long-duration_electrical_50.0~-1.0_1.0_0,M,Ad,14.40682945536253,145.5,1.548271490693795e+63,0.98,-0.020202707317519466
446,hff19,hff19_5,long-duration_electrical_50.0~-1.0_1.0,hff19_5_long-duration_electrical_50.0~-1.0_1.0_0,M,Ad,14.40682945536253,146.5,4.20863825867414e+63,0.94,-0.06187540371808753
447,hff19,hff19_5,long-duration_electrical_50.0~-1.0_1.0,hff19_5_long-duration_electrical_50.0~-1.0_1.0_0,M,Ad,14.40682945536253,147.5,1.1440264901111434e+64,0.88,-0.12783337150988489
448,hff19,hff19_5,long-duration_electrical_50.0~-1.0_1.0,hff19_5_long-duration_electrical_50.0~-1.0_1.0_0,M,Ad,14.40682945536253,148.5,3.109786419344903e+64,0.86,-0.15082288973458366
449,hff19,hff19_5,long-duration_electrical_50.0~-1.0_1.0,hff19_5_long-duration_electrical_50.0~-1.0_1.0_0,M,Ad,14.40682945536253,149.5,8.45327591409397e+64,0.88,-0.12783337150988489
450,hff19,hff19_5,long-duration_electrical_50.0~-1.0_1.0,hff19_5_long-duration_electrical_50.0~-1.0_1.0_0,M,Ad,14.40682945536253,150.5,2.297838630823216e+65,0.94,-0.06187540371808753
451,hff19,hff19_5,long-duration_electrical_50.0~-1.0_1.0,hff19_5_long-duration_electrical_50.0~-1.0_1.0_0,M,Ad,14.40682945536253,151.5,6.246172994897961e+65,0.96,-0.040821994520255166
452,hff19,hff19_5,long-duration_electrical_50.0~-1.0_1.0,hff19_5_long-duration_electrical_50.0~-1.0_1.0_0,M,Ad,14.40682945536253,152.5,1.6978858549442743e+66,0.9,-0.10536051565782628
453,hff19,hff19_5,long-duration_electrical_50.0~-1.0_1.0,hff19_5_long-duration_electrical_50.0~-1.0_1.0_0,M,Ad,14.40682945536253,153.5,4.6153322662926706e+66,0.88,-0.12783337150988489
454,hff19,hff19_5,long-duration_electrical_50.0~-1.0_1.0,hff19_5_long-duration_electrical_50.0~-1.0_1.0_0,M,Ad,14.40682945536253,154.5,1.254577383176407e+67,0.96,-0.040821994520255166
455,hff19,hff19_5,long-duration_electrical_50.0~-1.0_1.0,hff19_5_long-duration_electrical_50.0~-1.0_1.0_0,M,Ad,14.40682945536253,155.5,3.4102949030841276e+67,0.98,-0.020202707317519466
456,hff19,hff19_5,long-duration_electrical_50.0~-1.0_1.0,hff19_5_long-duration_electrical_50.0~-1.0_1.0_0,M,Ad,14.40682945536253,156.5,9.270142664740085e+67,0.94,-0.06187540371808753
457,hff19,hff19_5,long-duration_electrical_50.0~-1.0_1.0,hff19_5_long-duration_electrical_50.0~-1.0_1.0_0,M,Ad,14.40682945536253,157.5,2.5198860352785887e+68,0.8,-0.2231435513142097
458,hff19,hff19_5,long-duration_electrical_50.0~-1.0_1.0,hff19_5_long-duration_electrical_50.0~-1.0_1.0_0,M,Ad,14.40682945536253,158.5,6.849760419485496e+68,0.92,-0.08338160893905101
459,hff19,hff19_5,long-duration_electrical_50.0~-1.0_1.0,hff19_5_long-duration_electrical_50.0~-1.0_1.0_0,M,Ad,14.40682945536253,159.5,1.861957927758543e+69,0.94,-0.06187540371808753
460,hff19,hff19_5,long-duration_electrical_50.0~-1.0_1.0,hff19_5_long-duration_electrical_50.0~-1.0_1.0_0,M,Ad,14.40682945536253,160.5,5.0613264003813075e+69,0.88,-0.12783337150988489
461,hff19,hff19_5,long-duration_electrical_50.0~-1.0_1.0,hff19_5_long-duration_electrical_50.0~-1.0_1.0_0,M,Ad,14.40682945536253,161.5,1.3758111582056537e+70,0.92,-0.08338160893905101
462,hff19,hff19_5,long-duration_electrical_50.0~-1.0_1.0,hff19_5_long-duration_electrical_50.0~-1.0_1.0_0,M,Ad,14.40682945536253,162.5,3.7398424707416215e+70,0.86,-0.15082288973458366
463,hff19,hff19_5,long-duration_electrical_50.0~-1.0_1.0,hff19_5_long-duration_electrical_50.0~-1.0_1.0_0,M,Ad,14.40682945536253,163.5,1.0165945829516327e+71,0.92,-0.08338160893905101
464,hff19,hff19_5,long-duration_electrical_50.0~-1.0_1.0,hff19_5_long-duration_electrical_50.0~-1.0_1.0_0,M,Ad,14.40682945536253,164.5,2.763390581747325e+71,0.92,-0.08338160893905101
465,hff19,hff19_5,long-duration_electrical_50.0~-1.0_1.0,hff19_5_long-duration_electrical_50.0~-1.0_1.0_0,M,Ad,14.40682945536253,165.5,7.511674403298623e+71,0.98,-0.020202707317519466
466,hff19,hff19_5,long-duration_electrical_50.0~-1.0_1.0,hff19_5_long-duration_electrical_50.0~-1.0_1.0_0,M,Ad,14.40682945536253,166.5,2.0418848031787588e+72,0.98,-0.020202707317519466
467,hff19,hff19_5,long-duration_electrical_50.0~-1.0_1.0,hff19_5_long-duration_electrical_50.0~-1.0_1.0_0,M,Ad,14.40682945536253,167.5,5.550418356287494e+72,0.82,-0.19845093872383832
468,hff19,hff19_5,long-duration_electrical_50.0~-1.0_1.0,hff19_5_long-duration_electrical_50.0~-1.0_1.0_0,M,Ad,14.40682945536253,168.5,1.5087601358241818e+73,0.88,-0.12783337150988489
469,hff19,hff19_5,long-duration_electrical_50.0~-1.0_1.0,hff19_5_long-duration_electrical_50.0~-1.0_1.0_0,M,Ad,14.40682945536253,169.5,4.101235260714274e+73,0.96,-0.040821994520255166
470,hff19,hff19_5,long-duration_electrical_50.0~-1.0_1.0,hff19_5_long-duration_electrical_50.0~-1.0_1.0_0,M,Ad,14.40682945536253,170.5,1.1148313283435107e+74,1.0,0.0
471,hff19,hff19_5,long-duration_electrical_50.0~-1.0_1.0,hff19_5_long-duration_electrical_50.0~-1.0_1.0_0,M,Ad,14.40682945536253,171.5,3.030425741633024e+74,0.94,-0.06187540371808753
472,hff19,hff19_5,long-duration_electrical_50.0~-1.0_1.0,hff19_5_long-duration_electrical_50.0~-1.0_1.0_0,M,Ad,14.40682945536253,172.5,8.237551225975576e+74,0.98,-0.020202707317519466
473,hff19,hff19_5,long-duration_electrical_50.0~-1.0_1.0,hff19_5_long-duration_electrical_50.0~-1.0_1.0_0,M,Ad,14.40682945536253,173.5,2.239198580856994e+75,0.96,-0.040821994520255166
474,hff19,hff19_5,long-duration_electrical_50.0~-1.0_1.0,hff19_5_long-duration_electrical_50.0~-1.0_1.0_0,M,Ad,14.40682945536253,174.5,6.0867728126548485e+75,0.96,-0.040821994520255166
475,hff19,hff19_5,long-duration_electrical_50.0~-1.0_1.0,hff19_5_long-duration_electrical_50.0~-1.0_1.0_0,M,Ad,14.40682945536253,175.5,1.6545563930598225e+76,1.0,0.0
476,hff19,hff19_5,long-duration_electrical_50.0~-1.0_1.0,hff19_5_long-duration_electrical_50.0~-1.0_1.0_0,M,Ad,14.40682945536253,176.5,4.4975505774152577e+76,1.0,0.0
477,hff19,hff19_5,long-duration_electrical_50.0~-1.0_1.0,hff19_5_long-duration_electrical_50.0~-1.0_1.0_0,M,Ad,14.40682945536253,177.5,1.222561000716338e+77,0.98,-0.020202707317519466
478,hff19,hff19_5,long-duration_electrical_50.0~-1.0_1.0,hff19_5_long-duration_electrical_50.0~-1.0_1.0_0,M,Ad,14.40682945536253,178.5,3.323265352429928e+77,0.98,-0.020202707317519466
479,hff19,hff19_5,long-duration_electrical_50.0~-1.0_1.0,hff19_5_long-duration_electrical_50.0~-1.0_1.0_0,M,Ad,14.40682945536253,179.5,9.033571818657817e+77,0.96,-0.040821994520255166
480,hff19,hff19_5,long-duration_electrical_50.0~-1.0_1.0,hff19_5_long-duration_electrical_50.0~-1.0_1.0_0,M,Ad,14.40682945536253,180.5,2.455579412073727e+78,0.98,-0.020202707317519466
481,hff19,hff19_5,long-duration_electrical_50.0~-1.0_1.0,hff19_5_long-duration_electrical_50.0~-1.0_1.0_0,M,Ad,14.40682945536253,181.5,6.674956894178159e+78,0.94,-0.06187540371808753
482,hff19,hff19_5,long-duration_electrical_50.0~-1.0_1.0,hff19_5_long-duration_electrical_50.0~-1.0_1.0_0,M,Ad,14.40682945536253,182.5,1.8144414031191914e+79,0.96,-0.040821994520255166
483,hff19,hff19_5,long-duration_electrical_50.0~-1.0_1.0,hff19_5_long-duration_electrical_50.0~-1.0_1.0_0,M,Ad,14.40682945536253,183.5,4.932163094902632e+79,0.94,-0.06187540371808753
484,hff19,hff19_5,long-duration_electrical_50.0~-1.0_1.0,hff19_5_long-duration_electrical_50.0~-1.0_1.0_0,M,Ad,14.40682945536253,184.5,1.3407009315870148e+80,0.94,-0.06187540371808753
485,hff19,hff19_5,long-duration_electrical_50.0~-1.0_1.0,hff19_5_long-duration_electrical_50.0~-1.0_1.0_0,M,Ad,14.40682945536253,185.5,3.6444029797310963e+80,0.96,-0.040821994520255166
486,hff19,hff19_5,long-duration_electrical_50.0~-1.0_1.0,hff19_5_long-duration_electrical_50.0~-1.0_1.0_0,M,Ad,14.40682945536253,186.5,9.906514395385036e+80,0.96,-0.040821994520255166
487,hff19,hff19_5,long-duration_electrical_50.0~-1.0_1.0,hff19_5_long-duration_electrical_50.0~-1.0_1.0_0,M,Ad,14.40682945536253,187.5,2.692869806434309e+81,1.0,0.0
488,hff19,hff19_5,long-duration_electrical_50.0~-1.0_1.0,hff19_5_long-duration_electrical_50.0~-1.0_1.0_0,M,Ad,14.40682945536253,188.5,7.319979061236409e+81,0.94,-0.06187540371808753
489,hff19,hff19_5,long-duration_electrical_50.0~-1.0_1.0,hff19_5_long-duration_electrical_50.0~-1.0_1.0_0,M,Ad,14.40682945536253,189.5,1.989776606685963e+82,0.92,-0.08338160893905101
490,hff19,hff19_5,long-duration_electrical_50.0~-1.0_1.0,hff19_5_long-duration_electrical_50.0~-1.0_1.0_0,M,Ad,14.40682945536253,190.5,5.408773592647354e+82,0.96,-0.040821994520255166
491,hff19,hff19_5,long-duration_electrical_50.0~-1.0_1.0,hff19_5_long-duration_electrical_50.0~-1.0_1.0_0,M,Ad,14.40682945536253,191.5,1.470257097114245e+83,0.94,-0.06187540371808753
492,hff19,hff19_5,long-duration_electrical_50.0~-1.0_1.0,hff19_5_long-duration_electrical_50.0~-1.0_1.0_0,M,Ad,14.40682945536253,192.5,3.9965731502485976e+83,0.96,-0.040821994520255166
493,hff19,hff19_5,long-duration_electrical_50.0~-1.0_1.0,hff19_5_long-duration_electrical_50.0~-1.0_1.0_0,M,Ad,14.40682945536253,193.5,1.0863812170428086e+84,0.9,-0.10536051565782628
494,hff19,hff19_5,long-duration_electrical_50.0~-1.0_1.0,hff19_5_long-duration_electrical_50.0~-1.0_1.0_0,M,Ad,14.40682945536253,194.5,2.9530903210666885e+84,0.96,-0.040821994520255166
495,hff19,hff19_5,long-duration_electrical_50.0~-1.0_1.0,hff19_5_long-duration_electrical_50.0~-1.0_1.0_0,M,Ad,14.40682945536253,195.5,8.027331757553867e+84,0.92,-0.08338160893905101
496,hff19,hff19_5,long-duration_electrical_50.0~-1.0_1.0,hff19_5_long-duration_electrical_50.0~-1.0_1.0_0,M,Ad,14.40682945536253,196.5,2.1820550047570884e+85,0.94,-0.06187540371808753
497,hff19,hff19_5,long-duration_electrical_50.0~-1.0_1.0,hff19_5_long-duration_electrical_50.0~-1.0_1.0_0,M,Ad,14.40682945536253,197.5,5.931440468129309e+85,0.96,-0.040821994520255166
498,hff19,hff19_5,long-duration_electrical_50.0~-1.0_1.0,hff19_5_long-duration_electrical_50.0~-1.0_1.0_0,M,Ad,14.40682945536253,198.5,1.6123326841102515e+86,0.98,-0.020202707317519466
499,hff19,hff19_5,long-duration_electrical_50.0~-1.0_1.0,hff19_5_long-duration_electrical_50.0~-1.0_1.0_0,M,Ad,14.40682945536253,199.5,4.3827746366474943e+86,0.86,-0.15082288973458366
500,hff19,hff19_5,long-duration_electrical_50.0~-1.0_1.0,hff19_5_long-duration_electrical_50.0~-1.0_1.0_0,M,Ad,14.40682945536253,200.5,1.1913616653030078e+87,0.88,-0.12783337150988489
501,hff19,hff19_5,long-duration_electrical_50.0~-1.0_1.0,hff19_5_long-duration_electrical_50.0~-1.0_1.0_0,M,Ad,14.40682945536253,201.5,3.238456765915873e+87,0.84,-0.1743533871447778
502,hff19,hff19_5,long-duration_electrical_50.0~-1.0_1.0,hff19_5_long-duration_electrical_50.0~-1.0_1.0_0,M,Ad,14.40682945536253,202.5,8.803038179039366e+87,0.96,-0.040821994520255166
503,hff19,hff19_5,long-duration_electrical_50.0~-1.0_1.0,hff19_5_long-duration_electrical_50.0~-1.0_1.0_0,M,Ad,14.40682945536253,203.5,2.392913871731391e+88,0.92,-0.08338160893905101
504,hff19,hff19_5,long-duration_electrical_50.0~-1.0_1.0,hff19_5_long-duration_electrical_50.0~-1.0_1.0_0,M,Ad,14.40682945536253,204.5,6.50461429459502e+88,0.92,-0.08338160893905101
505,hff19,hff19_5,long-duration_electrical_50.0~-1.0_1.0,hff19_5_long-duration_electrical_50.0~-1.0_1.0_0,M,Ad,14.40682945536253,205.5,1.7681374838132593e+89,0.98,-0.020202707317519466
506,hff19,hff19_5,long-duration_electrical_50.0~-1.0_1.0,hff19_5_long-duration_electrical_50.0~-1.0_1.0_0,M,Ad,14.40682945536253,206.5,4.806295992466882e+89,0.96,-0.040821994520255166
507,hff19,hff19_5,long-duration_electrical_50.0~-1.0_1.0,hff19_5_long-duration_electrical_50.0~-1.0_1.0_0,M,Ad,14.40682945536253,207.5,1.3064867058518258e+90,0.96,-0.040821994520255166
508,hff19,hff19_5,long-duration_electrical_50.0~-1.0_1.0,hff19_5_long-duration_electrical_50.0~-1.0_1.0_0,M,Ad,14.40682945536253,208.5,3.5513990716403354e+90,0.98,-0.020202707317519466
509,hff19,hff19_5,long-duration_electrical_50.0~-1.0_1.0,hff19_5_long-duration_electrical_50.0~-1.0_1.0_0,M,Ad,14.40682945536253,209.5,9.653703562046247e+90,0.94,-0.06187540371808753
510,hff19,hff19_5,long-duration_electrical_50.0~-1.0_1.0,hff19_5_long-duration_electrical_50.0~-1.0_1.0_0,M,Ad,14.40682945536253,210.5,2.624148697004067e+91,1.0,0.0
511,hff19,hff19_5,long-duration_electrical_50.0~-1.0_1.0,hff19_5_long-duration_electrical_50.0~-1.0_1.0_0,M,Ad,14.40682945536253,211.5,7.133175718240636e+91,0.94,-0.06187540371808753
512,hff19,hff19_5,long-duration_electrical_50.0~-1.0_1.0,hff19_5_long-duration_electrical_50.0~-1.0_1.0_0,M,Ad,14.40682945536253,212.5,1.938998193409882e+92,0.96,-0.040821994520255166
513,hff19,hff19_5,long-duration_electrical_50.0~-1.0_1.0,hff19_5_long-duration_electrical_50.0~-1.0_1.0_0,M,Ad,14.40682945536253,213.5,5.270743554560999e+92,0.94,-0.06187540371808753
514,hff19,hff19_5,long-duration_electrical_50.0~-1.0_1.0,hff19_5_long-duration_electrical_50.0~-1.0_1.0_0,M,Ad,14.40682945536253,214.5,1.4327366426830802e+93,0.98,-0.020202707317519466
515,hff19,hff19_5,long-duration_electrical_50.0~-1.0_1.0,hff19_5_long-duration_electrical_50.0~-1.0_1.0_0,M,Ad,14.40682945536253,215.5,3.894581980772837e+93,0.98,-0.020202707317519466
516,hff19,hff19_5,long-duration_electrical_50.0~-1.0_1.0,hff19_5_long-duration_electrical_50.0~-1.0_1.0_0,M,Ad,14.40682945536253,216.5,1.0586571427778838e+94,1.0,0.0
517,hff19,hff19_5,long-duration_electrical_50.0~-1.0_1.0,hff19_5_long-duration_electrical_50.0~-1.0_1.0_0,M,Ad,14.40682945536253,217.5,2.877728473781494e+94,1.0,0.0
518,hff19,hff19_5,long-duration_electrical_50.0~-1.0_1.0,hff19_5_long-duration_electrical_50.0~-1.0_1.0_0,M,Ad,14.40682945536253,218.5,7.822477017519418e+94,0.96,-0.040821994520255166
519,hff19,hff19_5,long-duration_electrical_50.0~-1.0_1.0,hff19_5_long-duration_electrical_50.0~-1.0_1.0_0,M,Ad,14.40682945536253,219.5,2.126369713026154e+95,0.98,-0.020202707317519466
520,hff19,hff19_5,long-duration_electrical_50.0~-1.0_1.0,hff19_5_long-duration_electrical_50.0~-1.0_1.0_0,M,Ad,14.40682945536253,220.5,5.780072151504669e+95,0.94,-0.06187540371808753
521,hff19,hff19_5,long-duration_electrical_50.0~-1.0_1.0,hff19_5_long-duration_electrical_50.0~-1.0_1.0_0,M,Ad,14.40682945536253,221.5,1.5711865096617322e+96,1.0,0.0
522,hff19,hff19_5,long-duration_electrical_50.0~-1.0_1.0,hff19_5_long-duration_electrical_50.0~-1.0_1.0_0,M,Ad,14.40682945536253,222.5,4.2709277383334783e+96,0.98,-0.020202707317519466
523,hff19,hff19_5,long-duration_electrical_50.0~-1.0_1.0,hff19_5_long-duration_electrical_50.0~-1.0_1.0_0,M,Ad,14.40682945536253,223.5,1.1609585261773583e+97,1.0,0.0
524,hff19,hff19_5,long-duration_electrical_50.0~-1.0_1.0,hff19_5_long-duration_electrical_50.0~-1.0_1.0_0,M,Ad,14.40682945536253,224.5,3.1558124653025077e+97,0.98,-0.020202707317519466
525,hff19,hff19_5,long-duration_electrical_50.0~-1.0_1.0,hff19_5_long-duration_electrical_50.0~-1.0_1.0_0,M,Ad,14.40682945536253,225.5,8.578387678456348e+97,0.96,-0.040821994520255166
526,hff19,hff19_5,long-duration_electrical_50.0~-1.0_1.0,hff19_5_long-duration_electrical_50.0~-1.0_1.0_0,M,Ad,14.40682945536253,226.5,2.3318475343824867e+98,1.0,0.0
527,hff19,hff19_5,long-duration_electrical_50.0~-1.0_1.0,hff19_5_long-duration_electrical_50.0~-1.0_1.0_0,M,Ad,14.40682945536253,227.5,6.338618779448942e+98,0.9,-0.10536051565782628
528,hff19,hff19_5,long-duration_electrical_50.0~-1.0_1.0,hff19_5_long-duration_electrical_50.0~-1.0_1.0_0,M,Ad,14.40682945536253,228.5,1.723015224570531e+99,0.88,-0.12783337150988489
529,hff19,hff19_5,long-duration_electrical_50.0~-1.0_1.0,hff19_5_long-duration_electrical_50.0~-1.0_1.0_0,M,Ad,14.40682945536253,229.5,4.683640975108356e+99,0.92,-0.08338160893905101
530,hff19,hff19_5,long-duration_electrical_50.0~-1.0_1.0,hff19_5_long-duration_electrical_50.0~-1.0_1.0_0,M,Ad,14.40682945536253,230.5,1.2731456153663248e+100,0.94,-0.06187540371808753
531,hff19,hff19_5,long-duration_electrical_50.0~-1.0_1.0,hff19_5_long-duration_electrical_50.0~-1.0_1.0_0,M,Ad,14.40682945536253,231.5,3.4607685912325894e+100,0.94,-0.06187540371808753
532,hff19,hff19_5,long-duration_electrical_50.0~-1.0_1.0,hff19_5_long-duration_electrical_50.0~-1.0_1.0_0,M,Ad,14.40682945536253,232.5,9.407344374049358e+100,0.86,-0.15082288973458366
533,hff19,hff19_5,long-duration_electrical_50.0~-1.0_1.0,hff19_5_long-duration_electrical_50.0~-1.0_1.0_0,M,Ad,14.40682945536253,233.5,2.55718132660348e+101,0.9,-0.10536051565782628
534,hff19,hff19_5,long-duration_electrical_50.0~-1.0_1.0,hff19_5_long-duration_electrical_50.0~-1.0_1.0_0,M,Ad,14.40682945536253,234.5,6.951139532181034e+101,0.98,-0.020202707317519466
535,hff19,hff19_5,long-duration_electrical_50.0~-1.0_1.0,hff19_5_long-duration_electrical_50.0~-1.0_1.0_0,M,Ad,14.40682945536253,235.5,1.8895156277411014e+102,0.96,-0.040821994520255166
536,hff19,hff19_5,long-duration_electrical_50.0~-1.0_1.0,hff19_5_long-duration_electrical_50.0~-1.0_1.0_0,M,Ad,14.40682945536253,236.5,5.136235995478022e+102,0.92,-0.08338160893905101
537,hff19,hff19_5,long-duration_electrical_50.0~-1.0_1.0,hff19_5_long-duration_electrical_50.0~-1.0_1.0_0,M,Ad,14.40682945536253,237.5,1.3961736973185161e+103,0.92,-0.08338160893905101
538,hff19,hff19_5,long-duration_electrical_50.0~-1.0_1.0,hff19_5_long-duration_electrical_50.0~-1.0_1.0_0,M,Ad,14.40682945536253,238.5,3.795193590793402e+103,0.98,-0.020202707317519466
539,hff19,hff19_5,long-duration_electrical_50.0~-1.0_1.0,hff19_5_long-duration_electrical_50.0~-1.0_1.0_0,M,Ad,14.40682945536253,239.5,1.0316405773337937e+104,0.98,-0.020202707317519466
540,hff19,hff19_5,long-duration_electrical_50.0~-1.0_1.0,hff19_5_long-duration_electrical_50.0~-1.0_1.0_0,M,Ad,14.40682945536253,240.5,2.80428983486745e+104,1.0,0.0
541,hff19,hff19_5,long-duration_electrical_50.0~-1.0_1.0,hff19_5_long-duration_electrical_50.0~-1.0_1.0_0,M,Ad,14.40682945536253,241.5,7.622850099852606e+104,0.92,-0.08338160893905101
542,hff19,hff19_5,long-duration_electrical_50.0~-1.0_1.0,hff19_5_long-duration_electrical_50.0~-1.0_1.0_0,M,Ad,14.40682945536253,242.5,2.0721054907496557e+105,0.94,-0.06187540371808753
543,hff19,hff19_5,long-duration_electrical_50.0~-1.0_1.0,hff19_5_long-duration_electrical_50.0~-1.0_1.0_0,M,Ad,14.40682945536253,243.5,5.632566702155002e+105,0.98,-0.020202707317519466
544,hff19,hff19_5,long-duration_electrical_50.0~-1.0_1.0,hff19_5_long-duration_electrical_50.0~-1.0_1.0_0,M,Ad,14.40682945536253,244.5,1.531090371405143e+106,0.92,-0.08338160893905101
545,hff19,hff19_5,long-duration_electrical_50.0~-1.0_1.0,hff19_5_long-duration_electrical_50.0~-1.0_1.0_0,M,Ad,14.40682945536253,245.5,4.161935134319211e+106,0.94,-0.06187540371808753
546,hff19,hff19_5,long-duration_electrical_50.0~-1.0_1.0,hff19_5_long-duration_electrical_50.0~-1.0_1.0_0,M,Ad,14.40682945536253,246.5,1.1313312646845167e+107,0.92,-0.08338160893905101
547,hff19,hff19_5,long-duration_electrical_50.0~-1.0_1.0,hff19_5_long-duration_electrical_50.0~-1.0_1.0_0,M,Ad,14.40682945536253,247.5,3.0752772187595124e+107,0.96,-0.040821994520255166
548,hff19,hff19_5,long-duration_electrical_50.0~-1.0_1.0,hff19_5_long-duration_electrical_50.0~-1.0_1.0_0,M,Ad,14.40682945536253,248.5,8.359470181228054e+107,0.98,-0.020202707317519466
549,hff19,hff19_5,long-duration_electrical_50.0~-1.0_1.0,hff19_5_long-duration_electrical_50.0~-1.0_1.0_0,M,Ad,14.40682945536253,249.5,2.272339588917746e+108,0.96,-0.040821994520255166
550,hff19,hff19_5,long-duration_electrical_50.0~-1.0_1.0,hff19_5_long-duration_electrical_50.0~-1.0_1.0_0,M,Ad,14.40682945536253,250.5,6.176859412643206e+108,0.82,-0.19845093872383832
551,hff19,hff19_5,long-duration_electrical_50.0~-1.0_1.0,hff19_5_long-duration_electrical_50.0~-1.0_1.0_0,M,Ad,14.40682945536253,251.5,1.679044469833424e+109,0.92,-0.08338160893905101
552,hff19,hff19_5,long-duration_electrical_50.0~-1.0_1.0,hff19_5_long-duration_electrical_50.0~-1.0_1.0_0,M,Ad,14.40682945536253,252.5,4.564116071522848e+109,0.94,-0.06187540371808753
553,hff19,hff19_5,long-duration_electrical_50.0~-1.0_1.0,hff19_5_long-duration_electrical_50.0~-1.0_1.0_0,M,Ad,14.40682945536253,253.5,1.240655378019844e+110,0.9,-0.10536051565782628
554,hff19,hff19_5,long-duration_electrical_50.0~-1.0_1.0,hff19_5_long-duration_electrical_50.0~-1.0_1.0_0,M,Ad,14.40682945536253,254.5,3.37245096945133e+110,1.0,0.0
555,hff19,hff19_5,long-duration_electrical_50.0~-1.0_1.0,hff19_5_long-duration_electrical_50.0~-1.0_1.0_0,M,Ad,14.40682945536253,255.5,9.16727218762864e+110,0.98,-0.020202707317519466
556,hff19,hff19_5,long-duration_electrical_50.0~-1.0_1.0,hff19_5_long-duration_electrical_50.0~-1.0_1.0_0,M,Ad,14.40682945536253,256.5,2.491922940416893e+111,0.98,-0.020202707317519466
557,hff19,hff19_5,long-duration_electrical_50.0~-1.0_1.0,hff19_5_long-duration_electrical_50.0~-1.0_1.0_0,M,Ad,14.40682945536253,257.5,6.773748846855472e+111,1.0,0.0
558,hff19,hff19_5,long-duration_electrical_50.0~-1.0_1.0,hff19_5_long-duration_electrical_50.0~-1.0_1.0_0,M,Ad,14.40682945536253,258.5,1.8412958400952643e+112,0.98,-0.020202707317519466
559,hff19,hff19_5,long-duration_electrical_50.0~-1.0_1.0,hff19_5_long-duration_electrical_50.0~-1.0_1.0_0,M,Ad,14.40682945536253,259.5,5.005161022948189e+112,0.96,-0.040821994520255166
560,hff19,hff19_5,long-duration_electrical_50.0~-1.0_1.0,hff19_5_long-duration_electrical_50.0~-1.0_1.0_0,M,Ad,14.40682945536253,260.5,1.3605438257191548e+113,0.92,-0.08338160893905101
561,hff19,hff19_5,long-duration_electrical_50.0~-1.0_1.0,hff19_5_long-duration_electrical_50.0~-1.0_1.0_0,M,Ad,14.40682945536253,261.5,3.698341558274529e+113,1.0,0.0
562,hff19,hff19_5,long-duration_electrical_50.0~-1.0_1.0,hff19_5_long-duration_electrical_50.0~-1.0_1.0_0,M,Ad,14.40682945536253,262.5,1.005313465329256e+114,0.92,-0.08338160893905101
563,hff19,hff19_5,long-duration_electrical_50.0~-1.0_1.0,hff19_5_long-duration_electrical_50.0~-1.0_1.0_0,M,Ad,14.40682945536253,263.5,2.732725324709709e+114,0.92,-0.08338160893905101
564,hff19,hff19_5,long-duration_electrical_50.0~-1.0_1.0,hff19_5_long-duration_electrical_50.0~-1.0_1.0_0,M,Ad,14.40682945536253,264.5,7.428317592328247e+114,0.86,-0.15082288973458366
565,hff19,hff19_5,long-duration_electrical_50.0~-1.0_1.0,hff19_5_long-duration_electrical_50.0~-1.0_1.0_0,M,Ad,14.40682945536253,265.5,2.0192260727248517e+115,1.0,0.0
566,hff19,hff19_5,long-duration_electrical_50.0~-1.0_1.0,hff19_5_long-duration_electrical_50.0~-1.0_1.0_0,M,Ad,14.40682945536253,266.5,5.4888255410386875e+115,0.98,-0.020202707317519466
567,hff19,hff19_5,long-duration_electrical_50.0~-1.0_1.0,hff19_5_long-duration_electrical_50.0~-1.0_1.0_0,M,Ad,14.40682945536253,267.5,1.4920174727787351e+116,0.94,-0.06187540371808753
568,hff19,hff19_5,long-duration_electrical_50.0~-1.0_1.0,hff19_5_long-duration_electrical_50.0~-1.0_1.0_0,M,Ad,14.40682945536253,268.5,4.055723983997824e+116,0.98,-0.020202707317519466
569,hff19,hff19_5,long-duration_electrical_50.0~-1.0_1.0,hff19_5_long-duration_electrical_50.0~-1.0_1.0_0,M,Ad,14.40682945536253,269.5,1.1024600806946808e+117,0.94,-0.06187540371808753
570,hff19,hff19_5,long-duration_electrical_50.0~-1.0_1.0,hff19_5_long-duration_electrical_50.0~-1.0_1.0_0,M,Ad,14.40682945536253,270.5,2.9967972039538434e+117,0.94,-0.06187540371808753
571,hff19,hff19_5,long-duration_electrical_50.0~-1.0_1.0,hff19_5_long-duration_electrical_50.0~-1.0_1.0_0,M,Ad,14.40682945536253,271.5,8.146139383084608e+117,0.96,-0.040821994520255166
572,hff19,hff19_5,long-duration_electrical_50.0~-1.0_1.0,hff19_5_long-duration_electrical_50.0~-1.0_1.0_0,M,Ad,14.40682945536253,272.5,2.214350265713347e+118,0.96,-0.040821994520255166
573,hff19,hff19_5,long-duration_electrical_50.0~-1.0_1.0,hff19_5_long-duration_electrical_50.0~-1.0_1.0_0,M,Ad,14.40682945536253,273.5,6.019228089132049e+118,0.98,-0.020202707317519466
574,hff19,hff19_5,long-duration_electrical_50.0~-1.0_1.0,hff19_5_long-duration_electrical_50.0~-1.0_1.0_0,M,Ad,14.40682945536253,274.5,1.636195833603791e+119,0.92,-0.08338160893905101
575,hff19,hff19_5,long-duration_electrical_50.0~-1.0_1.0,hff19_5_long-duration_electrical_50.0~-1.0_1.0_0,M,Ad,14.40682945536253,275.5,4.447641402285585e+119,0.92,-0.08338160893905101
576,hff19,hff19_5,long-duration_electrical_50.0~-1.0_1.0,hff19_5_long-duration_electrical_50.0~-1.0_1.0_0,M,Ad,14.40682945536253,276.5,1.2089942803335012e+120,0.96,-0.040821994520255166
577,hff19,hff19_5,long-duration_electrical_50.0~-1.0_1.0,hff19_5_long-duration_electrical_50.0~-1.0_1.0_0,M,Ad,14.40682945536253,277.5,3.286387182941477e+120,1.0,0.0
578,hff19,hff19_5,long-duration_electrical_50.0~-1.0_1.0,hff19_5_long-duration_electrical_50.0~-1.0_1.0_0,M,Ad,14.40682945536253,278.5,8.933326560670529e+120,1.0,0.0
579,hff19,hff19_5,long-duration_electrical_50.0~-1.0_1.0,hff19_5_long-duration_electrical_50.0~-1.0_1.0_0,M,Ad,14.40682945536253,279.5,2.428329925756124e+121,0.94,-0.06187540371808753
580,hff19,hff19_5,long-duration_electrical_50.0~-1.0_1.0,hff19_5_long-duration_electrical_50.0~-1.0_1.0_0,M,Ad,14.40682945536253,280.5,6.600885110686175e+121,0.94,-0.06187540371808753
581,hff19,hff19_5,long-duration_electrical_50.0~-1.0_1.0,hff19_5_long-duration_electrical_50.0~-1.0_1.0_0,M,Ad,14.40682945536253,281.5,1.79430660481241e+122,0.9,-0.10536051565782628
582,hff19,hff19_5,long-duration_electrical_50.0~-1.0_1.0,hff19_5_long-duration_electrical_50.0~-1.0_1.0_0,M,Ad,14.40682945536253,282.5,4.877431038545619e+122,0.92,-0.08338160893905101
583,hff19,hff19_5,long-duration_electrical_50.0~-1.0_1.0,hff19_5_long-duration_electrical_50.0~-1.0_1.0_0,M,Ad,14.40682945536253,283.5,1.3258232161640687e+123,0.92,-0.08338160893905101
584,hff19,hff19_5,long-duration_electrical_50.0~-1.0_1.0,hff19_5_long-duration_electrical_50.0~-1.0_1.0_0,M,Ad,14.40682945536253,284.5,3.603961156247916e+123,0.92,-0.08338160893905101
585,hff19,hff19_5,long-duration_electrical_50.0~-1.0_1.0,hff19_5_long-duration_electrical_50.0~-1.0_1.0_0,M,Ad,14.40682945536253,285.5,9.796582121500962e+123,0.84,-0.1743533871447778
586,hff19,hff19_5,long-duration_electrical_50.0~-1.0_1.0,hff19_5_long-duration_electrical_50.0~-1.0_1.0_0,M,Ad,14.40682945536253,286.5,2.6629871161882825e+124,0.94,-0.06187540371808753
587,hff19,hff19_5,long-duration_electrical_50.0~-1.0_1.0,hff19_5_long-duration_electrical_50.0~-1.0_1.0_0,M,Ad,14.40682945536253,287.5,7.238749487355165e+124,0.94,-0.06187540371808753
588,hff19,hff19_5,long-duration_electrical_50.0~-1.0_1.0,hff19_5_long-duration_electrical_50.0~-1.0_1.0_0,M,Ad,14.40682945536253,288.5,1.9676961192244775e+125,0.9,-0.10536051565782628
589,hff19,hff19_5,long-duration_electrical_50.0~-1.0_1.0,hff19_5_long-duration_electrical_50.0~-1.0_1.0_0,M,Ad,14.40682945536253,289.5,5.3487526048172796e+125,0.9,-0.10536051565782628
590,hff19,hff19_5,long-duration_electrical_50.0~-1.0_1.0,hff19_5_long-duration_electrical_50.0~-1.0_1.0_0,M,Ad,14.40682945536253,290.5,1.4539417010597797e+126,0.94,-0.06187540371808753
591,hff19,hff19_5,long-duration_electrical_50.0~-1.0_1.0,hff19_5_long-duration_electrical_50.0~-1.0_1.0_0,M,Ad,14.40682945536253,291.5,3.952223305629632e+126,0.94,-0.06187540371808753
592,hff19,hff19_5,long-duration_electrical_50.0~-1.0_1.0,hff19_5_long-duration_electrical_50.0~-1.0_1.0_0,M,Ad,14.40682945536253,292.5,1.0743256793705369e+127,0.9,-0.10536051565782628
593,hff19,hff19_5,long-duration_electrical_50.0~-1.0_1.0,hff19_5_long-duration_electrical_50.0~-1.0_1.0_0,M,Ad,14.40682945536253,293.5,2.920319972079849e+127,0.94,-0.06187540371808753
594,hff19,hff19_5,long-duration_electrical_50.0~-1.0_1.0,hff19_5_long-duration_electrical_50.0~-1.0_1.0_0,M,Ad,14.40682945536253,294.5,7.93825271339068e+127,0.92,-0.08338160893905101
595,hff19,hff19_5,long-duration_electrical_50.0~-1.0_1.0,hff19_5_long-duration_electrical_50.0~-1.0_1.0_0,M,Ad,14.40682945536253,295.5,2.1578408100525594e+128,0.94,-0.06187540371808753
596,hff19,hff19_5,long-duration_electrical_50.0~-1.0_1.0,hff19_5_long-duration_electrical_50.0~-1.0_1.0_0,M,Ad,14.40682945536253,296.5,5.865619462673218e+128,0.9,-0.10536051565782628
597,hff19,hff19_5,long-duration_electrical_50.0~-1.0_1.0,hff19_5_long-duration_electrical_50.0~-1.0_1.0_0,M,Ad,14.40682945536253,297.5,1.594440679804032e+129,0.9,-0.10536051565782628
598,hff19,hff19_5,long-duration_electrical_50.0~-1.0_1.0,hff19_5_long-duration_electrical_50.0~-1.0_1.0_0,M,Ad,14.40682945536253,298.5,4.334139126467187e+129,0.96,-0.040821994520255166
599,hff19,hff19_5,long-duration_electrical_50.0~-1.0_1.0,hff19_5_long-duration_electrical_50.0~-1.0_1.0_0,M,Ad,14.40682945536253,299.5,1.1781411629489113e+130,0.82,-0.19845093872383832
600,hff05,hff05_2,long-duration_electrical_50.0~-1.0_1.0,hff05_2_long-duration_electrical_50.0~-1.0_1.0_0,M,Ad,15.127191242303578,0.5,1.6487212707001282,1.0,0.0
601,hff05,hff05_2,long-duration_electrical_50.0~-1.0_1.0,hff05_2_long-duration_electrical_50.0~-1.0_1.0_0,M,Ad,15.127191242303578,1.5,4.4816890703380645,1.0,0.0
602,hff05,hff05_2,long-duration_electrical_50.0~-1.0_1.0,hff05_2_long-duration_electrical_50.0~-1.0_1.0_0,M,Ad,15.127191242303578,2.5,12.182493960703473,0.98,-0.020202707317519466
603,hff05,hff05_2,long-duration_electrical_50.0~-1.0_1.0,hff05_2_long-duration_electrical_50.0~-1.0_1.0_0,M,Ad,15.127191242303578,3.5,33.11545195869231,0.88,-0.12783337150988489
604,hff05,hff05_2,long-duration_electrical_50.0~-1.0_1.0,hff05_2_long-duration_electrical_50.0~-1.0_1.0_0,M,Ad,15.127191242303578,4.5,90.01713130052181,1.0,0.0
605,hff05,hff05_2,long-duration_electrical_50.0~-1.0_1.0,hff05_2_long-duration_electrical_50.0~-1.0_1.0_0,M,Ad,15.127191242303578,5.5,244.69193226422038,1.0,0.0
606,hff05,hff05_2,long-duration_electrical_50.0~-1.0_1.0,hff05_2_long-duration_electrical_50.0~-1.0_1.0_0,M,Ad,15.127191242303578,6.5,665.1416330443618,1.0,0.0
607,hff05,hff05_2,long-duration_electrical_50.0~-1.0_1.0,hff05_2_long-duration_electrical_50.0~-1.0_1.0_0,M,Ad,15.127191242303578,7.5,1808.0424144560632,1.0,0.0
608,hff05,hff05_2,long-duration_electrical_50.0~-1.0_1.0,hff05_2_long-duration_electrical_50.0~-1.0_1.0_0,M,Ad,15.127191242303578,8.5,4914.768840299134,1.0,0.0
609,hff05,hff05_2,long-duration_electrical_50.0~-1.0_1.0,hff05_2_long-duration_electrical_50.0~-1.0_1.0_0,M,Ad,15.127191242303578,9.5,13359.726829661873,0.98,-0.020202707317519466
610,hff05,hff05_2,long-duration_electrical_50.0~-1.0_1.0,hff05_2_long-duration_electrical_50.0~-1.0_1.0_0,M,Ad,15.127191242303578,10.5,36315.502674246636,1.0,0.0
611,hff05,hff05_2,long-duration_electrical_50.0~-1.0_1.0,hff05_2_long-duration_electrical_50.0~-1.0_1.0_0,M,Ad,15.127191242303578,11.5,98715.7710107605,0.98,-0.020202707317519466
612,hff05,hff05_2,long-duration_electrical_50.0~-1.0_1.0,hff05_2_long-duration_electrical_50.0~-1.0_1.0_0,M,Ad,15.127191242303578,12.5,268337.2865208745,1.0,0.0
613,hff05,hff05_2,long-duration_electrical_50.0~-1.0_1.0,hff05_2_long-duration_electrical_50.0~-1.0_1.0_0,M,Ad,15.127191242303578,13.5,729416.3698477013,1.0,0.0
614,hff05,hff05_2,long-duration_electrical_50.0~-1.0_1.0,hff05_2_long-duration_electrical_50.0~-1.0_1.0_0,M,Ad,15.127191242303578,14.5,1982759.2635375687,0.98,-0.020202707317519466
615,hff05,hff05_2,long-duration_electrical_50.0~-1.0_1.0,hff05_2_long-duration_electrical_50.0~-1.0_1.0_0,M,Ad,15.127191242303578,15.5,5389698.476283012,1.0,0.0
616,hff05,hff05_2,long-duration_electrical_50.0~-1.0_1.0,hff05_2_long-duration_electrical_50.0~-1.0_1.0_0,M,Ad,15.127191242303578,16.5,14650719.428953517,1.0,0.0
617,hff05,hff05_2,long-duration_electrical_50.0~-1.0_1.0,hff05_2_long-duration_electrical_50.0~-1.0_1.0_0,M,Ad,15.127191242303578,17.5,39824784.39757623,1.0,0.0
618,hff05,hff05_2,long-duration_electrical_50.0~-1.0_1.0,hff05_2_long-duration_electrical_50.0~-1.0_1.0_0,M,Ad,15.127191242303578,18.5,108254987.75023076,0.92,-0.08338160893905101
619,hff05,hff05_2,long-duration_electrical_50.0~-1.0_1.0,hff05_2_long-duration_electrical_50.0~-1.0_1.0_0,M,Ad,15.127191242303578,19.5,294267566.0415088,1.0,0.0
620,hff05,hff05_2,long-duration_electrical_50.0~-1.0_1.0,hff05_2_long-duration_electrical_50.0~-1.0_1.0_0,M,Ad,15.127191242303578,20.5,799902177.4755054,1.0,0.0
621,hff05,hff05_2,long-duration_electrical_50.0~-1.0_1.0,hff05_2_long-duration_electrical_50.0~-1.0_1.0_0,M,Ad,15.127191242303578,21.5,2174359553.5764885,1.0,0.0
622,hff05,hff05_2,long-duration_electrical_50.0~-1.0_1.0,hff05_2_long-duration_electrical_50.0~-1.0_1.0_0,M,Ad,15.127191242303578,22.5,5910522063.023291,0.8,-0.2231435513142097
623,hff05,hff05_2,long-duration_electrical_50.0~-1.0_1.0,hff05_2_long-duration_electrical_50.0~-1.0_1.0_0,M,Ad,15.127191242303578,23.5,16066464720.622478,1.0,0.0
624,hff05,hff05_2,long-duration_electrical_50.0~-1.0_1.0,hff05_2_long-duration_electrical_50.0~-1.0_1.0_0,M,Ad,15.127191242303578,24.5,43673179097.646416,1.0,0.0
625,hff05,hff05_2,long-duration_electrical_50.0~-1.0_1.0,hff05_2_long-duration_electrical_50.0~-1.0_1.0_0,M,Ad,15.127191242303578,25.5,118716009132.16965,0.98,-0.020202707317519466
626,hff05,hff05_2,long-duration_electrical_50.0~-1.0_1.0,hff05_2_long-duration_electrical_50.0~-1.0_1.0_0,M,Ad,15.127191242303578,26.5,322703570371.15485,1.0,0.0
627,hff05,hff05_2,long-duration_electrical_50.0~-1.0_1.0,hff05_2_long-duration_electrical_50.0~-1.0_1.0_0,M,Ad,15.127191242303578,27.5,877199251318.7649,1.0,0.0
628,hff05,hff05_2,long-duration_electrical_50.0~-1.0_1.0,hff05_2_long-duration_electrical_50.0~-1.0_1.0_0,M,Ad,15.127191242303578,28.5,2384474784797.6777,1.0,0.0
629,hff05,hff05_2,long-duration_electrical_50.0~-1.0_1.0,hff05_2_long-duration_electrical_50.0~-1.0_1.0_0,M,Ad,15.127191242303578,29.5,6481674477934.32,1.0,0.0
630,hff05,hff05_2,long-duration_electrical_50.0~-1.0_1.0,hff05_2_long-duration_electrical_50.0~-1.0_1.0_0,M,Ad,15.127191242303578,30.5,17619017951355.633,1.0,0.0
631,hff05,hff05_2,long-duration_electrical_50.0~-1.0_1.0,hff05_2_long-duration_electrical_50.0~-1.0_1.0_0,M,Ad,15.127191242303578,31.5,47893456332463.73,0.94,-0.06187540371808753
632,hff05,hff05_2,long-duration_electrical_50.0~-1.0_1.0,hff05_2_long-duration_electrical_50.0~-1.0_1.0_0,M,Ad,15.127191242303578,32.5,130187912050632.94,1.0,0.0
633,hff05,hff05_2,long-duration_electrical_50.0~-1.0_1.0,hff05_2_long-duration_electrical_50.0~-1.0_1.0_0,M,Ad,15.127191242303578,33.5,353887435612259.9,1.0,0.0
634,hff05,hff05_2,long-duration_electrical_50.0~-1.0_1.0,hff05_2_long-duration_electrical_50.0~-1.0_1.0_0,M,Ad,15.127191242303578,34.5,961965785544776.4,0.96,-0.040821994520255166
635,hff05,hff05_2,long-duration_electrical_50.0~-1.0_1.0,hff05_2_long-duration_electrical_50.0~-1.0_1.0_0,M,Ad,15.127191242303578,35.5,2614894114445696.5,1.0,0.0
636,hff05,hff05_2,long-duration_electrical_50.0~-1.0_1.0,hff05_2_long-duration_electrical_50.0~-1.0_1.0_0,M,Ad,15.127191242303578,36.5,7108019154642244.0,1.0,0.0
637,hff05,hff05_2,long-duration_electrical_50.0~-1.0_1.0,hff05_2_long-duration_electrical_50.0~-1.0_1.0_0,M,Ad,15.127191242303578,37.5,1.9321599304402836e+16,1.0,0.0
638,hff05,hff05_2,long-duration_electrical_50.0~-1.0_1.0,hff05_2_long-duration_electrical_50.0~-1.0_1.0_0,M,Ad,15.127191242303578,38.5,5.252155228592516e+16,1.0,0.0
639,hff05,hff05_2,long-duration_electrical_50.0~-1.0_1.0,hff05_2_long-duration_electrical_50.0~-1.0_1.0_0,M,Ad,15.127191242303578,39.5,1.4276838118129198e+17,1.0,0.0
640,hff05,hff05_2,long-duration_electrical_50.0~-1.0_1.0,hff05_2_long-duration_electrical_50.0~-1.0_1.0_0,M,Ad,15.127191242303578,40.5,3.8808469624362035e+17,0.94,-0.06187540371808753
641,hff05,hff05_2,long-duration_electrical_50.0~-1.0_1.0,hff05_2_long-duration_electrical_50.0~-1.0_1.0_0,M,Ad,15.127191242303578,41.5,1.0549235777020814e+18,1.0,0.0
642,hff05,hff05_2,long-duration_electrical_50.0~-1.0_1.0,hff05_2_long-duration_electrical_50.0~-1.0_1.0_0,M,Ad,15.127191242303578,42.5,2.8675795916805714e+18,1.0,0.0
643,hff05,hff05_2,long-duration_electrical_50.0~-1.0_1.0,hff05_2_long-duration_electrical_50.0~-1.0_1.0_0,M,Ad,15.127191242303578,43.5,7.794889495725307e+18,0.92,-0.08338160893905101
644,hff05,hff05_2,long-duration_electrical_50.0~-1.0_1.0,hff05_2_long-duration_electrical_50.0~-1.0_1.0_0,M,Ad,15.127191242303578,44.5,2.118870647107639e+19,0.86,-0.15082288973458366
645,hff05,hff05_2,long-duration_electrical_50.0~-1.0_1.0,hff05_2_long-duration_electrical_50.0~-1.0_1.0_0,M,Ad,15.127191242303578,45.5,5.759687576887954e+19,0.98,-0.020202707317519466
646,hff05,hff05_2,long-duration_electrical_50.0~-1.0_1.0,hff05_2_long-duration_electrical_50.0~-1.0_1.0_0,M,Ad,15.127191242303578,46.5,1.5656454077855836e+20,1.0,0.0
647,hff05,hff05_2,long-duration_electrical_50.0~-1.0_1.0,hff05_2_long-duration_electrical_50.0~-1.0_1.0_0,M,Ad,15.127191242303578,47.5,4.255865461793903e+20,1.0,0.0
648,hff05,hff05_2,long-duration_electrical_50.0~-1.0_1.0,hff05_2_long-duration_electrical_50.0~-1.0_1.0_0,M,Ad,15.127191242303578,48.5,1.156864174916083e+21,0.98,-0.020202707317519466
649,hff05,hff05_2,long-duration_electrical_50.0~-1.0_1.0,hff05_2_long-duration_electrical_50.0~-1.0_1.0_0,M,Ad,15.127191242303578,49.5,3.144682864669655e+21,1.0,0.0
650,hff05,hff05_2,long-duration_electrical_50.0~-1.0_1.0,hff05_2_long-duration_electrical_50.0~-1.0_1.0_0,M,Ad,15.127191242303578,50.5,8.548134287298057e+21,0.98,-0.020202707317519466
651,hff05,hff05_2,long-duration_electrical_50.0~-1.0_1.0,hff05_2_long-duration_electrical_50.0~-1.0_1.0_0,M,Ad,15.127191242303578,51.5,2.3236238100390023e+22,0.98,-0.020202707317519466
652,hff05,hff05_2,long-duration_electrical_50.0~-1.0_1.0,hff05_2_long-duration_electrical_50.0~-1.0_1.0_0,M,Ad,15.127191242303578,52.5,6.316264379003792e+22,1.0,0.0
653,hff05,hff05_2,long-duration_electrical_50.0~-1.0_1.0,hff05_2_long-duration_electrical_50.0~-1.0_1.0_0,M,Ad,15.127191242303578,53.5,1.7169386685189163e+23,1.0,0.0
654,hff05,hff05_2,long-duration_electrical_50.0~-1.0_1.0,hff05_2_long-duration_electrical_50.0~-1.0_1.0_0,M,Ad,15.127191242303578,54.5,4.667123183213639e+23,0.96,-0.040821994520255166
655,hff05,hff05_2,long-duration_electrical_50.0~-1.0_1.0,hff05_2_long-duration_electrical_50.0~-1.0_1.0_0,M,Ad,15.127191242303578,55.5,1.2686556140109568e+24,1.0,0.0
656,hff05,hff05_2,long-duration_electrical_50.0~-1.0_1.0,hff05_2_long-duration_electrical_50.0~-1.0_1.0_0,M,Ad,15.127191242303578,56.5,3.4485635021385364e+24,0.98,-0.020202707317519466
657,hff05,hff05_2,long-duration_electrical_50.0~-1.0_1.0,hff05_2_long-duration_electrical_50.0~-1.0_1.0_0,M,Ad,15.127191242303578,57.5,9.37416750215027e+24,1.0,0.0
658,hff05,hff05_2,long-duration_electrical_50.0~-1.0_1.0,hff05_2_long-duration_electrical_50.0~-1.0_1.0_0,M,Ad,15.127191242303578,58.5,2.5481629178026397e+25,0.98,-0.020202707317519466
659,hff05,hff05_2,long-duration_electrical_50.0~-1.0_1.0,hff05_2_long-duration_electrical_50.0~-1.0_1.0_0,M,Ad,15.127191242303578,59.5,6.926624955416095e+25,1.0,0.0
660,hff05,hff05_2,long-duration_electrical_50.0~-1.0_1.0,hff05_2_long-duration_electrical_50.0~-1.0_1.0_0,M,Ad,15.127191242303578,60.5,1.8828518748858514e+26,1.0,0.0
661,hff05,hff05_2,long-duration_electrical_50.0~-1.0_1.0,hff05_2_long-duration_electrical_50.0~-1.0_1.0_0,M,Ad,15.127191242303578,61.5,5.118122037182254e+26,1.0,0.0
662,hff05,hff05_2,long-duration_electrical_50.0~-1.0_1.0,hff05_2_long-duration_electrical_50.0~-1.0_1.0_0,M,Ad,15.127191242303578,62.5,1.391249812950831e+27,0.94,-0.06187540371808753
663,hff05,hff05_2,long-duration_electrical_50.0~-1.0_1.0,hff05_2_long-duration_electrical_50.0~-1.0_1.0_0,M,Ad,15.127191242303578,63.5,3.7818090853912897e+27,1.0,0.0
664,hff05,hff05_2,long-duration_electrical_50.0~-1.0_1.0,hff05_2_long-duration_electrical_50.0~-1.0_1.0_0,M,Ad,15.127191242303578,64.5,1.0280022915520465e+28,1.0,0.0
665,hff05,hff05_2,long-duration_electrical_50.0~-1.0_1.0,hff05_2_long-duration_electrical_50.0~-1.0_1.0_0,M,Ad,15.127191242303578,65.5,2.7943999487401853e+28,1.0,0.0
666,hff05,hff05_2,long-duration_electrical_50.0~-1.0_1.0,hff05_2_long-duration_electrical_50.0~-1.0_1.0_0,M,Ad,15.127191242303578,66.5,7.595966602107334e+28,0.88,-0.12783337150988489
667,hff05,hff05_2,long-duration_electrical_50.0~-1.0_1.0,hff05_2_long-duration_electrical_50.0~-1.0_1.0_0,M,Ad,15.127191242303578,67.5,2.0647977984090163e+29,0.98,-0.020202707317519466
668,hff05,hff05_2,long-duration_electrical_50.0~-1.0_1.0,hff05_2_long-duration_electrical_50.0~-1.0_1.0_0,M,Ad,15.127191242303578,68.5,5.612702334857472e+29,0.98,-0.020202707317519466
669,hff05,hff05_2,long-duration_electrical_50.0~-1.0_1.0,hff05_2_long-duration_electrical_50.0~-1.0_1.0_0,M,Ad,15.127191242303578,69.5,1.5256906765392722e+30,0.98,-0.020202707317519466
670,hff05,hff05_2,long-duration_electrical_50.0~-1.0_1.0,hff05_2_long-duration_electrical_50.0~-1.0_1.0_0,M,Ad,15.127191242303578,70.5,4.1472572418860906e+30,1.0,0.0
671,hff05,hff05_2,long-duration_electrical_50.0~-1.0_1.0,hff05_2_long-duration_electrical_50.0~-1.0_1.0_0,M,Ad,15.127191242303578,71.5,1.1273413998564138e+31,1.0,0.0
672,hff05,hff05_2,long-duration_electrical_50.0~-1.0_1.0,hff05_2_long-duration_electrical_50.0~-1.0_1.0_0,M,Ad,15.127191242303578,72.5,3.0644316416992722e+31,1.0,0.0
673,hff05,hff05_2,long-duration_electrical_50.0~-1.0_1.0,hff05_2_long-duration_electrical_50.0~-1.0_1.0_0,M,Ad,15.127191242303578,73.5,8.329988846186052e+31,1.0,0.0
674,hff05,hff05_2,long-duration_electrical_50.0~-1.0_1.0,hff05_2_long-duration_electrical_50.0~-1.0_1.0_0,M,Ad,15.127191242303578,74.5,2.2643257311854073e+32,1.0,0.0
675,hff05,hff05_2,long-duration_electrical_50.0~-1.0_1.0,hff05_2_long-duration_electrical_50.0~-1.0_1.0_0,M,Ad,15.127191242303578,75.5,6.155075488793534e+32,1.0,0.0
676,hff05,hff05_2,long-duration_electrical_50.0~-1.0_1.0,hff05_2_long-duration_electrical_50.0~-1.0_1.0_0,M,Ad,15.127191242303578,76.5,1.6731229853981137e+33,0.98,-0.020202707317519466
677,hff05,hff05_2,long-duration_electrical_50.0~-1.0_1.0,hff05_2_long-duration_electrical_50.0~-1.0_1.0_0,M,Ad,15.127191242303578,77.5,4.5480198079848415e+33,0.96,-0.040821994520255166
678,hff05,hff05_2,long-duration_electrical_50.0~-1.0_1.0,hff05_2_long-duration_electrical_50.0~-1.0_1.0_0,M,Ad,15.127191242303578,78.5,1.236279959951699e+34,0.9,-0.10536051565782628
679,hff05,hff05_2,long-duration_electrical_50.0~-1.0_1.0,hff05_2_long-duration_electrical_50.0~-1.0_1.0_0,M,Ad,15.127191242303578,79.5,3.36055735002478e+34,1.0,0.0
680,hff05,hff05_2,long-duration_electrical_50.0~-1.0_1.0,hff05_2_long-duration_electrical_50.0~-1.0_1.0_0,M,Ad,15.127191242303578,80.5,9.134941978066843e+34,1.0,0.0
681,hff05,hff05_2,long-duration_electrical_50.0~-1.0_1.0,hff05_2_long-duration_electrical_50.0~-1.0_1.0_0,M,Ad,15.127191242303578,81.5,2.4831346783006824e+35,0.98,-0.020202707317519466
682,hff05,hff05_2,long-duration_electrical_50.0~-1.0_1.0,hff05_2_long-duration_electrical_50.0~-1.0_1.0_0,M,Ad,15.127191242303578,82.5,6.749859873641241e+35,0.98,-0.020202707317519466
683,hff05,hff05_2,long-duration_electrical_50.0~-1.0_1.0,hff05_2_long-duration_electrical_50.0~-1.0_1.0_0,M,Ad,15.127191242303578,83.5,1.8348021439163853e+36,1.0,0.0
684,hff05,hff05_2,long-duration_electrical_50.0~-1.0_1.0,hff05_2_long-duration_electrical_50.0~-1.0_1.0_0,M,Ad,15.127191242303578,84.5,4.9875093266256084e+36,1.0,0.0
685,hff05,hff05_2,long-duration_electrical_50.0~-1.0_1.0,hff05_2_long-duration_electrical_50.0~-1.0_1.0_0,M,Ad,15.127191242303578,85.5,1.35574559718364e+37,0.94,-0.06187540371808753
686,hff05,hff05_2,long-duration_electrical_50.0~-1.0_1.0,hff05_2_long-duration_electrical_50.0~-1.0_1.0_0,M,Ad,15.127191242303578,86.5,3.685298620837645e+37,0.98,-0.020202707317519466
687,hff05,hff05_2,long-duration_electrical_50.0~-1.0_1.0,hff05_2_long-duration_electrical_50.0~-1.0_1.0_0,M,Ad,15.127191242303578,87.5,1.0017680273468151e+38,1.0,0.0
688,hff05,hff05_2,long-duration_electrical_50.0~-1.0_1.0,hff05_2_long-duration_electrical_50.0~-1.0_1.0_0,M,Ad,15.127191242303578,88.5,2.7230878250681117e+38,1.0,0.0
689,hff05,hff05_2,long-duration_electrical_50.0~-1.0_1.0,hff05_2_long-duration_electrical_50.0~-1.0_1.0_0,M,Ad,15.127191242303578,89.5,7.402120152180711e+38,1.0,0.0
690,hff05,hff05_2,long-duration_electrical_50.0~-1.0_1.0,hff05_2_long-duration_electrical_50.0~-1.0_1.0_0,M,Ad,15.127191242303578,90.5,2.012104870174333e+39,0.98,-0.020202707317519466
691,hff05,hff05_2,long-duration_electrical_50.0~-1.0_1.0,hff05_2_long-duration_electrical_50.0~-1.0_1.0_0,M,Ad,15.127191242303578,91.5,5.469468105548836e+39,1.0,0.0
692,hff05,hff05_2,long-duration_electrical_50.0~-1.0_1.0,hff05_2_long-duration_electrical_50.0~-1.0_1.0_0,M,Ad,15.127191242303578,92.5,1.486755576264972e+40,0.98,-0.020202707317519466
693,hff05,hff05_2,long-duration_electrical_50.0~-1.0_1.0,hff05_2_long-duration_electrical_50.0~-1.0_1.0_0,M,Ad,15.127191242303578,93.5,4.041420666321229e+40,0.98,-0.020202707317519466
694,hff05,hff05_2,long-duration_electrical_50.0~-1.0_1.0,hff05_2_long-duration_electrical_50.0~-1.0_1.0_0,M,Ad,15.127191242303578,94.5,1.0985720358419844e+41,1.0,0.0
695,hff05,hff05_2,long-duration_electrical_50.0~-1.0_1.0,hff05_2_long-duration_electrical_50.0~-1.0_1.0_0,M,Ad,15.127191242303578,95.5,2.9862284022825254e+41,1.0,0.0
696,hff05,hff05_2,long-duration_electrical_50.0~-1.0_1.0,hff05_2_long-duration_electrical_50.0~-1.0_1.0_0,M,Ad,15.127191242303578,96.5,8.117410401552875e+41,0.98,-0.020202707317519466
697,hff05,hff05_2,long-duration_electrical_50.0~-1.0_1.0,hff05_2_long-duration_electrical_50.0~-1.0_1.0_0,M,Ad,15.127191242303578,97.5,2.2065409188685626e+42,1.0,0.0
698,hff05,hff05_2,long-duration_electrical_50.0~-1.0_1.0,hff05_2_long-duration_electrical_50.0~-1.0_1.0_0,M,Ad,15.127191242303578,98.5,5.998000083511737e+42,0.98,-0.020202707317519466
699,hff05,hff05_2,long-duration_electrical_50.0~-1.0_1.0,hff05_2_long-duration_electrical_50.0~-1.0_1.0_0,M,Ad,15.127191242303578,99.5,1.6304254634105793e+43,1.0,0.0
700,hff05,hff05_2,long-duration_electrical_50.0~-1.0_1.0,hff05_2_long-duration_electrical_50.0~-1.0_1.0_0,M,Ad,15.127191242303578,100.5,4.4319559098458955e+43,0.94,-0.06187540371808753
701,hff05,hff05_2,long-duration_electrical_50.0~-1.0_1.0,hff05_2_long-duration_electrical_50.0~-1.0_1.0_0,M,Ad,15.127191242303578,101.5,1.2047305214265772e+44,1.0,0.0
702,hff05,hff05_2,long-duration_electrical_50.0~-1.0_1.0,hff05_2_long-duration_electrical_50.0~-1.0_1.0_0,M,Ad,15.127191242303578,102.5,3.274797084583855e+44,1.0,0.0
703,hff05,hff05_2,long-duration_electrical_50.0~-1.0_1.0,hff05_2_long-duration_electrical_50.0~-1.0_1.0_0,M,Ad,15.127191242303578,103.5,8.901821406914952e+44,1.0,0.0
704,hff05,hff05_2,long-duration_electrical_50.0~-1.0_1.0,hff05_2_long-duration_electrical_50.0~-1.0_1.0_0,M,Ad,15.127191242303578,104.5,2.419765937060465e+45,0.82,-0.19845093872383832
705,hff05,hff05_2,long-duration_electrical_50.0~-1.0_1.0,hff05_2_long-duration_electrical_50.0~-1.0_1.0_0,M,Ad,15.127191242303578,105.5,6.577605775835635e+45,1.0,0.0
706,hff05,hff05_2,long-duration_electrical_50.0~-1.0_1.0,hff05_2_long-duration_electrical_50.0~-1.0_1.0_0,M,Ad,15.127191242303578,106.5,1.7879786255221268e+46,1.0,0.0
707,hff05,hff05_2,long-duration_electrical_50.0~-1.0_1.0,hff05_2_long-duration_electrical_50.0~-1.0_1.0_0,M,Ad,15.127191242303578,107.5,4.860229807429978e+46,1.0,0.0
708,hff05,hff05_2,long-duration_electrical_50.0~-1.0_1.0,hff05_2_long-duration_electrical_50.0~-1.0_1.0_0,M,Ad,15.127191242303578,108.5,1.3211474367671912e+47,1.0,0.0
709,hff05,hff05_2,long-duration_electrical_50.0~-1.0_1.0,hff05_2_long-duration_electrical_50.0~-1.0_1.0_0,M,Ad,15.127191242303578,109.5,3.591251070079501e+47,1.0,0.0
710,hff05,hff05_2,long-duration_electrical_50.0~-1.0_1.0,hff05_2_long-duration_electrical_50.0~-1.0_1.0_0,M,Ad,15.127191242303578,110.5,9.76203252523121e+47,1.0,0.0
711,hff05,hff05_2,long-duration_electrical_50.0~-1.0_1.0,hff05_2_long-duration_electrical_50.0~-1.0_1.0_0,M,Ad,15.127191242303578,111.5,2.6535955622162162e+48,1.0,0.0
712,hff05,hff05_2,long-duration_electrical_50.0~-1.0_1.0,hff05_2_long-duration_electrical_50.0~-1.0_1.0_0,M,Ad,15.127191242303578,112.5,7.213220596851904e+48,0.98,-0.020202707317519466
713,hff05,hff05_2,long-duration_electrical_50.0~-1.0_1.0,hff05_2_long-duration_electrical_50.0~-1.0_1.0_0,M,Ad,15.127191242303578,113.5,1.960756647308904e+49,0.98,-0.020202707317519466
714,hff05,hff05_2,long-duration_electrical_50.0~-1.0_1.0,hff05_2_long-duration_electrical_50.0~-1.0_1.0_0,M,Ad,15.127191242303578,114.5,5.329889164410075e+49,0.92,-0.08338160893905101
715,hff05,hff05_2,long-duration_electrical_50.0~-1.0_1.0,hff05_2_long-duration_electrical_50.0~-1.0_1.0_0,M,Ad,15.127191242303578,115.5,1.4488140863316671e+50,1.0,0.0
716,hff05,hff05_2,long-duration_electrical_50.0~-1.0_1.0,hff05_2_long-duration_electrical_50.0~-1.0_1.0_0,M,Ad,15.127191242303578,116.5,3.9382850036908655e+50,1.0,0.0
717,hff05,hff05_2,long-duration_electrical_50.0~-1.0_1.0,hff05_2_long-duration_electrical_50.0~-1.0_1.0_0,M,Ad,15.127191242303578,117.5,1.0705368560825642e+51,1.0,0.0
718,hff05,hff05_2,long-duration_electrical_50.0~-1.0_1.0,hff05_2_long-duration_electrical_50.0~-1.0_1.0_0,M,Ad,15.127191242303578,118.5,2.9100208825849106e+51,1.0,0.0
719,hff05,hff05_2,long-duration_electrical_50.0~-1.0_1.0,hff05_2_long-duration_electrical_50.0~-1.0_1.0_0,M,Ad,15.127191242303578,119.5,7.910256885566915e+51,0.98,-0.020202707317519466
720,hff05,hff05_2,long-duration_electrical_50.0~-1.0_1.0,hff05_2_long-duration_electrical_50.0~-1.0_1.0_0,M,Ad,15.127191242303578,120.5,2.1502307550479586e+52,1.0,0.0
721,hff05,hff05_2,long-duration_electrical_50.0~-1.0_1.0,hff05_2_long-duration_electrical_50.0~-1.0_1.0_0,M,Ad,15.127191242303578,121.5,5.844933188440638e+52,1.0,0.0
722,hff05,hff05_2,long-duration_electrical_50.0~-1.0_1.0,hff05_2_long-duration_electrical_50.0~-1.0_1.0_0,M,Ad,15.127191242303578,122.5,1.5888175674695377e+53,1.0,0.0
723,hff05,hff05_2,long-duration_electrical_50.0~-1.0_1.0,hff05_2_long-duration_electrical_50.0~-1.0_1.0_0,M,Ad,15.127191242303578,123.5,4.3188539223889476e+53,0.88,-0.12783337150988489
724,hff05,hff05_2,long-duration_electrical_50.0~-1.0_1.0,hff05_2_long-duration_electrical_50.0~-1.0_1.0_0,M,Ad,15.127191242303578,124.5,1.1739862136998947e+54,0.98,-0.020202707317519466
725,hff05,hff05_2,long-duration_electrical_50.0~-1.0_1.0,hff05_2_long-duration_electrical_50.0~-1.0_1.0_0,M,Ad,15.127191242303578,125.5,3.191225391561861e+54,1.0,0.0
726,hff05,hff05_2,long-duration_electrical_50.0~-1.0_1.0,hff05_2_long-duration_electrical_50.0~-1.0_1.0_0,M,Ad,15.127191242303578,126.5,8.674649992399708e+54,1.0,0.0
727,hff05,hff05_2,long-duration_electrical_50.0~-1.0_1.0,hff05_2_long-duration_electrical_50.0~-1.0_1.0_0,M,Ad,15.127191242303578,127.5,2.3580143442582524e+55,1.0,0.0
728,hff05,hff05_2,long-duration_electrical_50.0~-1.0_1.0,hff05_2_long-duration_electrical_50.0~-1.0_1.0_0,M,Ad,15.127191242303578,128.5,6.409747543242979e+55,0.98,-0.020202707317519466
729,hff05,hff05_2,long-duration_electrical_50.0~-1.0_1.0,hff05_2_long-duration_electrical_50.0~-1.0_1.0_0,M,Ad,15.127191242303578,129.5,1.7423500271807397e+56,1.0,0.0
730,hff05,hff05_2,long-duration_electrical_50.0~-1.0_1.0,hff05_2_long-duration_electrical_50.0~-1.0_1.0_0,M,Ad,15.127191242303578,130.5,4.736198417700528e+56,1.0,0.0
731,hff05,hff05_2,long-duration_electrical_50.0~-1.0_1.0,hff05_2_long-duration_electrical_50.0~-1.0_1.0_0,M,Ad,15.127191242303578,131.5,1.287432209481183e+57,0.98,-0.020202707317519466
732,hff05,hff05_2,long-duration_electrical_50.0~-1.0_1.0,hff05_2_long-duration_electrical_50.0~-1.0_1.0_0,M,Ad,15.127191242303578,132.5,3.4996035804055786e+57,1.0,0.0
733,hff05,hff05_2,long-duration_electrical_50.0~-1.0_1.0,hff05_2_long-duration_electrical_50.0~-1.0_1.0_0,M,Ad,15.127191242303578,133.5,9.512908819426697e+57,1.0,0.0
734,hff05,hff05_2,long-duration_electrical_50.0~-1.0_1.0,hff05_2_long-duration_electrical_50.0~-1.0_1.0_0,M,Ad,15.127191242303578,134.5,2.585876717963538e+58,0.9,-0.10536051565782628
735,hff05,hff05_2,long-duration_electrical_50.0~-1.0_1.0,hff05_2_long-duration_electrical_50.0~-1.0_1.0_0,M,Ad,15.127191242303578,135.5,7.029141693075601e+58,1.0,0.0
736,hff05,hff05_2,long-duration_electrical_50.0~-1.0_1.0,hff05_2_long-duration_electrical_50.0~-1.0_1.0_0,M,Ad,15.127191242303578,136.5,1.9107188133951252e+59,0.98,-0.020202707317519466
737,hff05,hff05_2,long-duration_electrical_50.0~-1.0_1.0,hff05_2_long-duration_electrical_50.0~-1.0_1.0_0,M,Ad,15.127191242303578,137.5,5.193872229746799e+59,0.96,-0.040821994520255166
738,hff05,hff05_2,long-duration_electrical_50.0~-1.0_1.0,hff05_2_long-duration_electrical_50.0~-1.0_1.0_0,M,Ad,15.127191242303578,138.5,1.4118408501458785e+60,0.96,-0.040821994520255166
739,hff05,hff05_2,long-duration_electrical_50.0~-1.0_1.0,hff05_2_long-duration_electrical_50.0~-1.0_1.0_0,M,Ad,15.127191242303578,139.5,3.837781327627712e+60,1.0,0.0
740,hff05,hff05_2,long-duration_electrical_50.0~-1.0_1.0,hff05_2_long-duration_electrical_50.0~-1.0_1.0_0,M,Ad,15.127191242303578,140.5,1.0432171244489838e+61,1.0,0.0
741,hff05,hff05_2,long-duration_electrical_50.0~-1.0_1.0,hff05_2_long-duration_electrical_50.0~-1.0_1.0_0,M,Ad,15.127191242303578,141.5,2.835758152526971e+61,1.0,0.0
742,hff05,hff05_2,long-duration_electrical_50.0~-1.0_1.0,hff05_2_long-duration_electrical_50.0~-1.0_1.0_0,M,Ad,15.127191242303578,142.5,7.708389855918659e+61,0.72,-0.3285040669720361
743,hff05,hff05_2,long-duration_electrical_50.0~-1.0_1.0,hff05_2_long-duration_electrical_50.0~-1.0_1.0_0,M,Ad,15.127191242303578,143.5,2.095357607202173e+62,0.88,-0.12783337150988489
744,hff05,hff05_2,long-duration_electrical_50.0~-1.0_1.0,hff05_2_long-duration_electrical_50.0~-1.0_1.0_0,M,Ad,15.127191242303578,144.5,5.6957725077810925e+62,1.0,0.0
745,hff05,hff05_2,long-duration_electrical_50.0~-1.0_1.0,hff05_2_long-duration_electrical_50.0~-1.0_1.0_0,M,Ad,15.127191242303578,145.5,1.548271490693795e+63,1.0,0.0
746,hff05,hff05_2,long-duration_electrical_50.0~-1.0_1.0,hff05_2_long-duration_electrical_50.0~-1.0_1.0_0,M,Ad,15.127191242303578,146.5,4.20863825867414e+63,1.0,0.0
747,hff05,hff05_2,long-duration_electrical_50.0~-1.0_1.0,hff05_2_long-duration_electrical_50.0~-1.0_1.0_0,M,Ad,15.127191242303578,147.5,1.1440264901111434e+64,1.0,0.0
748,hff05,hff05_2,long-duration_electrical_50.0~-1.0_1.0,hff05_2_long-duration_electrical_50.0~-1.0_1.0_0,M,Ad,15.127191242303578,148.5,3.109786419344903e+64,0.98,-0.020202707317519466
749,hff05,hff05_2,long-duration_electrical_50.0~-1.0_1.0,hff05_2_long-duration_electrical_50.0~-1.0_1.0_0,M,Ad,15.127191242303578,149.5,8.45327591409397e+64,1.0,0.0
750,hff05,hff05_2,long-duration_electrical_50.0~-1.0_1.0,hff05_2_long-duration_electrical_50.0~-1.0_1.0_0,M,Ad,15.127191242303578,150.5,2.297838630823216e+65,1.0,0.0
751,hff05,hff05_2,long-duration_electrical_50.0~-1.0_1.0,hff05_2_long-duration_electrical_50.0~-1.0_1.0_0,M,Ad,15.127191242303578,151.5,6.246172994897961e+65,1.0,0.0
752,hff05,hff05_2,long-duration_electrical_50.0~-1.0_1.0,hff05_2_long-duration_electrical_50.0~-1.0_1.0_0,M,Ad,15.127191242303578,152.5,1.6978858549442743e+66,1.0,0.0
753,hff05,hff05_2,long-duration_electrical_50.0~-1.0_1.0,hff05_2_long-duration_electrical_50.0~-1.0_1.0_0,M,Ad,15.127191242303578,153.5,4.6153322662926706e+66,1.0,0.0
754,hff05,hff05_2,long-duration_electrical_50.0~-1.0_1.0,hff05_2_long-duration_electrical_50.0~-1.0_1.0_0,M,Ad,15.127191242303578,154.5,1.254577383176407e+67,1.0,0.0
755,hff05,hff05_2,long-duration_electrical_50.0~-1.0_1.0,hff05_2_long-duration_electrical_50.0~-1.0_1.0_0,M,Ad,15.127191242303578,155.5,3.4102949030841276e+67,0.98,-0.020202707317519466
756,hff05,hff05_2,long-duration_electrical_50.0~-1.0_1.0,hff05_2_long-duration_electrical_50.0~-1.0_1.0_0,M,Ad,15.127191242303578,156.5,9.270142664740085e+67,1.0,0.0
757,hff05,hff05_2,long-duration_electrical_50.0~-1.0_1.0,hff05_2_long-duration_electrical_50.0~-1.0_1.0_0,M,Ad,15.127191242303578,157.5,2.5198860352785887e+68,0.98,-0.020202707317519466
758,hff05,hff05_2,long-duration_electrical_50.0~-1.0_1.0,hff05_2_long-duration_electrical_50.0~-1.0_1.0_0,M,Ad,15.127191242303578,158.5,6.849760419485496e+68,1.0,0.0
759,hff05,hff05_2,long-duration_electrical_50.0~-1.0_1.0,hff05_2_long-duration_electrical_50.0~-1.0_1.0_0,M,Ad,15.127191242303578,159.5,1.861957927758543e+69,1.0,0.0
760,hff05,hff05_2,long-duration_electrical_50.0~-1.0_1.0,hff05_2_long-duration_electrical_50.0~-1.0_1.0_0,M,Ad,15.127191242303578,160.5,5.0613264003813075e+69,1.0,0.0
761,hff05,hff05_2,long-duration_electrical_50.0~-1.0_1.0,hff05_2_long-duration_electrical_50.0~-1.0_1.0_0,M,Ad,15.127191242303578,161.5,1.3758111582056537e+70,0.96,-0.040821994520255166
762,hff05,hff05_2,long-duration_electrical_50.0~-1.0_1.0,hff05_2_long-duration_electrical_50.0~-1.0_1.0_0,M,Ad,15.127191242303578,162.5,3.7398424707416215e+70,1.0,0.0
763,hff05,hff05_2,long-duration_electrical_50.0~-1.0_1.0,hff05_2_long-duration_electrical_50.0~-1.0_1.0_0,M,Ad,15.127191242303578,163.5,1.0165945829516327e+71,0.98,-0.020202707317519466
764,hff05,hff05_2,long-duration_electrical_50.0~-1.0_1.0,hff05_2_long-duration_electrical_50.0~-1.0_1.0_0,M,Ad,15.127191242303578,164.5,2.763390581747325e+71,1.0,0.0
765,hff05,hff05_2,long-duration_electrical_50.0~-1.0_1.0,hff05_2_long-duration_electrical_50.0~-1.0_1.0_0,M,Ad,15.127191242303578,165.5,7.511674403298623e+71,1.0,0.0
766,hff05,hff05_2,long-duration_electrical_50.0~-1.0_1.0,hff05_2_long-duration_electrical_50.0~-1.0_1.0_0,M,Ad,15.127191242303578,166.5,2.0418848031787588e+72,1.0,0.0
767,hff05,hff05_2,long-duration_electrical_50.0~-1.0_1.0,hff05_2_long-duration_electrical_50.0~-1.0_1.0_0,M,Ad,15.127191242303578,167.5,5.550418356287494e+72,1.0,0.0
768,hff05,hff05_2,long-duration_electrical_50.0~-1.0_1.0,hff05_2_long-duration_electrical_50.0~-1.0_1.0_0,M,Ad,15.127191242303578,168.5,1.5087601358241818e+73,1.0,0.0
769,hff05,hff05_2,long-duration_electrical_50.0~-1.0_1.0,hff05_2_long-duration_electrical_50.0~-1.0_1.0_0,M,Ad,15.127191242303578,169.5,4.101235260714274e+73,0.98,-0.020202707317519466
770,hff05,hff05_2,long-duration_electrical_50.0~-1.0_1.0,hff05_2_long-duration_electrical_50.0~-1.0_1.0_0,M,Ad,15.127191242303578,170.5,1.1148313283435107e+74,1.0,0.0
771,hff05,hff05_2,long-duration_electrical_50.0~-1.0_1.0,hff05_2_long-duration_electrical_50.0~-1.0_1.0_0,M,Ad,15.127191242303578,171.5,3.030425741633024e+74,1.0,0.0
772,hff05,hff05_2,long-duration_electrical_50.0~-1.0_1.0,hff05_2_long-duration_electrical_50.0~-1.0_1.0_0,M,Ad,15.127191242303578,172.5,8.237551225975576e+74,1.0,0.0
773,hff05,hff05_2,long-duration_electrical_50.0~-1.0_1.0,hff05_2_long-duration_electrical_50.0~-1.0_1.0_0,M,Ad,15.127191242303578,173.5,2.239198580856994e+75,1.0,0.0
774,hff05,hff05_2,long-duration_electrical_50.0~-1.0_1.0,hff05_2_long-duration_electrical_50.0~-1.0_1.0_0,M,Ad,15.127191242303578,174.5,6.0867728126548485e+75,0.98,-0.020202707317519466
775,hff05,hff05_2,long-duration_electrical_50.0~-1.0_1.0,hff05_2_long-duration_electrical_50.0~-1.0_1.0_0,M,Ad,15.127191242303578,175.5,1.6545563930598225e+76,0.98,-0.020202707317519466
776,hff05,hff05_2,long-duration_electrical_50.0~-1.0_1.0,hff05_2_long-duration_electrical_50.0~-1.0_1.0_0,M,Ad,15.127191242303578,176.5,4.4975505774152577e+76,1.0,0.0
777,hff05,hff05_2,long-duration_electrical_50.0~-1.0_1.0,hff05_2_long-duration_electrical_50.0~-1.0_1.0_0,M,Ad,15.127191242303578,177.5,1.222561000716338e+77,0.98,-0.020202707317519466
778,hff05,hff05_2,long-duration_electrical_50.0~-1.0_1.0,hff05_2_long-duration_electrical_50.0~-1.0_1.0_0,M,Ad,15.127191242303578,178.5,3.323265352429928e+77,0.98,-0.020202707317519466
779,hff05,hff05_2,long-duration_electrical_50.0~-1.0_1.0,hff05_2_long-duration_electrical_50.0~-1.0_1.0_0,M,Ad,15.127191242303578,179.5,9.033571818657817e+77,1.0,0.0
780,hff05,hff05_2,long-duration_electrical_50.0~-1.0_1.0,hff05_2_long-duration_electrical_50.0~-1.0_1.0_0,M,Ad,15.127191242303578,180.5,2.455579412073727e+78,0.98,-0.020202707317519466
781,hff05,hff05_2,long-duration_electrical_50.0~-1.0_1.0,hff05_2_long-duration_electrical_50.0~-1.0_1.0_0,M,Ad,15.127191242303578,181.5,6.674956894178159e+78,0.86,-0.15082288973458366
782,hff05,hff05_2,long-duration_electrical_50.0~-1.0_1.0,hff05_2_long-duration_electrical_50.0~-1.0_1.0_0,M,Ad,15.127191242303578,182.5,1.8144414031191914e+79,1.0,0.0
783,hff05,hff05_2,long-duration_electrical_50.0~-1.0_1.0,hff05_2_long-duration_electrical_50.0~-1.0_1.0_0,M,Ad,15.127191242303578,183.5,4.932163094902632e+79,1.0,0.0
784,hff05,hff05_2,long-duration_electrical_50.0~-1.0_1.0,hff05_2_long-duration_electrical_50.0~-1.0_1.0_0,M,Ad,15.127191242303578,184.5,1.3407009315870148e+80,1.0,0.0
785,hff05,hff05_2,long-duration_electrical_50.0~-1.0_1.0,hff05_2_long-duration_electrical_50.0~-1.0_1.0_0,M,Ad,15.127191242303578,185.5,3.6444029797310963e+80,0.96,-0.040821994520255166
786,hff05,hff05_2,long-duration_electrical_50.0~-1.0_1.0,hff05_2_long-duration_electrical_50.0~-1.0_1.0_0,M,Ad,15.127191242303578,186.5,9.906514395385036e+80,1.0,0.0
787,hff05,hff05_2,long-duration_electrical_50.0~-1.0_1.0,hff05_2_long-duration_electrical_50.0~-1.0_1.0_0,M,Ad,15.127191242303578,187.5,2.692869806434309e+81,1.0,0.0
788,hff05,hff05_2,long-duration_electrical_50.0~-1.0_1.0,hff05_2_long-duration_electrical_50.0~-1.0_1.0_0,M,Ad,15.127191242303578,188.5,7.319979061236409e+81,1.0,0.0
789,hff05,hff05_2,long-duration_electrical_50.0~-1.0_1.0,hff05_2_long-duration_electrical_50.0~-1.0_1.0_0,M,Ad,15.127191242303578,189.5,1.989776606685963e+82,1.0,0.0
790,hff05,hff05_2,long-duration_electrical_50.0~-1.0_1.0,hff05_2_long-duration_electrical_50.0~-1.0_1.0_0,M,Ad,15.127191242303578,190.5,5.408773592647354e+82,1.0,0.0
791,hff05,hff05_2,long-duration_electrical_50.0~-1.0_1.0,hff05_2_long-duration_electrical_50.0~-1.0_1.0_0,M,Ad,15.127191242303578,191.5,1.470257097114245e+83,1.0,0.0
792,hff05,hff05_2,long-duration_electrical_50.0~-1.0_1.0,hff05_2_long-duration_electrical_50.0~-1.0_1.0_0,M,Ad,15.127191242303578,192.5,3.9965731502485976e+83,1.0,0.0
793,hff05,hff05_2,long-duration_electrical_50.0~-1.0_1.0,hff05_2_long-duration_electrical_50.0~-1.0_1.0_0,M,Ad,15.127191242303578,193.5,1.0863812170428086e+84,1.0,0.0
794,hff05,hff05_2,long-duration_electrical_50.0~-1.0_1.0,hff05_2_long-duration_electrical_50.0~-1.0_1.0_0,M,Ad,15.127191242303578,194.5,2.9530903210666885e+84,1.0,0.0
795,hff05,hff05_2,long-duration_electrical_50.0~-1.0_1.0,hff05_2_long-duration_electrical_50.0~-1.0_1.0_0,M,Ad,15.127191242303578,195.5,8.027331757553867e+84,1.0,0.0
796,hff05,hff05_2,long-duration_electrical_50.0~-1.0_1.0,hff05_2_long-duration_electrical_50.0~-1.0_1.0_0,M,Ad,15.127191242303578,196.5,2.1820550047570884e+85,1.0,0.0
797,hff05,hff05_2,long-duration_electrical_50.0~-1.0_1.0,hff05_2_long-duration_electrical_50.0~-1.0_1.0_0,M,Ad,15.127191242303578,197.5,5.931440468129309e+85,1.0,0.0
798,hff05,hff05_2,long-duration_electrical_50.0~-1.0_1.0,hff05_2_long-duration_electrical_50.0~-1.0_1.0_0,M,Ad,15.127191242303578,198.5,1.6123326841102515e+86,0.98,-0.020202707317519466
799,hff05,hff05_2,long-duration_electrical_50.0~-1.0_1.0,hff05_2_long-duration_electrical_50.0~-1.0_1.0_0,M,Ad,15.127191242303578,199.5,4.3827746366474943e+86,1.0,0.0
800,hff05,hff05_2,long-duration_electrical_50.0~-1.0_1.0,hff05_2_long-duration_electrical_50.0~-1.0_1.0_0,M,Ad,15.127191242303578,200.5,1.1913616653030078e+87,0.98,-0.020202707317519466
801,hff05,hff05_2,long-duration_electrical_50.0~-1.0_1.0,hff05_2_long-duration_electrical_50.0~-1.0_1.0_0,M,Ad,15.127191242303578,201.5,3.238456765915873e+87,1.0,0.0
802,hff05,hff05_2,long-duration_electrical_50.0~-1.0_1.0,hff05_2_long-duration_electrical_50.0~-1.0_1.0_0,M,Ad,15.127191242303578,202.5,8.803038179039366e+87,1.0,0.0
803,hff05,hff05_2,long-duration_electrical_50.0~-1.0_1.0,hff05_2_long-duration_electrical_50.0~-1.0_1.0_0,M,Ad,15.127191242303578,203.5,2.392913871731391e+88,1.0,0.0
804,hff05,hff05_2,long-duration_electrical_50.0~-1.0_1.0,hff05_2_long-duration_electrical_50.0~-1.0_1.0_0,M,Ad,15.127191242303578,204.5,6.50461429459502e+88,1.0,0.0
805,hff05,hff05_2,long-duration_electrical_50.0~-1.0_1.0,hff05_2_long-duration_electrical_50.0~-1.0_1.0_0,M,Ad,15.127191242303578,205.5,1.7681374838132593e+89,1.0,0.0
806,hff05,hff05_2,long-duration_electrical_50.0~-1.0_1.0,hff05_2_long-duration_electrical_50.0~-1.0_1.0_0,M,Ad,15.127191242303578,206.5,4.806295992466882e+89,1.0,0.0
807,hff05,hff05_2,long-duration_electrical_50.0~-1.0_1.0,hff05_2_long-duration_electrical_50.0~-1.0_1.0_0,M,Ad,15.127191242303578,207.5,1.3064867058518258e+90,1.0,0.0
808,hff05,hff05_2,long-duration_electrical_50.0~-1.0_1.0,hff05_2_long-duration_electrical_50.0~-1.0_1.0_0,M,Ad,15.127191242303578,208.5,3.5513990716403354e+90,1.0,0.0
809,hff05,hff05_2,long-duration_electrical_50.0~-1.0_1.0,hff05_2_long-duration_electrical_50.0~-1.0_1.0_0,M,Ad,15.127191242303578,209.5,9.653703562046247e+90,1.0,0.0
810,hff05,hff05_2,long-duration_electrical_50.0~-1.0_1.0,hff05_2_long-duration_electrical_50.0~-1.0_1.0_0,M,Ad,15.127191242303578,210.5,2.624148697004067e+91,1.0,0.0
811,hff05,hff05_2,long-duration_electrical_50.0~-1.0_1.0,hff05_2_long-duration_electrical_50.0~-1.0_1.0_0,M,Ad,15.127191242303578,211.5,7.133175718240636e+91,1.0,0.0
812,hff05,hff05_2,long-duration_electrical_50.0~-1.0_1.0,hff05_2_long-duration_electrical_50.0~-1.0_1.0_0,M,Ad,15.127191242303578,212.5,1.938998193409882e+92,1.0,0.0
813,hff05,hff05_2,long-duration_electrical_50.0~-1.0_1.0,hff05_2_long-duration_electrical_50.0~-1.0_1.0_0,M,Ad,15.127191242303578,213.5,5.270743554560999e+92,1.0,0.0
814,hff05,hff05_2,long-duration_electrical_50.0~-1.0_1.0,hff05_2_long-duration_electrical_50.0~-1.0_1.0_0,M,Ad,15.127191242303578,214.5,1.4327366426830802e+93,0.82,-0.19845093872383832
815,hff05,hff05_2,long-duration_electrical_50.0~-1.0_1.0,hff05_2_long-duration_electrical_50.0~-1.0_1.0_0,M,Ad,15.127191242303578,215.5,3.894581980772837e+93,1.0,0.0
816,hff05,hff05_2,long-duration_electrical_50.0~-1.0_1.0,hff05_2_long-duration_electrical_50.0~-1.0_1.0_0,M,Ad,15.127191242303578,216.5,1.0586571427778838e+94,0.86,-0.15082288973458366
817,hff05,hff05_2,long-duration_electrical_50.0~-1.0_1.0,hff05_2_long-duration_electrical_50.0~-1.0_1.0_0,M,Ad,15.127191242303578,217.5,2.877728473781494e+94,1.0,0.0
818,hff05,hff05_2,long-duration_electrical_50.0~-1.0_1.0,hff05_2_long-duration_electrical_50.0~-1.0_1.0_0,M,Ad,15.127191242303578,218.5,7.822477017519418e+94,1.0,0.0
819,hff05,hff05_2,long-duration_electrical_50.0~-1.0_1.0,hff05_2_long-duration_electrical_50.0~-1.0_1.0_0,M,Ad,15.127191242303578,219.5,2.126369713026154e+95,0.98,-0.020202707317519466
820,hff05,hff05_2,long-duration_electrical_50.0~-1.0_1.0,hff05_2_long-duration_electrical_50.0~-1.0_1.0_0,M,Ad,15.127191242303578,220.5,5.780072151504669e+95,0.98,-0.020202707317519466
821,hff05,hff05_2,long-duration_electrical_50.0~-1.0_1.0,hff05_2_long-duration_electrical_50.0~-1.0_1.0_0,M,Ad,15.127191242303578,221.5,1.5711865096617322e+96,1.0,0.0
822,hff05,hff05_2,long-duration_electrical_50.0~-1.0_1.0,hff05_2_long-duration_electrical_50.0~-1.0_1.0_0,M,Ad,15.127191242303578,222.5,4.2709277383334783e+96,0.8,-0.2231435513142097
823,hff05,hff05_2,long-duration_electrical_50.0~-1.0_1.0,hff05_2_long-duration_electrical_50.0~-1.0_1.0_0,M,Ad,15.127191242303578,223.5,1.1609585261773583e+97,1.0,0.0
824,hff05,hff05_2,long-duration_electrical_50.0~-1.0_1.0,hff05_2_long-duration_electrical_50.0~-1.0_1.0_0,M,Ad,15.127191242303578,224.5,3.1558124653025077e+97,1.0,0.0
825,hff05,hff05_2,long-duration_electrical_50.0~-1.0_1.0,hff05_2_long-duration_electrical_50.0~-1.0_1.0_0,M,Ad,15.127191242303578,225.5,8.578387678456348e+97,1.0,0.0
826,hff05,hff05_2,long-duration_electrical_50.0~-1.0_1.0,hff05_2_long-duration_electrical_50.0~-1.0_1.0_0,M,Ad,15.127191242303578,226.5,2.3318475343824867e+98,1.0,0.0
827,hff05,hff05_2,long-duration_electrical_50.0~-1.0_1.0,hff05_2_long-duration_electrical_50.0~-1.0_1.0_0,M,Ad,15.127191242303578,227.5,6.338618779448942e+98,1.0,0.0
828,hff05,hff05_2,long-duration_electrical_50.0~-1.0_1.0,hff05_2_long-duration_electrical_50.0~-1.0_1.0_0,M,Ad,15.127191242303578,228.5,1.723015224570531e+99,0.98,-0.020202707317519466
829,hff05,hff05_2,long-duration_electrical_50.0~-1.0_1.0,hff05_2_long-duration_electrical_50.0~-1.0_1.0_0,M,Ad,15.127191242303578,229.5,4.683640975108356e+99,1.0,0.0
830,hff05,hff05_2,long-duration_electrical_50.0~-1.0_1.0,hff05_2_long-duration_electrical_50.0~-1.0_1.0_0,M,Ad,15.127191242303578,230.5,1.2731456153663248e+100,0.92,-0.08338160893905101
831,hff05,hff05_2,long-duration_electrical_50.0~-1.0_1.0,hff05_2_long-duration_electrical_50.0~-1.0_1.0_0,M,Ad,15.127191242303578,231.5,3.4607685912325894e+100,0.94,-0.06187540371808753
832,hff05,hff05_2,long-duration_electrical_50.0~-1.0_1.0,hff05_2_long-duration_electrical_50.0~-1.0_1.0_0,M,Ad,15.127191242303578,232.5,9.407344374049358e+100,0.98,-0.020202707317519466
833,hff05,hff05_2,long-duration_electrical_50.0~-1.0_1.0,hff05_2_long-duration_electrical_50.0~-1.0_1.0_0,M,Ad,15.127191242303578,233.5,2.55718132660348e+101,0.98,-0.020202707317519466
834,hff05,hff05_2,long-duration_electrical_50.0~-1.0_1.0,hff05_2_long-duration_electrical_50.0~-1.0_1.0_0,M,Ad,15.127191242303578,234.5,6.951139532181034e+101,1.0,0.0
835,hff05,hff05_2,long-duration_electrical_50.0~-1.0_1.0,hff05_2_long-duration_electrical_50.0~-1.0_1.0_0,M,Ad,15.127191242303578,235.5,1.8895156277411014e+102,1.0,0.0
836,hff05,hff05_2,long-duration_electrical_50.0~-1.0_1.0,hff05_2_long-duration_electrical_50.0~-1.0_1.0_0,M,Ad,15.127191242303578,236.5,5.136235995478022e+102,0.98,-0.020202707317519466
837,hff05,hff05_2,long-duration_electrical_50.0~-1.0_1.0,hff05_2_long-duration_electrical_50.0~-1.0_1.0_0,M,Ad,15.127191242303578,237.5,1.3961736973185161e+103,1.0,0.0
838,hff05,hff05_2,long-duration_electrical_50.0~-1.0_1.0,hff05_2_long-duration_electrical_50.0~-1.0_1.0_0,M,Ad,15.127191242303578,238.5,3.795193590793402e+103,0.96,-0.040821994520255166
839,hff05,hff05_2,long-duration_electrical_50.0~-1.0_1.0,hff05_2_long-duration_electrical_50.0~-1.0_1.0_0,M,Ad,15.127191242303578,239.5,1.0316405773337937e+104,0.98,-0.020202707317519466
840,hff05,hff05_2,long-duration_electrical_50.0~-1.0_1.0,hff05_2_long-duration_electrical_50.0~-1.0_1.0_0,M,Ad,15.127191242303578,240.5,2.80428983486745e+104,0.96,-0.040821994520255166
841,hff05,hff05_2,long-duration_electrical_50.0~-1.0_1.0,hff05_2_long-duration_electrical_50.0~-1.0_1.0_0,M,Ad,15.127191242303578,241.5,7.622850099852606e+104,1.0,0.0
842,hff05,hff05_2,long-duration_electrical_50.0~-1.0_1.0,hff05_2_long-duration_electrical_50.0~-1.0_1.0_0,M,Ad,15.127191242303578,242.5,2.0721054907496557e+105,1.0,0.0
843,hff05,hff05_2,long-duration_electrical_50.0~-1.0_1.0,hff05_2_long-duration_electrical_50.0~-1.0_1.0_0,M,Ad,15.127191242303578,243.5,5.632566702155002e+105,0.98,-0.020202707317519466
844,hff05,hff05_2,long-duration_electrical_50.0~-1.0_1.0,hff05_2_long-duration_electrical_50.0~-1.0_1.0_0,M,Ad,15.127191242303578,244.5,1.531090371405143e+106,1.0,0.0
845,hff05,hff05_2,long-duration_electrical_50.0~-1.0_1.0,hff05_2_long-duration_electrical_50.0~-1.0_1.0_0,M,Ad,15.127191242303578,245.5,4.161935134319211e+106,1.0,0.0
846,hff05,hff05_2,long-duration_electrical_50.0~-1.0_1.0,hff05_2_long-duration_electrical_50.0~-1.0_1.0_0,M,Ad,15.127191242303578,246.5,1.1313312646845167e+107,1.0,0.0
847,hff05,hff05_2,long-duration_electrical_50.0~-1.0_1.0,hff05_2_long-duration_electrical_50.0~-1.0_1.0_0,M,Ad,15.127191242303578,247.5,3.0752772187595124e+107,1.0,0.0
848,hff05,hff05_2,long-duration_electrical_50.0~-1.0_1.0,hff05_2_long-duration_electrical_50.0~-1.0_1.0_0,M,Ad,15.127191242303578,248.5,8.359470181228054e+107,0.98,-0.020202707317519466
849,hff05,hff05_2,long-duration_electrical_50.0~-1.0_1.0,hff05_2_long-duration_electrical_50.0~-1.0_1.0_0,M,Ad,15.127191242303578,249.5,2.272339588917746e+108,0.98,-0.020202707317519466
850,hff05,hff05_2,long-duration_electrical_50.0~-1.0_1.0,hff05_2_long-duration_electrical_50.0~-1.0_1.0_0,M,Ad,15.127191242303578,250.5,6.176859412643206e+108,1.0,0.0
851,hff05,hff05_2,long-duration_electrical_50.0~-1.0_1.0,hff05_2_long-duration_electrical_50.0~-1.0_1.0_0,M,Ad,15.127191242303578,251.5,1.679044469833424e+109,1.0,0.0
852,hff05,hff05_2,long-duration_electrical_50.0~-1.0_1.0,hff05_2_long-duration_electrical_50.0~-1.0_1.0_0,M,Ad,15.127191242303578,252.5,4.564116071522848e+109,0.78,-0.2484613592984996
853,hff05,hff05_2,long-duration_electrical_50.0~-1.0_1.0,hff05_2_long-duration_electrical_50.0~-1.0_1.0_0,M,Ad,15.127191242303578,253.5,1.240655378019844e+110,0.98,-0.020202707317519466
854,hff05,hff05_2,long-duration_electrical_50.0~-1.0_1.0,hff05_2_long-duration_electrical_50.0~-1.0_1.0_0,M,Ad,15.127191242303578,254.5,3.37245096945133e+110,1.0,0.0
855,hff05,hff05_2,long-duration_electrical_50.0~-1.0_1.0,hff05_2_long-duration_electrical_50.0~-1.0_1.0_0,M,Ad,15.127191242303578,255.5,9.16727218762864e+110,1.0,0.0
856,hff05,hff05_2,long-duration_electrical_50.0~-1.0_1.0,hff05_2_long-duration_electrical_50.0~-1.0_1.0_0,M,Ad,15.127191242303578,256.5,2.491922940416893e+111,0.98,-0.020202707317519466
857,hff05,hff05_2,long-duration_electrical_50.0~-1.0_1.0,hff05_2_long-duration_electrical_50.0~-1.0_1.0_0,M,Ad,15.127191242303578,257.5,6.773748846855472e+111,1.0,0.0
858,hff05,hff05_2,long-duration_electrical_50.0~-1.0_1.0,hff05_2_long-duration_electrical_50.0~-1.0_1.0_0,M,Ad,15.127191242303578,258.5,1.8412958400952643e+112,0.98,-0.020202707317519466
859,hff05,hff05_2,long-duration_electrical_50.0~-1.0_1.0,hff05_2_long-duration_electrical_50.0~-1.0_1.0_0,M,Ad,15.127191242303578,259.5,5.005161022948189e+112,1.0,0.0
860,hff05,hff05_2,long-duration_electrical_50.0~-1.0_1.0,hff05_2_long-duration_electrical_50.0~-1.0_1.0_0,M,Ad,15.127191242303578,260.5,1.3605438257191548e+113,1.0,0.0
861,hff05,hff05_2,long-duration_electrical_50.0~-1.0_1.0,hff05_2_long-duration_electrical_50.0~-1.0_1.0_0,M,Ad,15.127191242303578,261.5,3.698341558274529e+113,1.0,0.0
862,hff05,hff05_2,long-duration_electrical_50.0~-1.0_1.0,hff05_2_long-duration_electrical_50.0~-1.0_1.0_0,M,Ad,15.127191242303578,262.5,1.005313465329256e+114,0.98,-0.020202707317519466
863,hff05,hff05_2,long-duration_electrical_50.0~-1.0_1.0,hff05_2_long-duration_electrical_50.0~-1.0_1.0_0,M,Ad,15.127191242303578,263.5,2.732725324709709e+114,1.0,0.0
864,hff05,hff05_2,long-duration_electrical_50.0~-1.0_1.0,hff05_2_long-duration_electrical_50.0~-1.0_1.0_0,M,Ad,15.127191242303578,264.5,7.428317592328247e+114,1.0,0.0
865,hff05,hff05_2,long-duration_electrical_50.0~-1.0_1.0,hff05_2_long-duration_electrical_50.0~-1.0_1.0_0,M,Ad,15.127191242303578,265.5,2.0192260727248517e+115,0.98,-0.020202707317519466
866,hff05,hff05_2,long-duration_electrical_50.0~-1.0_1.0,hff05_2_long-duration_electrical_50.0~-1.0_1.0_0,M,Ad,15.127191242303578,266.5,5.4888255410386875e+115,1.0,0.0
867,hff05,hff05_2,long-duration_electrical_50.0~-1.0_1.0,hff05_2_long-duration_electrical_50.0~-1.0_1.0_0,M,Ad,15.127191242303578,267.5,1.4920174727787351e+116,0.98,-0.020202707317519466
868,hff05,hff05_2,long-duration_electrical_50.0~-1.0_1.0,hff05_2_long-duration_electrical_50.0~-1.0_1.0_0,M,Ad,15.127191242303578,268.5,4.055723983997824e+116,1.0,0.0
869,hff05,hff05_2,long-duration_electrical_50.0~-1.0_1.0,hff05_2_long-duration_electrical_50.0~-1.0_1.0_0,M,Ad,15.127191242303578,269.5,1.1024600806946808e+117,1.0,0.0
870,hff05,hff05_2,long-duration_electrical_50.0~-1.0_1.0,hff05_2_long-duration_electrical_50.0~-1.0_1.0_0,M,Ad,15.127191242303578,270.5,2.9967972039538434e+117,1.0,0.0
871,hff05,hff05_2,long-duration_electrical_50.0~-1.0_1.0,hff05_2_long-duration_electrical_50.0~-1.0_1.0_0,M,Ad,15.127191242303578,271.5,8.146139383084608e+117,1.0,0.0
872,hff05,hff05_2,long-duration_electrical_50.0~-1.0_1.0,hff05_2_long-duration_electrical_50.0~-1.0_1.0_0,M,Ad,15.127191242303578,272.5,2.214350265713347e+118,1.0,0.0
873,hff05,hff05_2,long-duration_electrical_50.0~-1.0_1.0,hff05_2_long-duration_electrical_50.0~-1.0_1.0_0,M,Ad,15.127191242303578,273.5,6.019228089132049e+118,1.0,0.0
874,hff05,hff05_2,long-duration_electrical_50.0~-1.0_1.0,hff05_2_long-duration_electrical_50.0~-1.0_1.0_0,M,Ad,15.127191242303578,274.5,1.636195833603791e+119,1.0,0.0
875,hff05,hff05_2,long-duration_electrical_50.0~-1.0_1.0,hff05_2_long-duration_electrical_50.0~-1.0_1.0_0,M,Ad,15.127191242303578,275.5,4.447641402285585e+119,0.96,-0.040821994520255166
876,hff05,hff05_2,long-duration_electrical_50.0~-1.0_1.0,hff05_2_long-duration_electrical_50.0~-1.0_1.0_0,M,Ad,15.127191242303578,276.5,1.2089942803335012e+120,1.0,0.0
877,hff05,hff05_2,long-duration_electrical_50.0~-1.0_1.0,hff05_2_long-duration_electrical_50.0~-1.0_1.0_0,M,Ad,15.127191242303578,277.5,3.286387182941477e+120,0.96,-0.040821994520255166
878,hff05,hff05_2,long-duration_electrical_50.0~-1.0_1.0,hff05_2_long-duration_electrical_50.0~-1.0_1.0_0,M,Ad,15.127191242303578,278.5,8.933326560670529e+120,1.0,0.0
879,hff05,hff05_2,long-duration_electrical_50.0~-1.0_1.0,hff05_2_long-duration_electrical_50.0~-1.0_1.0_0,M,Ad,15.127191242303578,279.5,2.428329925756124e+121,1.0,0.0
880,hff05,hff05_2,long-duration_electrical_50.0~-1.0_1.0,hff05_2_long-duration_electrical_50.0~-1.0_1.0_0,M,Ad,15.127191242303578,280.5,6.600885110686175e+121,0.98,-0.020202707317519466
881,hff05,hff05_2,long-duration_electrical_50.0~-1.0_1.0,hff05_2_long-duration_electrical_50.0~-1.0_1.0_0,M,Ad,15.127191242303578,281.5,1.79430660481241e+122,0.98,-0.020202707317519466
882,hff05,hff05_2,long-duration_electrical_50.0~-1.0_1.0,hff05_2_long-duration_electrical_50.0~-1.0_1.0_0,M,Ad,15.127191242303578,282.5,4.877431038545619e+122,1.0,0.0
883,hff05,hff05_2,long-duration_electrical_50.0~-1.0_1.0,hff05_2_long-duration_electrical_50.0~-1.0_1.0_0,M,Ad,15.127191242303578,283.5,1.3258232161640687e+123,1.0,0.0
884,hff05,hff05_2,long-duration_electrical_50.0~-1.0_1.0,hff05_2_long-duration_electrical_50.0~-1.0_1.0_0,M,Ad,15.127191242303578,284.5,3.603961156247916e+123,0.98,-0.020202707317519466
885,hff05,hff05_2,long-duration_electrical_50.0~-1.0_1.0,hff05_2_long-duration_electrical_50.0~-1.0_1.0_0,M,Ad,15.127191242303578,285.5,9.796582121500962e+123,1.0,0.0
886,hff05,hff05_2,long-duration_electrical_50.0~-1.0_1.0,hff05_2_long-duration_electrical_50.0~-1.0_1.0_0,M,Ad,15.127191242303578,286.5,2.6629871161882825e+124,1.0,0.0
887,hff05,hff05_2,long-duration_electrical_50.0~-1.0_1.0,hff05_2_long-duration_electrical_50.0~-1.0_1.0_0,M,Ad,15.127191242303578,287.5,7.238749487355165e+124,1.0,0.0
888,hff05,hff05_2,long-duration_electrical_50.0~-1.0_1.0,hff05_2_long-duration_electrical_50.0~-1.0_1.0_0,M,Ad,15.127191242303578,288.5,1.9676961192244775e+125,1.0,0.0
889,hff05,hff05_2,long-duration_electrical_50.0~-1.0_1.0,hff05_2_long-duration_electrical_50.0~-1.0_1.0_0,M,Ad,15.127191242303578,289.5,5.3487526048172796e+125,1.0,0.0
890,hff05,hff05_2,long-duration_electrical_50.0~-1.0_1.0,hff05_2_long-duration_electrical_50.0~-1.0_1.0_0,M,Ad,15.127191242303578,290.5,1.4539417010597797e+126,1.0,0.0
891,hff05,hff05_2,long-duration_electrical_50.0~-1.0_1.0,hff05_2_long-duration_electrical_50.0~-1.0_1.0_0,M,Ad,15.127191242303578,291.5,3.952223305629632e+126,1.0,0.0
892,hff05,hff05_2,long-duration_electrical_50.0~-1.0_1.0,hff05_2_long-duration_electrical_50.0~-1.0_1.0_0,M,Ad,15.127191242303578,292.5,1.0743256793705369e+127,1.0,0.0
893,hff05,hff05_2,long-duration_electrical_50.0~-1.0_1.0,hff05_2_long-duration_electrical_50.0~-1.0_1.0_0,M,Ad,15.127191242303578,293.5,2.920319972079849e+127,1.0,0.0
894,hff05,hff05_2,long-duration_electrical_50.0~-1.0_1.0,hff05_2_long-duration_electrical_50.0~-1.0_1.0_0,M,Ad,15.127191242303578,294.5,7.93825271339068e+127,1.0,0.0
895,hff05,hff05_2,long-duration_electrical_50.0~-1.0_1.0,hff05_2_long-duration_electrical_50.0~-1.0_1.0_0,M,Ad,15.127191242303578,295.5,2.1578408100525594e+128,0.98,-0.020202707317519466
896,hff05,hff05_2,long-duration_electrical_50.0~-1.0_1.0,hff05_2_long-duration_electrical_50.0~-1.0_1.0_0,M,Ad,15.127191242303578,296.5,5.865619462673218e+128,1.0,0.0
897,hff05,hff05_2,long-duration_electrical_50.0~-1.0_1.0,hff05_2_long-duration_electrical_50.0~-1.0_1.0_0,M,Ad,15.127191242303578,297.5,1.594440679804032e+129,0.94,-0.06187540371808753
898,hff05,hff05_2,long-duration_electrical_50.0~-1.0_1.0,hff05_2_long-duration_electrical_50.0~-1.0_1.0_0,M,Ad,15.127191242303578,298.5,4.334139126467187e+129,0.98,-0.020202707317519466
899,hff05,hff05_2,long-duration_electrical_50.0~-1.0_1.0,hff05_2_long-duration_electrical_50.0~-1.0_1.0_0,M,Ad,15.127191242303578,299.5,1.1781411629489113e+130,0.98,-0.020202707317519466
900,hff20,hff20_1,long-duration_electrical_50.0~-1.0_1.0,hff20_1_long-duration_electrical_50.0~-1.0_1.0_0,F,SA,17.951329875519964,0.5,1.6487212707001282,1.0,0.0
901,hff20,hff20_1,long-duration_electrical_50.0~-1.0_1.0,hff20_1_long-duration_electrical_50.0~-1.0_1.0_0,F,SA,17.951329875519964,1.5,4.4816890703380645,1.0,0.0
902,hff20,hff20_1,long-duration_electrical_50.0~-1.0_1.0,hff20_1_long-duration_electrical_50.0~-1.0_1.0_0,F,SA,17.951329875519964,2.5,12.182493960703473,1.0,0.0
903,hff20,hff20_1,long-duration_electrical_50.0~-1.0_1.0,hff20_1_long-duration_electrical_50.0~-1.0_1.0_0,F,SA,17.951329875519964,3.5,33.11545195869231,1.0,0.0
904,hff20,hff20_1,long-duration_electrical_50.0~-1.0_1.0,hff20_1_long-duration_electrical_50.0~-1.0_1.0_0,F,SA,17.951329875519964,4.5,90.01713130052181,1.0,0.0
905,hff20,hff20_1,long-duration_electrical_50.0~-1.0_1.0,hff20_1_long-duration_electrical_50.0~-1.0_1.0_0,F,SA,17.951329875519964,5.5,244.69193226422038,1.0,0.0
906,hff20,hff20_1,long-duration_electrical_50.0~-1.0_1.0,hff20_1_long-duration_electrical_50.0~-1.0_1.0_0,F,SA,17.951329875519964,6.5,665.1416330443618,1.0,0.0
907,hff20,hff20_1,long-duration_electrical_50.0~-1.0_1.0,hff20_1_long-duration_electrical_50.0~-1.0_1.0_0,F,SA,17.951329875519964,7.5,1808.0424144560632,1.0,0.0
908,hff20,hff20_1,long-duration_electrical_50.0~-1.0_1.0,hff20_1_long-duration_electrical_50.0~-1.0_1.0_0,F,SA,17.951329875519964,8.5,4914.768840299134,1.0,0.0
909,hff20,hff20_1,long-duration_electrical_50.0~-1.0_1.0,hff20_1_long-duration_electrical_50.0~-1.0_1.0_0,F,SA,17.951329875519964,9.5,13359.726829661873,1.0,0.0
910,hff20,hff20_1,long-duration_electrical_50.0~-1.0_1.0,hff20_1_long-duration_electrical_50.0~-1.0_1.0_0,F,SA,17.951329875519964,10.5,36315.502674246636,1.0,0.0
911,hff20,hff20_1,long-duration_electrical_50.0~-1.0_1.0,hff20_1_long-duration_electrical_50.0~-1.0_1.0_0,F,SA,17.951329875519964,11.5,98715.7710107605,1.0,0.0
912,hff20,hff20_1,long-duration_electrical_50.0~-1.0_1.0,hff20_1_long-duration_electrical_50.0~-1.0_1.0_0,F,SA,17.951329875519964,12.5,268337.2865208745,1.0,0.0
913,hff20,hff20_1,long-duration_electrical_50.0~-1.0_1.0,hff20_1_long-duration_electrical_50.0~-1.0_1.0_0,F,SA,17.951329875519964,13.5,729416.3698477013,1.0,0.0
914,hff20,hff20_1,long-duration_electrical_50.0~-1.0_1.0,hff20_1_long-duration_electrical_50.0~-1.0_1.0_0,F,SA,17.951329875519964,14.5,1982759.2635375687,1.0,0.0
915,hff20,hff20_1,long-duration_electrical_50.0~-1.0_1.0,hff20_1_long-duration_electrical_50.0~-1.0_1.0_0,F,SA,17.951329875519964,15.5,5389698.476283012,1.0,0.0
916,hff20,hff20_1,long-duration_electrical_50.0~-1.0_1.0,hff20_1_long-duration_electrical_50.0~-1.0_1.0_0,F,SA,17.951329875519964,16.5,14650719.428953517,1.0,0.0
917,hff20,hff20_1,long-duration_electrical_50.0~-1.0_1.0,hff20_1_long-duration_electrical_50.0~-1.0_1.0_0,F,SA,17.951329875519964,17.5,39824784.39757623,1.0,0.0
918,hff20,hff20_1,long-duration_electrical_50.0~-1.0_1.0,hff20_1_long-duration_electrical_50.0~-1.0_1.0_0,F,SA,17.951329875519964,18.5,108254987.75023076,1.0,0.0
919,hff20,hff20_1,long-duration_electrical_50.0~-1.0_1.0,hff20_1_long-duration_electrical_50.0~-1.0_1.0_0,F,SA,17.951329875519964,19.5,294267566.0415088,1.0,0.0
920,hff20,hff20_1,long-duration_electrical_50.0~-1.0_1.0,hff20_1_long-duration_electrical_50.0~-1.0_1.0_0,F,SA,17.951329875519964,20.5,799902177.4755054,1.0,0.0
921,hff20,hff20_1,long-duration_electrical_50.0~-1.0_1.0,hff20_1_long-duration_electrical_50.0~-1.0_1.0_0,F,SA,17.951329875519964,21.5,2174359553.5764885,0.98,-0.020202707317519466
922,hff20,hff20_1,long-duration_electrical_50.0~-1.0_1.0,hff20_1_long-duration_electrical_50.0~-1.0_1.0_0,F,SA,17.951329875519964,22.5,5910522063.023291,1.0,0.0
923,hff20,hff20_1,long-duration_electrical_50.0~-1.0_1.0,hff20_1_long-duration_electrical_50.0~-1.0_1.0_0,F,SA,17.951329875519964,23.5,16066464720.622478,0.96,-0.040821994520255166
924,hff20,hff20_1,long-duration_electrical_50.0~-1.0_1.0,hff20_1_long-duration_electrical_50.0~-1.0_1.0_0,F,SA,17.951329875519964,24.5,43673179097.646416,0.96,-0.040821994520255166
925,hff20,hff20_1,long-duration_electrical_50.0~-1.0_1.0,hff20_1_long-duration_electrical_50.0~-1.0_1.0_0,F,SA,17.951329875519964,25.5,118716009132.16965,0.9,-0.10536051565782628
926,hff20,hff20_1,long-duration_electrical_50.0~-1.0_1.0,hff20_1_long-duration_electrical_50.0~-1.0_1.0_0,F,SA,17.951329875519964,26.5,322703570371.15485,0.9,-0.10536051565782628
927,hff20,hff20_1,long-duration_electrical_50.0~-1.0_1.0,hff20_1_long-duration_electrical_50.0~-1.0_1.0_0,F,SA,17.951329875519964,27.5,877199251318.7649,0.92,-0.08338160893905101
928,hff20,hff20_1,long-duration_electrical_50.0~-1.0_1.0,hff20_1_long-duration_electrical_50.0~-1.0_1.0_0,F,SA,17.951329875519964,28.5,2384474784797.6777,0.92,-0.08338160893905101
929,hff20,hff20_1,long-duration_electrical_50.0~-1.0_1.0,hff20_1_long-duration_electrical_50.0~-1.0_1.0_0,F,SA,17.951329875519964,29.5,6481674477934.32,0.92,-0.08338160893905101
930,hff20,hff20_1,long-duration_electrical_50.0~-1.0_1.0,hff20_1_long-duration_electrical_50.0~-1.0_1.0_0,F,SA,17.951329875519964,30.5,17619017951355.633,0.84,-0.1743533871447778
931,hff20,hff20_1,long-duration_electrical_50.0~-1.0_1.0,hff20_1_long-duration_electrical_50.0~-1.0_1.0_0,F,SA,17.951329875519964,31.5,47893456332463.73,0.8,-0.2231435513142097
932,hff20,hff20_1,long-duration_electrical_50.0~-1.0_1.0,hff20_1_long-duration_electrical_50.0~-1.0_1.0_0,F,SA,17.951329875519964,32.5,130187912050632.94,0.8,-0.2231435513142097
933,hff20,hff20_1,long-duration_electrical_50.0~-1.0_1.0,hff20_1_long-duration_electrical_50.0~-1.0_1.0_0,F,SA,17.951329875519964,33.5,353887435612259.9,0.84,-0.1743533871447778
934,hff20,hff20_1,long-duration_electrical_50.0~-1.0_1.0,hff20_1_long-duration_electrical_50.0~-1.0_1.0_0,F,SA,17.951329875519964,34.5,961965785544776.4,0.72,-0.3285040669720361
935,hff20,hff20_1,long-duration_electrical_50.0~-1.0_1.0,hff20_1_long-duration_electrical_50.0~-1.0_1.0_0,F,SA,17.951329875519964,35.5,2614894114445696.5,0.8,-0.2231435513142097
936,hff20,hff20_1,long-duration_electrical_50.0~-1.0_1.0,hff20_1_long-duration_electrical_50.0~-1.0_1.0_0,F,SA,17.951329875519964,36.5,7108019154642244.0,0.88,-0.12783337150988489
937,hff20,hff20_1,long-duration_electrical_50.0~-1.0_1.0,hff20_1_long-duration_electrical_50.0~-1.0_1.0_0,F,SA,17.951329875519964,37.5,1.9321599304402836e+16,0.9,-0.10536051565782628
938,hff20,hff20_1,long-duration_electrical_50.0~-1.0_1.0,hff20_1_long-duration_electrical_50.0~-1.0_1.0_0,F,SA,17.951329875519964,38.5,5.252155228592516e+16,0.82,-0.19845093872383832
939,hff20,hff20_1,long-duration_electrical_50.0~-1.0_1.0,hff20_1_long-duration_electrical_50.0~-1.0_1.0_0,F,SA,17.951329875519964,39.5,1.4276838118129198e+17,0.8,-0.2231435513142097
940,hff20,hff20_1,long-duration_electrical_50.0~-1.0_1.0,hff20_1_long-duration_electrical_50.0~-1.0_1.0_0,F,SA,17.951329875519964,40.5,3.8808469624362035e+17,0.94,-0.06187540371808753
941,hff20,hff20_1,long-duration_electrical_50.0~-1.0_1.0,hff20_1_long-duration_electrical_50.0~-1.0_1.0_0,F,SA,17.951329875519964,41.5,1.0549235777020814e+18,0.8,-0.2231435513142097
942,hff20,hff20_1,long-duration_electrical_50.0~-1.0_1.0,hff20_1_long-duration_electrical_50.0~-1.0_1.0_0,F,SA,17.951329875519964,42.5,2.8675795916805714e+18,0.74,-0.3011050927839216
943,hff20,hff20_1,long-duration_electrical_50.0~-1.0_1.0,hff20_1_long-duration_electrical_50.0~-1.0_1.0_0,F,SA,17.951329875519964,43.5,7.794889495725307e+18,0.74,-0.3011050927839216
944,hff20,hff20_1,long-duration_electrical_50.0~-1.0_1.0,hff20_1_long-duration_electrical_50.0~-1.0_1.0_0,F,SA,17.951329875519964,44.5,2.118870647107639e+19,0.82,-0.19845093872383832
945,hff20,hff20_1,long-duration_electrical_50.0~-1.0_1.0,hff20_1_long-duration_electrical_50.0~-1.0_1.0_0,F,SA,17.951329875519964,45.5,5.759687576887954e+19,0.76,-0.2744368457017603
946,hff20,hff20_1,long-duration_electrical_50.0~-1.0_1.0,hff20_1_long-duration_electrical_50.0~-1.0_1.0_0,F,SA,17.951329875519964,46.5,1.5656454077855836e+20,0.84,-0.1743533871447778
947,hff20,hff20_1,long-duration_electrical_50.0~-1.0_1.0,hff20_1_long-duration_electrical_50.0~-1.0_1.0_0,F,SA,17.951329875519964,47.5,4.255865461793903e+20,0.8,-0.2231435513142097
948,hff20,hff20_1,long-duration_electrical_50.0~-1.0_1.0,hff20_1_long-duration_electrical_50.0~-1.0_1.0_0,F,SA,17.951329875519964,48.5,1.156864174916083e+21,0.74,-0.3011050927839216
949,hff20,hff20_1,long-duration_electrical_50.0~-1.0_1.0,hff20_1_long-duration_electrical_50.0~-1.0_1.0_0,F,SA,17.951329875519964,49.5,3.144682864669655e+21,0.72,-0.3285040669720361
950,hff20,hff20_1,long-duration_electrical_50.0~-1.0_1.0,hff20_1_long-duration_electrical_50.0~-1.0_1.0_0,F,SA,17.951329875519964,50.5,8.548134287298057e+21,0.82,-0.19845093872383832
951,hff20,hff20_1,long-duration_electrical_50.0~-1.0_1.0,hff20_1_long-duration_electrical_50.0~-1.0_1.0_0,F,SA,17.951329875519964,51.5,2.3236238100390023e+22,0.8,-0.2231435513142097
952,hff20,hff20_1,long-duration_electrical_50.0~-1.0_1.0,hff20_1_long-duration_electrical_50.0~-1.0_1.0_0,F,SA,17.951329875519964,52.5,6.316264379003792e+22,0.8,-0.2231435513142097
953,hff20,hff20_1,long-duration_electrical_50.0~-1.0_1.0,hff20_1_long-duration_electrical_50.0~-1.0_1.0_0,F,SA,17.951329875519964,53.5,1.7169386685189163e+23,0.7,-0.35667494393873245
954,hff20,hff20_1,long-duration_electrical_50.0~-1.0_1.0,hff20_1_long-duration_electrical_50.0~-1.0_1.0_0,F,SA,17.951329875519964,54.5,4.667123183213639e+23,0.76,-0.2744368457017603
955,hff20,hff20_1,long-duration_electrical_50.0~-1.0_1.0,hff20_1_long-duration_electrical_50.0~-1.0_1.0_0,F,SA,17.951329875519964,55.5,1.2686556140109568e+24,0.66,-0.4155154439616658
956,hff20,hff20_1,long-duration_electrical_50.0~-1.0_1.0,hff20_1_long-duration_electrical_50.0~-1.0_1.0_0,F,SA,17.951329875519964,56.5,3.4485635021385364e+24,0.64,-0.4462871026284195
957,hff20,hff20_1,long-duration_electrical_50.0~-1.0_1.0,hff20_1_long-duration_electrical_50.0~-1.0_1.0_0,F,SA,17.951329875519964,57.5,9.37416750215027e+24,0.72,-0.3285040669720361
958,hff20,hff20_1,long-duration_electrical_50.0~-1.0_1.0,hff20_1_long-duration_electrical_50.0~-1.0_1.0_0,F,SA,17.951329875519964,58.5,2.5481629178026397e+25,0.78,-0.2484613592984996
959,hff20,hff20_1,long-duration_electrical_50.0~-1.0_1.0,hff20_1_long-duration_electrical_50.0~-1.0_1.0_0,F,SA,17.951329875519964,59.5,6.926624955416095e+25,0.76,-0.2744368457017603
960,hff20,hff20_1,long-duration_electrical_50.0~-1.0_1.0,hff20_1_long-duration_electrical_50.0~-1.0_1.0_0,F,SA,17.951329875519964,60.5,1.8828518748858514e+26,0.72,-0.3285040669720361
961,hff20,hff20_1,long-duration_electrical_50.0~-1.0_1.0,hff20_1_long-duration_electrical_50.0~-1.0_1.0_0,F,SA,17.951329875519964,61.5,5.118122037182254e+26,0.66,-0.4155154439616658
962,hff20,hff20_1,long-duration_electrical_50.0~-1.0_1.0,hff20_1_long-duration_electrical_50.0~-1.0_1.0_0,F,SA,17.951329875519964,62.5,1.391249812950831e+27,0.74,-0.3011050927839216
963,hff20,hff20_1,long-duration_electrical_50.0~-1.0_1.0,hff20_1_long-duration_electrical_50.0~-1.0_1.0_0,F,SA,17.951329875519964,63.5,3.7818090853912897e+27,0.7,-0.35667494393873245
964,hff20,hff20_1,long-duration_electrical_50.0~-1.0_1.0,hff20_1_long-duration_electrical_50.0~-1.0_1.0_0,F,SA,17.951329875519964,64.5,1.0280022915520465e+28,0.78,-0.2484613592984996
965,hff20,hff20_1,long-duration_electrical_50.0~-1.0_1.0,hff20_1_long-duration_electrical_50.0~-1.0_1.0_0,F,SA,17.951329875519964,65.5,2.7943999487401853e+28,0.7,-0.35667494393873245
966,hff20,hff20_1,long-duration_electrical_50.0~-1.0_1.0,hff20_1_long-duration_electrical_50.0~-1.0_1.0_0,F,SA,17.951329875519964,66.5,7.595966602107334e+28,0.6,-0.5108256237659907
967,hff20,hff20_1,long-duration_electrical_50.0~-1.0_1.0,hff20_1_long-duration_electrical_50.0~-1.0_1.0_0,F,SA,17.951329875519964,67.5,2.0647977984090163e+29,0.72,-0.3285040669720361
968,hff20,hff20_1,long-duration_electrical_50.0~-1.0_1.0,hff20_1_long-duration_electrical_50.0~-1.0_1.0_0,F,SA,17.951329875519964,68.5,5.612702334857472e+29,0.7,-0.35667494393873245
969,hff20,hff20_1,long-duration_electrical_50.0~-1.0_1.0,hff20_1_long-duration_electrical_50.0~-1.0_1.0_0,F,SA,17.951329875519964,69.5,1.5256906765392722e+30,0.68,-0.3856624808119846
970,hff20,hff20_1,long-duration_electrical_50.0~-1.0_1.0,hff20_1_long-duration_electrical_50.0~-1.0_1.0_0,F,SA,17.951329875519964,70.5,4.1472572418860906e+30,0.66,-0.4155154439616658
971,hff20,hff20_1,long-duration_electrical_50.0~-1.0_1.0,hff20_1_long-duration_electrical_50.0~-1.0_1.0_0,F,SA,17.951329875519964,71.5,1.1273413998564138e+31,0.58,-0.5447271754416722
972,hff20,hff20_1,long-duration_electrical_50.0~-1.0_1.0,hff20_1_long-duration_electrical_50.0~-1.0_1.0_0,F,SA,17.951329875519964,72.5,3.0644316416992722e+31,0.68,-0.3856624808119846
973,hff20,hff20_1,long-duration_electrical_50.0~-1.0_1.0,hff20_1_long-duration_electrical_50.0~-1.0_1.0_0,F,SA,17.951329875519964,73.5,8.329988846186052e+31,0.68,-0.3856624808119846
974,hff20,hff20_1,long-duration_electrical_50.0~-1.0_1.0,hff20_1_long-duration_electrical_50.0~-1.0_1.0_0,F,SA,17.951329875519964,74.5,2.2643257311854073e+32,0.66,-0.4155154439616658
975,hff20,hff20_1,long-duration_electrical_50.0~-1.0_1.0,hff20_1_long-duration_electrical_50.0~-1.0_1.0_0,F,SA,17.951329875519964,75.5,6.155075488793534e+32,0.74,-0.3011050927839216
976,hff20,hff20_1,long-duration_electrical_50.0~-1.0_1.0,hff20_1_long-duration_electrical_50.0~-1.0_1.0_0,F,SA,17.951329875519964,76.5,1.6731229853981137e+33,0.6,-0.5108256237659907
977,hff20,hff20_1,long-duration_electrical_50.0~-1.0_1.0,hff20_1_long-duration_electrical_50.0~-1.0_1.0_0,F,SA,17.951329875519964,77.5,4.5480198079848415e+33,0.54,-0.616186139423817
978,hff20,hff20_1,long-duration_electrical_50.0~-1.0_1.0,hff20_1_long-duration_electrical_50.0~-1.0_1.0_0,F,SA,17.951329875519964,78.5,1.236279959951699e+34,0.5,-0.6931471805599453
979,hff20,hff20_1,long-duration_electrical_50.0~-1.0_1.0,hff20_1_long-duration_electrical_50.0~-1.0_1.0_0,F,SA,17.951329875519964,79.5,3.36055735002478e+34,0.58,-0.5447271754416722
980,hff20,hff20_1,long-duration_electrical_50.0~-1.0_1.0,hff20_1_long-duration_electrical_50.0~-1.0_1.0_0,F,SA,17.951329875519964,80.5,9.134941978066843e+34,0.62,-0.4780358009429998
981,hff20,hff20_1,long-duration_electrical_50.0~-1.0_1.0,hff20_1_long-duration_electrical_50.0~-1.0_1.0_0,F,SA,17.951329875519964,81.5,2.4831346783006824e+35,0.58,-0.5447271754416722
982,hff20,hff20_1,long-duration_electrical_50.0~-1.0_1.0,hff20_1_long-duration_electrical_50.0~-1.0_1.0_0,F,SA,17.951329875519964,82.5,6.749859873641241e+35,0.48,-0.7339691750802004
983,hff20,hff20_1,long-duration_electrical_50.0~-1.0_1.0,hff20_1_long-duration_electrical_50.0~-1.0_1.0_0,F,SA,17.951329875519964,83.5,1.8348021439163853e+36,0.54,-0.616186139423817
984,hff20,hff20_1,long-duration_electrical_50.0~-1.0_1.0,hff20_1_long-duration_electrical_50.0~-1.0_1.0_0,F,SA,17.951329875519964,84.5,4.9875093266256084e+36,0.62,-0.4780358009429998
985,hff20,hff20_1,long-duration_electrical_50.0~-1.0_1.0,hff20_1_long-duration_electrical_50.0~-1.0_1.0_0,F,SA,17.951329875519964,85.5,1.35574559718364e+37,0.66,-0.4155154439616658
986,hff20,hff20_1,long-duration_electrical_50.0~-1.0_1.0,hff20_1_long-duration_electrical_50.0~-1.0_1.0_0,F,SA,17.951329875519964,86.5,3.685298620837645e+37,0.6,-0.5108256237659907
987,hff20,hff20_1,long-duration_electrical_50.0~-1.0_1.0,hff20_1_long-duration_electrical_50.0~-1.0_1.0_0,F,SA,17.951329875519964,87.5,1.0017680273468151e+38,0.66,-0.4155154439616658
988,hff20,hff20_1,long-duration_electrical_50.0~-1.0_1.0,hff20_1_long-duration_electrical_50.0~-1.0_1.0_0,F,SA,17.951329875519964,88.5,2.7230878250681117e+38,0.58,-0.5447271754416722
989,hff20,hff20_1,long-duration_electrical_50.0~-1.0_1.0,hff20_1_long-duration_electrical_50.0~-1.0_1.0_0,F,SA,17.951329875519964,89.5,7.402120152180711e+38,0.66,-0.4155154439616658
990,hff20,hff20_1,long-duration_electrical_50.0~-1.0_1.0,hff20_1_long-duration_electrical_50.0~-1.0_1.0_0,F,SA,17.951329875519964,90.5,2.012104870174333e+39,0.64,-0.4462871026284195
991,hff20,hff20_1,long-duration_electrical_50.0~-1.0_1.0,hff20_1_long-duration_electrical_50.0~-1.0_1.0_0,F,SA,17.951329875519964,91.5,5.469468105548836e+39,0.56,-0.579818495252942
992,hff20,hff20_1,long-duration_electrical_50.0~-1.0_1.0,hff20_1_long-duration_electrical_50.0~-1.0_1.0_0,F,SA,17.951329875519964,92.5,1.486755576264972e+40,0.5,-0.6931471805599453
993,hff20,hff20_1,long-duration_electrical_50.0~-1.0_1.0,hff20_1_long-duration_electrical_50.0~-1.0_1.0_0,F,SA,17.951329875519964,93.5,4.041420666321229e+40,0.5,-0.6931471805599453
994,hff20,hff20_1,long-duration_electrical_50.0~-1.0_1.0,hff20_1_long-duration_electrical_50.0~-1.0_1.0_0,F,SA,17.951329875519964,94.5,1.0985720358419844e+41,0.56,-0.579818495252942
995,hff20,hff20_1,long-duration_electrical_50.0~-1.0_1.0,hff20_1_long-duration_electrical_50.0~-1.0_1.0_0,F,SA,17.951329875519964,95.5,2.9862284022825254e+41,0.32,-1.1394342831883648
996,hff20,hff20_1,long-duration_electrical_50.0~-1.0_1.0,hff20_1_long-duration_electrical_50.0~-1.0_1.0_0,F,SA,17.951329875519964,96.5,8.117410401552875e+41,0.58,-0.5447271754416722
997,hff20,hff20_1,long-duration_electrical_50.0~-1.0_1.0,hff20_1_long-duration_electrical_50.0~-1.0_1.0_0,F,SA,17.951329875519964,97.5,2.2065409188685626e+42,0.5,-0.6931471805599453
998,hff20,hff20_1,long-duration_electrical_50.0~-1.0_1.0,hff20_1_long-duration_electrical_50.0~-1.0_1.0_0,F,SA,17.951329875519964,98.5,5.998000083511737e+42,0.56,-0.579818495252942
999,hff20,hff20_1,long-duration_electrical_50.0~-1.0_1.0,hff20_1_long-duration_electrical_50.0~-1.0_1.0_0,F,SA,17.951329875519964,99.5,1.6304254634105793e+43,0.72,-0.3285040669720361
1000,hff20,hff20_1,long-duration_electrical_50.0~-1.0_1.0,hff20_1_long-duration_electrical_50.0~-1.0_1.0_0,F,SA,17.951329875519964,100.5,4.4319559098458955e+43,0.6,-0.5108256237659907
1001,hff20,hff20_1,long-duration_electrical_50.0~-1.0_1.0,hff20_1_long-duration_electrical_50.0~-1.0_1.0_0,F,SA,17.951329875519964,101.5,1.2047305214265772e+44,0.58,-0.5447271754416722
1002,hff20,hff20_1,long-duration_electrical_50.0~-1.0_1.0,hff20_1_long-duration_electrical_50.0~-1.0_1.0_0,F,SA,17.951329875519964,102.5,3.274797084583855e+44,0.48,-0.7339691750802004
1003,hff20,hff20_1,long-duration_electrical_50.0~-1.0_1.0,hff20_1_long-duration_electrical_50.0~-1.0_1.0_0,F,SA,17.951329875519964,103.5,8.901821406914952e+44,0.46,-0.7765287894989963
1004,hff20,hff20_1,long-duration_electrical_50.0~-1.0_1.0,hff20_1_long-duration_electrical_50.0~-1.0_1.0_0,F,SA,17.951329875519964,104.5,2.419765937060465e+45,0.54,-0.616186139423817
1005,hff20,hff20_1,long-duration_electrical_50.0~-1.0_1.0,hff20_1_long-duration_electrical_50.0~-1.0_1.0_0,F,SA,17.951329875519964,105.5,6.577605775835635e+45,0.68,-0.3856624808119846
1006,hff20,hff20_1,long-duration_electrical_50.0~-1.0_1.0,hff20_1_long-duration_electrical_50.0~-1.0_1.0_0,F,SA,17.951329875519964,106.5,1.7879786255221268e+46,0.52,-0.6539264674066639
1007,hff20,hff20_1,long-duration_electrical_50.0~-1.0_1.0,hff20_1_long-duration_electrical_50.0~-1.0_1.0_0,F,SA,17.951329875519964,107.5,4.860229807429978e+46,0.58,-0.5447271754416722
1008,hff20,hff20_1,long-duration_electrical_50.0~-1.0_1.0,hff20_1_long-duration_electrical_50.0~-1.0_1.0_0,F,SA,17.951329875519964,108.5,1.3211474367671912e+47,0.54,-0.616186139423817
1009,hff20,hff20_1,long-duration_electrical_50.0~-1.0_1.0,hff20_1_long-duration_electrical_50.0~-1.0_1.0_0,F,SA,17.951329875519964,109.5,3.591251070079501e+47,0.68,-0.3856624808119846
1010,hff20,hff20_1,long-duration_electrical_50.0~-1.0_1.0,hff20_1_long-duration_electrical_50.0~-1.0_1.0_0,F,SA,17.951329875519964,110.5,9.76203252523121e+47,0.78,-0.2484613592984996
1011,hff20,hff20_1,long-duration_electrical_50.0~-1.0_1.0,hff20_1_long-duration_electrical_50.0~-1.0_1.0_0,F,SA,17.951329875519964,111.5,2.6535955622162162e+48,0.52,-0.6539264674066639
1012,hff20,hff20_1,long-duration_electrical_50.0~-1.0_1.0,hff20_1_long-duration_electrical_50.0~-1.0_1.0_0,F,SA,17.951329875519964,112.5,7.213220596851904e+48,0.7,-0.35667494393873245
1013,hff20,hff20_1,long-duration_electrical_50.0~-1.0_1.0,hff20_1_long-duration_electrical_50.0~-1.0_1.0_0,F,SA,17.951329875519964,113.5,1.960756647308904e+49,0.64,-0.4462871026284195
1014,hff20,hff20_1,long-duration_electrical_50.0~-1.0_1.0,hff20_1_long-duration_electrical_50.0~-1.0_1.0_0,F,SA,17.951329875519964,114.5,5.329889164410075e+49,0.52,-0.6539264674066639
1015,hff20,hff20_1,long-duration_electrical_50.0~-1.0_1.0,hff20_1_long-duration_electrical_50.0~-1.0_1.0_0,F,SA,17.951329875519964,115.5,1.4488140863316671e+50,0.56,-0.579818495252942
1016,hff20,hff20_1,long-duration_electrical_50.0~-1.0_1.0,hff20_1_long-duration_electrical_50.0~-1.0_1.0_0,F,SA,17.951329875519964,116.5,3.9382850036908655e+50,0.48,-0.7339691750802004
1017,hff20,hff20_1,long-duration_electrical_50.0~-1.0_1.0,hff20_1_long-duration_electrical_50.0~-1.0_1.0_0,F,SA,17.951329875519964,117.5,1.0705368560825642e+51,0.52,-0.6539264674066639
1018,hff20,hff20_1,long-duration_electrical_50.0~-1.0_1.0,hff20_1_long-duration_electrical_50.0~-1.0_1.0_0,F,SA,17.951329875519964,118.5,2.9100208825849106e+51,0.62,-0.4780358009429998
1019,hff20,hff20_1,long-duration_electrical_50.0~-1.0_1.0,hff20_1_long-duration_electrical_50.0~-1.0_1.0_0,F,SA,17.951329875519964,119.5,7.910256885566915e+51,0.7,-0.35667494393873245
1020,hff20,hff20_1,long-duration_electrical_50.0~-1.0_1.0,hff20_1_long-duration_electrical_50.0~-1.0_1.0_0,F,SA,17.951329875519964,120.5,2.1502307550479586e+52,0.68,-0.3856624808119846
1021,hff20,hff20_1,long-duration_electrical_50.0~-1.0_1.0,hff20_1_long-duration_electrical_50.0~-1.0_1.0_0,F,SA,17.951329875519964,121.5,5.844933188440638e+52,0.8,-0.2231435513142097
1022,hff20,hff20_1,long-duration_electrical_50.0~-1.0_1.0,hff20_1_long-duration_electrical_50.0~-1.0_1.0_0,F,SA,17.951329875519964,122.5,1.5888175674695377e+53,0.7,-0.35667494393873245
1023,hff20,hff20_1,long-duration_electrical_50.0~-1.0_1.0,hff20_1_long-duration_electrical_50.0~-1.0_1.0_0,F,SA,17.951329875519964,123.5,4.3188539223889476e+53,0.64,-0.4462871026284195
1024,hff20,hff20_1,long-duration_electrical_50.0~-1.0_1.0,hff20_1_long-duration_electrical_50.0~-1.0_1.0_0,F,SA,17.951329875519964,124.5,1.1739862136998947e+54,0.62,-0.4780358009429998
1025,hff20,hff20_1,long-duration_electrical_50.0~-1.0_1.0,hff20_1_long-duration_electrical_50.0~-1.0_1.0_0,F,SA,17.951329875519964,125.5,3.191225391561861e+54,0.58,-0.5447271754416722
1026,hff20,hff20_1,long-duration_electrical_50.0~-1.0_1.0,hff20_1_long-duration_electrical_50.0~-1.0_1.0_0,F,SA,17.951329875519964,126.5,8.674649992399708e+54,0.58,-0.5447271754416722
1027,hff20,hff20_1,long-duration_electrical_50.0~-1.0_1.0,hff20_1_long-duration_electrical_50.0~-1.0_1.0_0,F,SA,17.951329875519964,127.5,2.3580143442582524e+55,0.6,-0.5108256237659907
1028,hff20,hff20_1,long-duration_electrical_50.0~-1.0_1.0,hff20_1_long-duration_electrical_50.0~-1.0_1.0_0,F,SA,17.951329875519964,128.5,6.409747543242979e+55,0.5,-0.6931471805599453
1029,hff20,hff20_1,long-duration_electrical_50.0~-1.0_1.0,hff20_1_long-duration_electrical_50.0~-1.0_1.0_0,F,SA,17.951329875519964,129.5,1.7423500271807397e+56,0.42,-0.8675005677047231
1030,hff20,hff20_1,long-duration_electrical_50.0~-1.0_1.0,hff20_1_long-duration_electrical_50.0~-1.0_1.0_0,F,SA,17.951329875519964,130.5,4.736198417700528e+56,0.58,-0.5447271754416722
1031,hff20,hff20_1,long-duration_electrical_50.0~-1.0_1.0,hff20_1_long-duration_electrical_50.0~-1.0_1.0_0,F,SA,17.951329875519964,131.5,1.287432209481183e+57,0.7,-0.35667494393873245
1032,hff20,hff20_1,long-duration_electrical_50.0~-1.0_1.0,hff20_1_long-duration_electrical_50.0~-1.0_1.0_0,F,SA,17.951329875519964,132.5,3.4996035804055786e+57,0.36,-1.0216512475319814
1033,hff20,hff20_1,long-duration_electrical_50.0~-1.0_1.0,hff20_1_long-duration_electrical_50.0~-1.0_1.0_0,F,SA,17.951329875519964,133.5,9.512908819426697e+57,0.72,-0.3285040669720361
1034,hff20,hff20_1,long-duration_electrical_50.0~-1.0_1.0,hff20_1_long-duration_electrical_50.0~-1.0_1.0_0,F,SA,17.951329875519964,134.5,2.585876717963538e+58,0.72,-0.3285040669720361
1035,hff20,hff20_1,long-duration_electrical_50.0~-1.0_1.0,hff20_1_long-duration_electrical_50.0~-1.0_1.0_0,F,SA,17.951329875519964,135.5,7.029141693075601e+58,0.52,-0.6539264674066639
1036,hff20,hff20_1,long-duration_electrical_50.0~-1.0_1.0,hff20_1_long-duration_electrical_50.0~-1.0_1.0_0,F,SA,17.951329875519964,136.5,1.9107188133951252e+59,0.68,-0.3856624808119846
1037,hff20,hff20_1,long-duration_electrical_50.0~-1.0_1.0,hff20_1_long-duration_electrical_50.0~-1.0_1.0_0,F,SA,17.951329875519964,137.5,5.193872229746799e+59,0.56,-0.579818495252942
1038,hff20,hff20_1,long-duration_electrical_50.0~-1.0_1.0,hff20_1_long-duration_electrical_50.0~-1.0_1.0_0,F,SA,17.951329875519964,138.5,1.4118408501458785e+60,0.64,-0.4462871026284195
1039,hff20,hff20_1,long-duration_electrical_50.0~-1.0_1.0,hff20_1_long-duration_electrical_50.0~-1.0_1.0_0,F,SA,17.951329875519964,139.5,3.837781327627712e+60,0.62,-0.4780358009429998
1040,hff20,hff20_1,long-duration_electrical_50.0~-1.0_1.0,hff20_1_long-duration_electrical_50.0~-1.0_1.0_0,F,SA,17.951329875519964,140.5,1.0432171244489838e+61,0.54,-0.616186139423817
1041,hff20,hff20_1,long-duration_electrical_50.0~-1.0_1.0,hff20_1_long-duration_electrical_50.0~-1.0_1.0_0,F,SA,17.951329875519964,141.5,2.835758152526971e+61,0.58,-0.5447271754416722
1042,hff20,hff20_1,long-duration_electrical_50.0~-1.0_1.0,hff20_1_long-duration_electrical_50.0~-1.0_1.0_0,F,SA,17.951329875519964,142.5,7.708389855918659e+61,0.58,-0.5447271754416722
1043,hff20,hff20_1,long-duration_electrical_50.0~-1.0_1.0,hff20_1_long-duration_electrical_50.0~-1.0_1.0_0,F,SA,17.951329875519964,143.5,2.095357607202173e+62,0.6,-0.5108256237659907
1044,hff20,hff20_1,long-duration_electrical_50.0~-1.0_1.0,hff20_1_long-duration_electrical_50.0~-1.0_1.0_0,F,SA,17.951329875519964,144.5,5.6957725077810925e+62,0.5,-0.6931471805599453
1045,hff20,hff20_1,long-duration_electrical_50.0~-1.0_1.0,hff20_1_long-duration_electrical_50.0~-1.0_1.0_0,F,SA,17.951329875519964,145.5,1.548271490693795e+63,0.74,-0.3011050927839216
1046,hff20,hff20_1,long-duration_electrical_50.0~-1.0_1.0,hff20_1_long-duration_electrical_50.0~-1.0_1.0_0,F,SA,17.951329875519964,146.5,4.20863825867414e+63,0.7,-0.35667494393873245
1047,hff20,hff20_1,long-duration_electrical_50.0~-1.0_1.0,hff20_1_long-duration_electrical_50.0~-1.0_1.0_0,F,SA,17.951329875519964,147.5,1.1440264901111434e+64,0.74,-0.3011050927839216
1048,hff20,hff20_1,long-duration_electrical_50.0~-1.0_1.0,hff20_1_long-duration_electrical_50.0~-1.0_1.0_0,F,SA,17.951329875519964,148.5,3.109786419344903e+64,0.64,-0.4462871026284195
1049,hff20,hff20_1,long-duration_electrical_50.0~-1.0_1.0,hff20_1_long-duration_electrical_50.0~-1.0_1.0_0,F,SA,17.951329875519964,149.5,8.45327591409397e+64,0.6,-0.5108256237659907
1050,hff20,hff20_1,long-duration_electrical_50.0~-1.0_1.0,hff20_1_long-duration_electrical_50.0~-1.0_1.0_0,F,SA,17.951329875519964,150.5,2.297838630823216e+65,0.64,-0.4462871026284195
1051,hff20,hff20_1,long-duration_electrical_50.0~-1.0_1.0,hff20_1_long-duration_electrical_50.0~-1.0_1.0_0,F,SA,17.951329875519964,151.5,6.246172994897961e+65,0.58,-0.5447271754416722
1052,hff20,hff20_1,long-duration_electrical_50.0~-1.0_1.0,hff20_1_long-duration_electrical_50.0~-1.0_1.0_0,F,SA,17.951329875519964,152.5,1.6978858549442743e+66,0.54,-0.616186139423817
1053,hff20,hff20_1,long-duration_electrical_50.0~-1.0_1.0,hff20_1_long-duration_electrical_50.0~-1.0_1.0_0,F,SA,17.951329875519964,153.5,4.6153322662926706e+66,0.54,-0.616186139423817
1054,hff20,hff20_1,long-duration_electrical_50.0~-1.0_1.0,hff20_1_long-duration_electrical_50.0~-1.0_1.0_0,F,SA,17.951329875519964,154.5,1.254577383176407e+67,0.44,-0.8209805520698302
1055,hff20,hff20_1,long-duration_electrical_50.0~-1.0_1.0,hff20_1_long-duration_electrical_50.0~-1.0_1.0_0,F,SA,17.951329875519964,155.5,3.4102949030841276e+67,0.5,-0.6931471805599453
1056,hff20,hff20_1,long-duration_electrical_50.0~-1.0_1.0,hff20_1_long-duration_electrical_50.0~-1.0_1.0_0,F,SA,17.951329875519964,156.5,9.270142664740085e+67,0.56,-0.579818495252942
1057,hff20,hff20_1,long-duration_electrical_50.0~-1.0_1.0,hff20_1_long-duration_electrical_50.0~-1.0_1.0_0,F,SA,17.951329875519964,157.5,2.5198860352785887e+68,0.62,-0.4780358009429998
1058,hff20,hff20_1,long-duration_electrical_50.0~-1.0_1.0,hff20_1_long-duration_electrical_50.0~-1.0_1.0_0,F,SA,17.951329875519964,158.5,6.849760419485496e+68,0.56,-0.579818495252942
1059,hff20,hff20_1,long-duration_electrical_50.0~-1.0_1.0,hff20_1_long-duration_electrical_50.0~-1.0_1.0_0,F,SA,17.951329875519964,159.5,1.861957927758543e+69,0.68,-0.3856624808119846
1060,hff20,hff20_1,long-duration_electrical_50.0~-1.0_1.0,hff20_1_long-duration_electrical_50.0~-1.0_1.0_0,F,SA,17.951329875519964,160.5,5.0613264003813075e+69,0.74,-0.3011050927839216
1061,hff20,hff20_1,long-duration_electrical_50.0~-1.0_1.0,hff20_1_long-duration_electrical_50.0~-1.0_1.0_0,F,SA,17.951329875519964,161.5,1.3758111582056537e+70,0.42,-0.8675005677047231
1062,hff20,hff20_1,long-duration_electrical_50.0~-1.0_1.0,hff20_1_long-duration_electrical_50.0~-1.0_1.0_0,F,SA,17.951329875519964,162.5,3.7398424707416215e+70,0.44,-0.8209805520698302
1063,hff20,hff20_1,long-duration_electrical_50.0~-1.0_1.0,hff20_1_long-duration_electrical_50.0~-1.0_1.0_0,F,SA,17.951329875519964,163.5,1.0165945829516327e+71,0.56,-0.579818495252942
1064,hff20,hff20_1,long-duration_electrical_50.0~-1.0_1.0,hff20_1_long-duration_electrical_50.0~-1.0_1.0_0,F,SA,17.951329875519964,164.5,2.763390581747325e+71,0.52,-0.6539264674066639
1065,hff20,hff20_1,long-duration_electrical_50.0~-1.0_1.0,hff20_1_long-duration_electrical_50.0~-1.0_1.0_0,F,SA,17.951329875519964,165.5,7.511674403298623e+71,0.48,-0.7339691750802004
1066,hff20,hff20_1,long-duration_electrical_50.0~-1.0_1.0,hff20_1_long-duration_electrical_50.0~-1.0_1.0_0,F,SA,17.951329875519964,166.5,2.0418848031787588e+72,0.58,-0.5447271754416722
1067,hff20,hff20_1,long-duration_electrical_50.0~-1.0_1.0,hff20_1_long-duration_electrical_50.0~-1.0_1.0_0,F,SA,17.951329875519964,167.5,5.550418356287494e+72,0.64,-0.4462871026284195
1068,hff20,hff20_1,long-duration_electrical_50.0~-1.0_1.0,hff20_1_long-duration_electrical_50.0~-1.0_1.0_0,F,SA,17.951329875519964,168.5,1.5087601358241818e+73,0.58,-0.5447271754416722
1069,hff20,hff20_1,long-duration_electrical_50.0~-1.0_1.0,hff20_1_long-duration_electrical_50.0~-1.0_1.0_0,F,SA,17.951329875519964,169.5,4.101235260714274e+73,0.7,-0.35667494393873245
1070,hff20,hff20_1,long-duration_electrical_50.0~-1.0_1.0,hff20_1_long-duration_electrical_50.0~-1.0_1.0_0,F,SA,17.951329875519964,170.5,1.1148313283435107e+74,0.68,-0.3856624808119846
1071,hff20,hff20_1,long-duration_electrical_50.0~-1.0_1.0,hff20_1_long-duration_electrical_50.0~-1.0_1.0_0,F,SA,17.951329875519964,171.5,3.030425741633024e+74,0.7,-0.35667494393873245
1072,hff20,hff20_1,long-duration_electrical_50.0~-1.0_1.0,hff20_1_long-duration_electrical_50.0~-1.0_1.0_0,F,SA,17.951329875519964,172.5,8.237551225975576e+74,0.62,-0.4780358009429998
1073,hff20,hff20_1,long-duration_electrical_50.0~-1.0_1.0,hff20_1_long-duration_electrical_50.0~-1.0_1.0_0,F,SA,17.951329875519964,173.5,2.239198580856994e+75,0.74,-0.3011050927839216
1074,hff20,hff20_1,long-duration_electrical_50.0~-1.0_1.0,hff20_1_long-duration_electrical_50.0~-1.0_1.0_0,F,SA,17.951329875519964,174.5,6.0867728126548485e+75,0.78,-0.2484613592984996
1075,hff20,hff20_1,long-duration_electrical_50.0~-1.0_1.0,hff20_1_long-duration_electrical_50.0~-1.0_1.0_0,F,SA,17.951329875519964,175.5,1.6545563930598225e+76,0.64,-0.4462871026284195
1076,hff20,hff20_1,long-duration_electrical_50.0~-1.0_1.0,hff20_1_long-duration_electrical_50.0~-1.0_1.0_0,F,SA,17.951329875519964,176.5,4.4975505774152577e+76,0.72,-0.3285040669720361
1077,hff20,hff20_1,long-duration_electrical_50.0~-1.0_1.0,hff20_1_long-duration_electrical_50.0~-1.0_1.0_0,F,SA,17.951329875519964,177.5,1.222561000716338e+77,0.66,-0.4155154439616658
1078,hff20,hff20_1,long-duration_electrical_50.0~-1.0_1.0,hff20_1_long-duration_electrical_50.0~-1.0_1.0_0,F,SA,17.951329875519964,178.5,3.323265352429928e+77,0.62,-0.4780358009429998
1079,hff20,hff20_1,long-duration_electrical_50.0~-1.0_1.0,hff20_1_long-duration_electrical_50.0~-1.0_1.0_0,F,SA,17.951329875519964,179.5,9.033571818657817e+77,0.66,-0.4155154439616658
1080,hff20,hff20_1,long-duration_electrical_50.0~-1.0_1.0,hff20_1_long-duration_electrical_50.0~-1.0_1.0_0,F,SA,17.951329875519964,180.5,2.455579412073727e+78,0.56,-0.579818495252942
1081,hff20,hff20_1,long-duration_electrical_50.0~-1.0_1.0,hff20_1_long-duration_electrical_50.0~-1.0_1.0_0,F,SA,17.951329875519964,181.5,6.674956894178159e+78,0.5,-0.6931471805599453
1082,hff20,hff20_1,long-duration_electrical_50.0~-1.0_1.0,hff20_1_long-duration_electrical_50.0~-1.0_1.0_0,F,SA,17.951329875519964,182.5,1.8144414031191914e+79,0.5,-0.6931471805599453
1083,hff20,hff20_1,long-duration_electrical_50.0~-1.0_1.0,hff20_1_long-duration_electrical_50.0~-1.0_1.0_0,F,SA,17.951329875519964,183.5,4.932163094902632e+79,0.58,-0.5447271754416722
1084,hff20,hff20_1,long-duration_electrical_50.0~-1.0_1.0,hff20_1_long-duration_electrical_50.0~-1.0_1.0_0,F,SA,17.951329875519964,184.5,1.3407009315870148e+80,0.58,-0.5447271754416722
1085,hff20,hff20_1,long-duration_electrical_50.0~-1.0_1.0,hff20_1_long-duration_electrical_50.0~-1.0_1.0_0,F,SA,17.951329875519964,185.5,3.6444029797310963e+80,0.46,-0.7765287894989963
1086,hff20,hff20_1,long-duration_electrical_50.0~-1.0_1.0,hff20_1_long-duration_electrical_50.0~-1.0_1.0_0,F,SA,17.951329875519964,186.5,9.906514395385036e+80,0.52,-0.6539264674066639
1087,hff20,hff20_1,long-duration_electrical_50.0~-1.0_1.0,hff20_1_long-duration_electrical_50.0~-1.0_1.0_0,F,SA,17.951329875519964,187.5,2.692869806434309e+81,0.42,-0.8675005677047231
1088,hff20,hff20_1,long-duration_electrical_50.0~-1.0_1.0,hff20_1_long-duration_electrical_50.0~-1.0_1.0_0,F,SA,17.951329875519964,188.5,7.319979061236409e+81,0.64,-0.4462871026284195
1089,hff20,hff20_1,long-duration_electrical_50.0~-1.0_1.0,hff20_1_long-duration_electrical_50.0~-1.0_1.0_0,F,SA,17.951329875519964,189.5,1.989776606685963e+82,0.5,-0.6931471805599453
1090,hff20,hff20_1,long-duration_electrical_50.0~-1.0_1.0,hff20_1_long-duration_electrical_50.0~-1.0_1.0_0,F,SA,17.951329875519964,190.5,5.408773592647354e+82,0.5,-0.6931471805599453
1091,hff20,hff20_1,long-duration_electrical_50.0~-1.0_1.0,hff20_1_long-duration_electrical_50.0~-1.0_1.0_0,F,SA,17.951329875519964,191.5,1.470257097114245e+83,0.56,-0.579818495252942
1092,hff20,hff20_1,long-duration_electrical_50.0~-1.0_1.0,hff20_1_long-duration_electrical_50.0~-1.0_1.0_0,F,SA,17.951329875519964,192.5,3.9965731502485976e+83,0.54,-0.616186139423817
1093,hff20,hff20_1,long-duration_electrical_50.0~-1.0_1.0,hff20_1_long-duration_electrical_50.0~-1.0_1.0_0,F,SA,17.951329875519964,193.5,1.0863812170428086e+84,0.52,-0.6539264674066639
1094,hff20,hff20_1,long-duration_electrical_50.0~-1.0_1.0,hff20_1_long-duration_electrical_50.0~-1.0_1.0_0,F,SA,17.951329875519964,194.5,2.9530903210666885e+84,0.5,-0.6931471805599453
1095,hff20,hff20_1,long-duration_electrical_50.0~-1.0_1.0,hff20_1_long-duration_electrical_50.0~-1.0_1.0_0,F,SA,17.951329875519964,195.5,8.027331757553867e+84,0.56,-0.579818495252942
1096,hff20,hff20_1,long-duration_electrical_50.0~-1.0_1.0,hff20_1_long-duration_electrical_50.0~-1.0_1.0_0,F,SA,17.951329875519964,196.5,2.1820550047570884e+85,0.5,-0.6931471805599453
1097,hff20,hff20_1,long-duration_electrical_50.0~-1.0_1.0,hff20_1_long-duration_electrical_50.0~-1.0_1.0_0,F,SA,17.951329875519964,197.5,5.931440468129309e+85,0.58,-0.5447271754416722
1098,hff20,hff20_1,long-duration_electrical_50.0~-1.0_1.0,hff20_1_long-duration_electrical_50.0~-1.0_1.0_0,F,SA,17.951329875519964,198.5,1.6123326841102515e+86,0.7,-0.35667494393873245
1099,hff20,hff20_1,long-duration_electrical_50.0~-1.0_1.0,hff20_1_long-duration_electrical_50.0~-1.0_1.0_0,F,SA,17.951329875519964,199.5,4.3827746366474943e+86,0.62,-0.4780358009429998
1100,hff20,hff20_1,long-duration_electrical_50.0~-1.0_1.0,hff20_1_long-duration_electrical_50.0~-1.0_1.0_0,F,SA,17.951329875519964,200.5,1.1913616653030078e+87,0.58,-0.5447271754416722
1101,hff20,hff20_1,long-duration_electrical_50.0~-1.0_1.0,hff20_1_long-duration_electrical_50.0~-1.0_1.0_0,F,SA,17.951329875519964,201.5,3.238456765915873e+87,0.52,-0.6539264674066639
1102,hff20,hff20_1,long-duration_electrical_50.0~-1.0_1.0,hff20_1_long-duration_electrical_50.0~-1.0_1.0_0,F,SA,17.951329875519964,202.5,8.803038179039366e+87,0.48,-0.7339691750802004
1103,hff20,hff20_1,long-duration_electrical_50.0~-1.0_1.0,hff20_1_long-duration_electrical_50.0~-1.0_1.0_0,F,SA,17.951329875519964,203.5,2.392913871731391e+88,0.46,-0.7765287894989963
1104,hff20,hff20_1,long-duration_electrical_50.0~-1.0_1.0,hff20_1_long-duration_electrical_50.0~-1.0_1.0_0,F,SA,17.951329875519964,204.5,6.50461429459502e+88,0.62,-0.4780358009429998
1105,hff20,hff20_1,long-duration_electrical_50.0~-1.0_1.0,hff20_1_long-duration_electrical_50.0~-1.0_1.0_0,F,SA,17.951329875519964,205.5,1.7681374838132593e+89,0.54,-0.616186139423817
1106,hff20,hff20_1,long-duration_electrical_50.0~-1.0_1.0,hff20_1_long-duration_electrical_50.0~-1.0_1.0_0,F,SA,17.951329875519964,206.5,4.806295992466882e+89,0.6,-0.5108256237659907
1107,hff20,hff20_1,long-duration_electrical_50.0~-1.0_1.0,hff20_1_long-duration_electrical_50.0~-1.0_1.0_0,F,SA,17.951329875519964,207.5,1.3064867058518258e+90,0.64,-0.4462871026284195
1108,hff20,hff20_1,long-duration_electrical_50.0~-1.0_1.0,hff20_1_long-duration_electrical_50.0~-1.0_1.0_0,F,SA,17.951329875519964,208.5,3.5513990716403354e+90,0.58,-0.5447271754416722
1109,hff20,hff20_1,long-duration_electrical_50.0~-1.0_1.0,hff20_1_long-duration_electrical_50.0~-1.0_1.0_0,F,SA,17.951329875519964,209.5,9.653703562046247e+90,0.62,-0.4780358009429998
1110,hff20,hff20_1,long-duration_electrical_50.0~-1.0_1.0,hff20_1_long-duration_electrical_50.0~-1.0_1.0_0,F,SA,17.951329875519964,210.5,2.624148697004067e+91,0.74,-0.3011050927839216
1111,hff20,hff20_1,long-duration_electrical_50.0~-1.0_1.0,hff20_1_long-duration_electrical_50.0~-1.0_1.0_0,F,SA,17.951329875519964,211.5,7.133175718240636e+91,0.8,-0.2231435513142097
1112,hff20,hff20_1,long-duration_electrical_50.0~-1.0_1.0,hff20_1_long-duration_electrical_50.0~-1.0_1.0_0,F,SA,17.951329875519964,212.5,1.938998193409882e+92,0.8,-0.2231435513142097
1113,hff20,hff20_1,long-duration_electrical_50.0~-1.0_1.0,hff20_1_long-duration_electrical_50.0~-1.0_1.0_0,F,SA,17.951329875519964,213.5,5.270743554560999e+92,0.64,-0.4462871026284195
1114,hff20,hff20_1,long-duration_electrical_50.0~-1.0_1.0,hff20_1_long-duration_electrical_50.0~-1.0_1.0_0,F,SA,17.951329875519964,214.5,1.4327366426830802e+93,0.68,-0.3856624808119846
1115,hff20,hff20_1,long-duration_electrical_50.0~-1.0_1.0,hff20_1_long-duration_electrical_50.0~-1.0_1.0_0,F,SA,17.951329875519964,215.5,3.894581980772837e+93,0.62,-0.4780358009429998
1116,hff20,hff20_1,long-duration_electrical_50.0~-1.0_1.0,hff20_1_long-duration_electrical_50.0~-1.0_1.0_0,F,SA,17.951329875519964,216.5,1.0586571427778838e+94,0.68,-0.3856624808119846
1117,hff20,hff20_1,long-duration_electrical_50.0~-1.0_1.0,hff20_1_long-duration_electrical_50.0~-1.0_1.0_0,F,SA,17.951329875519964,217.5,2.877728473781494e+94,0.68,-0.3856624808119846
1118,hff20,hff20_1,long-duration_electrical_50.0~-1.0_1.0,hff20_1_long-duration_electrical_50.0~-1.0_1.0_0,F,SA,17.951329875519964,218.5,7.822477017519418e+94,0.62,-0.4780358009429998
1119,hff20,hff20_1,long-duration_electrical_50.0~-1.0_1.0,hff20_1_long-duration_electrical_50.0~-1.0_1.0_0,F,SA,17.951329875519964,219.5,2.126369713026154e+95,0.66,-0.4155154439616658
1120,hff20,hff20_1,long-duration_electrical_50.0~-1.0_1.0,hff20_1_long-duration_electrical_50.0~-1.0_1.0_0,F,SA,17.951329875519964,220.5,5.780072151504669e+95,0.76,-0.2744368457017603
1121,hff20,hff20_1,long-duration_electrical_50.0~-1.0_1.0,hff20_1_long-duration_electrical_50.0~-1.0_1.0_0,F,SA,17.951329875519964,221.5,1.5711865096617322e+96,0.66,-0.4155154439616658
1122,hff20,hff20_1,long-duration_electrical_50.0~-1.0_1.0,hff20_1_long-duration_electrical_50.0~-1.0_1.0_0,F,SA,17.951329875519964,222.5,4.2709277383334783e+96,0.64,-0.4462871026284195
1123,hff20,hff20_1,long-duration_electrical_50.0~-1.0_1.0,hff20_1_long-duration_electrical_50.0~-1.0_1.0_0,F,SA,17.951329875519964,223.5,1.1609585261773583e+97,0.64,-0.4462871026284195
1124,hff20,hff20_1,long-duration_electrical_50.0~-1.0_1.0,hff20_1_long-duration_electrical_50.0~-1.0_1.0_0,F,SA,17.951329875519964,224.5,3.1558124653025077e+97,0.62,-0.4780358009429998
1125,hff20,hff20_1,long-duration_electrical_50.0~-1.0_1.0,hff20_1_long-duration_electrical_50.0~-1.0_1.0_0,F,SA,17.951329875519964,225.5,8.578387678456348e+97,0.54,-0.616186139423817
1126,hff20,hff20_1,long-duration_electrical_50.0~-1.0_1.0,hff20_1_long-duration_electrical_50.0~-1.0_1.0_0,F,SA,17.951329875519964,226.5,2.3318475343824867e+98,0.66,-0.4155154439616658
1127,hff20,hff20_1,long-duration_electrical_50.0~-1.0_1.0,hff20_1_long-duration_electrical_50.0~-1.0_1.0_0,F,SA,17.951329875519964,227.5,6.338618779448942e+98,0.62,-0.4780358009429998
1128,hff20,hff20_1,long-duration_electrical_50.0~-1.0_1.0,hff20_1_long-duration_electrical_50.0~-1.0_1.0_0,F,SA,17.951329875519964,228.5,1.723015224570531e+99,0.66,-0.4155154439616658
1129,hff20,hff20_1,long-duration_electrical_50.0~-1.0_1.0,hff20_1_long-duration_electrical_50.0~-1.0_1.0_0,F,SA,17.951329875519964,229.5,4.683640975108356e+99,0.54,-0.616186139423817
1130,hff20,hff20_1,long-duration_electrical_50.0~-1.0_1.0,hff20_1_long-duration_electrical_50.0~-1.0_1.0_0,F,SA,17.951329875519964,230.5,1.2731456153663248e+100,0.42,-0.8675005677047231
1131,hff20,hff20_1,long-duration_electrical_50.0~-1.0_1.0,hff20_1_long-duration_electrical_50.0~-1.0_1.0_0,F,SA,17.951329875519964,231.5,3.4607685912325894e+100,0.48,-0.7339691750802004
1132,hff20,hff20_1,long-duration_electrical_50.0~-1.0_1.0,hff20_1_long-duration_electrical_50.0~-1.0_1.0_0,F,SA,17.951329875519964,232.5,9.407344374049358e+100,0.4,-0.916290731874155
1133,hff20,hff20_1,long-duration_electrical_50.0~-1.0_1.0,hff20_1_long-duration_electrical_50.0~-1.0_1.0_0,F,SA,17.951329875519964,233.5,2.55718132660348e+101,0.3,-1.2039728043259361
1134,hff20,hff20_1,long-duration_electrical_50.0~-1.0_1.0,hff20_1_long-duration_electrical_50.0~-1.0_1.0_0,F,SA,17.951329875519964,234.5,6.951139532181034e+101,0.38,-0.9675840262617056
1135,hff20,hff20_1,long-duration_electrical_50.0~-1.0_1.0,hff20_1_long-duration_electrical_50.0~-1.0_1.0_0,F,SA,17.951329875519964,235.5,1.8895156277411014e+102,0.5,-0.6931471805599453
1136,hff20,hff20_1,long-duration_electrical_50.0~-1.0_1.0,hff20_1_long-duration_electrical_50.0~-1.0_1.0_0,F,SA,17.951329875519964,236.5,5.136235995478022e+102,0.58,-0.5447271754416722
1137,hff20,hff20_1,long-duration_electrical_50.0~-1.0_1.0,hff20_1_long-duration_electrical_50.0~-1.0_1.0_0,F,SA,17.951329875519964,237.5,1.3961736973185161e+103,0.58,-0.5447271754416722
1138,hff20,hff20_1,long-duration_electrical_50.0~-1.0_1.0,hff20_1_long-duration_electrical_50.0~-1.0_1.0_0,F,SA,17.951329875519964,238.5,3.795193590793402e+103,0.64,-0.4462871026284195
1139,hff20,hff20_1,long-duration_electrical_50.0~-1.0_1.0,hff20_1_long-duration_electrical_50.0~-1.0_1.0_0,F,SA,17.951329875519964,239.5,1.0316405773337937e+104,0.66,-0.4155154439616658
1140,hff20,hff20_1,long-duration_electrical_50.0~-1.0_1.0,hff20_1_long-duration_electrical_50.0~-1.0_1.0_0,F,SA,17.951329875519964,240.5,2.80428983486745e+104,0.56,-0.579818495252942
1141,hff20,hff20_1,long-duration_electrical_50.0~-1.0_1.0,hff20_1_long-duration_electrical_50.0~-1.0_1.0_0,F,SA,17.951329875519964,241.5,7.622850099852606e+104,0.54,-0.616186139423817
1142,hff20,hff20_1,long-duration_electrical_50.0~-1.0_1.0,hff20_1_long-duration_electrical_50.0~-1.0_1.0_0,F,SA,17.951329875519964,242.5,2.0721054907496557e+105,0.54,-0.616186139423817
1143,hff20,hff20_1,long-duration_electrical_50.0~-1.0_1.0,hff20_1_long-duration_electrical_50.0~-1.0_1.0_0,F,SA,17.951329875519964,243.5,5.632566702155002e+105,0.64,-0.4462871026284195
1144,hff20,hff20_1,long-duration_electrical_50.0~-1.0_1.0,hff20_1_long-duration_electrical_50.0~-1.0_1.0_0,F,SA,17.951329875519964,244.5,1.531090371405143e+106,0.7,-0.35667494393873245
1145,hff20,hff20_1,long-duration_electrical_50.0~-1.0_1.0,hff20_1_long-duration_electrical_50.0~-1.0_1.0_0,F,SA,17.951329875519964,245.5,4.161935134319211e+106,0.5,-0.6931471805599453
1146,hff20,hff20_1,long-duration_electrical_50.0~-1.0_1.0,hff20_1_long-duration_electrical_50.0~-1.0_1.0_0,F,SA,17.951329875519964,246.5,1.1313312646845167e+107,0.74,-0.3011050927839216
1147,hff20,hff20_1,long-duration_electrical_50.0~-1.0_1.0,hff20_1_long-duration_electrical_50.0~-1.0_1.0_0,F,SA,17.951329875519964,247.5,3.0752772187595124e+107,0.54,-0.616186139423817
1148,hff20,hff20_1,long-duration_electrical_50.0~-1.0_1.0,hff20_1_long-duration_electrical_50.0~-1.0_1.0_0,F,SA,17.951329875519964,248.5,8.359470181228054e+107,0.64,-0.4462871026284195
1149,hff20,hff20_1,long-duration_electrical_50.0~-1.0_1.0,hff20_1_long-duration_electrical_50.0~-1.0_1.0_0,F,SA,17.951329875519964,249.5,2.272339588917746e+108,0.56,-0.579818495252942
1150,hff20,hff20_1,long-duration_electrical_50.0~-1.0_1.0,hff20_1_long-duration_electrical_50.0~-1.0_1.0_0,F,SA,17.951329875519964,250.5,6.176859412643206e+108,0.44,-0.8209805520698302
1151,hff20,hff20_1,long-duration_electrical_50.0~-1.0_1.0,hff20_1_long-duration_electrical_50.0~-1.0_1.0_0,F,SA,17.951329875519964,251.5,1.679044469833424e+109,0.62,-0.4780358009429998
1152,hff20,hff20_1,long-duration_electrical_50.0~-1.0_1.0,hff20_1_long-duration_electrical_50.0~-1.0_1.0_0,F,SA,17.951329875519964,252.5,4.564116071522848e+109,0.4,-0.916290731874155
1153,hff20,hff20_1,long-duration_electrical_50.0~-1.0_1.0,hff20_1_long-duration_electrical_50.0~-1.0_1.0_0,F,SA,17.951329875519964,253.5,1.240655378019844e+110,0.52,-0.6539264674066639
1154,hff20,hff20_1,long-duration_electrical_50.0~-1.0_1.0,hff20_1_long-duration_electrical_50.0~-1.0_1.0_0,F,SA,17.951329875519964,254.5,3.37245096945133e+110,0.38,-0.9675840262617056
1155,hff20,hff20_1,long-duration_electrical_50.0~-1.0_1.0,hff20_1_long-duration_electrical_50.0~-1.0_1.0_0,F,SA,17.951329875519964,255.5,9.16727218762864e+110,0.58,-0.5447271754416722
1156,hff20,hff20_1,long-duration_electrical_50.0~-1.0_1.0,hff20_1_long-duration_electrical_50.0~-1.0_1.0_0,F,SA,17.951329875519964,256.5,2.491922940416893e+111,0.48,-0.7339691750802004
1157,hff20,hff20_1,long-duration_electrical_50.0~-1.0_1.0,hff20_1_long-duration_electrical_50.0~-1.0_1.0_0,F,SA,17.951329875519964,257.5,6.773748846855472e+111,0.64,-0.4462871026284195
1158,hff20,hff20_1,long-duration_electrical_50.0~-1.0_1.0,hff20_1_long-duration_electrical_50.0~-1.0_1.0_0,F,SA,17.951329875519964,258.5,1.8412958400952643e+112,0.7,-0.35667494393873245
1159,hff20,hff20_1,long-duration_electrical_50.0~-1.0_1.0,hff20_1_long-duration_electrical_50.0~-1.0_1.0_0,F,SA,17.951329875519964,259.5,5.005161022948189e+112,0.78,-0.2484613592984996
1160,hff20,hff20_1,long-duration_electrical_50.0~-1.0_1.0,hff20_1_long-duration_electrical_50.0~-1.0_1.0_0,F,SA,17.951329875519964,260.5,1.3605438257191548e+113,0.6,-0.5108256237659907
1161,hff20,hff20_1,long-duration_electrical_50.0~-1.0_1.0,hff20_1_long-duration_electrical_50.0~-1.0_1.0_0,F,SA,17.951329875519964,261.5,3.698341558274529e+113,0.56,-0.579818495252942
1162,hff20,hff20_1,long-duration_electrical_50.0~-1.0_1.0,hff20_1_long-duration_electrical_50.0~-1.0_1.0_0,F,SA,17.951329875519964,262.5,1.005313465329256e+114,0.62,-0.4780358009429998
1163,hff20,hff20_1,long-duration_electrical_50.0~-1.0_1.0,hff20_1_long-duration_electrical_50.0~-1.0_1.0_0,F,SA,17.951329875519964,263.5,2.732725324709709e+114,0.62,-0.4780358009429998
1164,hff20,hff20_1,long-duration_electrical_50.0~-1.0_1.0,hff20_1_long-duration_electrical_50.0~-1.0_1.0_0,F,SA,17.951329875519964,264.5,7.428317592328247e+114,0.6,-0.5108256237659907
1165,hff20,hff20_1,long-duration_electrical_50.0~-1.0_1.0,hff20_1_long-duration_electrical_50.0~-1.0_1.0_0,F,SA,17.951329875519964,265.5,2.0192260727248517e+115,0.66,-0.4155154439616658
1166,hff20,hff20_1,long-duration_electrical_50.0~-1.0_1.0,hff20_1_long-duration_electrical_50.0~-1.0_1.0_0,F,SA,17.951329875519964,266.5,5.4888255410386875e+115,0.82,-0.19845093872383832
1167,hff20,hff20_1,long-duration_electrical_50.0~-1.0_1.0,hff20_1_long-duration_electrical_50.0~-1.0_1.0_0,F,SA,17.951329875519964,267.5,1.4920174727787351e+116,0.62,-0.4780358009429998
1168,hff20,hff20_1,long-duration_electrical_50.0~-1.0_1.0,hff20_1_long-duration_electrical_50.0~-1.0_1.0_0,F,SA,17.951329875519964,268.5,4.055723983997824e+116,0.56,-0.579818495252942
1169,hff20,hff20_1,long-duration_electrical_50.0~-1.0_1.0,hff20_1_long-duration_electrical_50.0~-1.0_1.0_0,F,SA,17.951329875519964,269.5,1.1024600806946808e+117,0.68,-0.3856624808119846
1170,hff20,hff20_1,long-duration_electrical_50.0~-1.0_1.0,hff20_1_long-duration_electrical_50.0~-1.0_1.0_0,F,SA,17.951329875519964,270.5,2.9967972039538434e+117,0.72,-0.3285040669720361
1171,hff20,hff20_1,long-duration_electrical_50.0~-1.0_1.0,hff20_1_long-duration_electrical_50.0~-1.0_1.0_0,F,SA,17.951329875519964,271.5,8.146139383084608e+117,0.68,-0.3856624808119846
1172,hff20,hff20_1,long-duration_electrical_50.0~-1.0_1.0,hff20_1_long-duration_electrical_50.0~-1.0_1.0_0,F,SA,17.951329875519964,272.5,2.214350265713347e+118,0.68,-0.3856624808119846
1173,hff20,hff20_1,long-duration_electrical_50.0~-1.0_1.0,hff20_1_long-duration_electrical_50.0~-1.0_1.0_0,F,SA,17.951329875519964,273.5,6.019228089132049e+118,0.56,-0.579818495252942
1174,hff20,hff20_1,long-duration_electrical_50.0~-1.0_1.0,hff20_1_long-duration_electrical_50.0~-1.0_1.0_0,F,SA,17.951329875519964,274.5,1.636195833603791e+119,0.7,-0.35667494393873245
1175,hff20,hff20_1,long-duration_electrical_50.0~-1.0_1.0,hff20_1_long-duration_electrical_50.0~-1.0_1.0_0,F,SA,17.951329875519964,275.5,4.447641402285585e+119,0.5,-0.6931471805599453
1176,hff20,hff20_1,long-duration_electrical_50.0~-1.0_1.0,hff20_1_long-duration_electrical_50.0~-1.0_1.0_0,F,SA,17.951329875519964,276.5,1.2089942803335012e+120,0.48,-0.7339691750802004
1177,hff20,hff20_1,long-duration_electrical_50.0~-1.0_1.0,hff20_1_long-duration_electrical_50.0~-1.0_1.0_0,F,SA,17.951329875519964,277.5,3.286387182941477e+120,0.44,-0.8209805520698302
1178,hff20,hff20_1,long-duration_electrical_50.0~-1.0_1.0,hff20_1_long-duration_electrical_50.0~-1.0_1.0_0,F,SA,17.951329875519964,278.5,8.933326560670529e+120,0.44,-0.8209805520698302
1179,hff20,hff20_1,long-duration_electrical_50.0~-1.0_1.0,hff20_1_long-duration_electrical_50.0~-1.0_1.0_0,F,SA,17.951329875519964,279.5,2.428329925756124e+121,0.62,-0.4780358009429998
1180,hff20,hff20_1,long-duration_electrical_50.0~-1.0_1.0,hff20_1_long-duration_electrical_50.0~-1.0_1.0_0,F,SA,17.951329875519964,280.5,6.600885110686175e+121,0.56,-0.579818495252942
1181,hff20,hff20_1,long-duration_electrical_50.0~-1.0_1.0,hff20_1_long-duration_electrical_50.0~-1.0_1.0_0,F,SA,17.951329875519964,281.5,1.79430660481241e+122,0.68,-0.3856624808119846
1182,hff20,hff20_1,long-duration_electrical_50.0~-1.0_1.0,hff20_1_long-duration_electrical_50.0~-1.0_1.0_0,F,SA,17.951329875519964,282.5,4.877431038545619e+122,0.5,-0.6931471805599453
1183,hff20,hff20_1,long-duration_electrical_50.0~-1.0_1.0,hff20_1_long-duration_electrical_50.0~-1.0_1.0_0,F,SA,17.951329875519964,283.5,1.3258232161640687e+123,0.6,-0.5108256237659907
1184,hff20,hff20_1,long-duration_electrical_50.0~-1.0_1.0,hff20_1_long-duration_electrical_50.0~-1.0_1.0_0,F,SA,17.951329875519964,284.5,3.603961156247916e+123,0.6,-0.5108256237659907
1185,hff20,hff20_1,long-duration_electrical_50.0~-1.0_1.0,hff20_1_long-duration_electrical_50.0~-1.0_1.0_0,F,SA,17.951329875519964,285.5,9.796582121500962e+123,0.58,-0.5447271754416722
1186,hff20,hff20_1,long-duration_electrical_50.0~-1.0_1.0,hff20_1_long-duration_electrical_50.0~-1.0_1.0_0,F,SA,17.951329875519964,286.5,2.6629871161882825e+124,0.56,-0.579818495252942
1187,hff20,hff20_1,long-duration_electrical_50.0~-1.0_1.0,hff20_1_long-duration_electrical_50.0~-1.0_1.0_0,F,SA,17.951329875519964,287.5,7.238749487355165e+124,0.62,-0.4780358009429998
1188,hff20,hff20_1,long-duration_electrical_50.0~-1.0_1.0,hff20_1_long-duration_electrical_50.0~-1.0_1.0_0,F,SA,17.951329875519964,288.5,1.9676961192244775e+125,0.58,-0.5447271754416722
1189,hff20,hff20_1,long-duration_electrical_50.0~-1.0_1.0,hff20_1_long-duration_electrical_50.0~-1.0_1.0_0,F,SA,17.951329875519964,289.5,5.3487526048172796e+125,0.52,-0.6539264674066639
1190,hff20,hff20_1,long-duration_electrical_50.0~-1.0_1.0,hff20_1_long-duration_electrical_50.0~-1.0_1.0_0,F,SA,17.951329875519964,290.5,1.4539417010597797e+126,0.44,-0.8209805520698302
1191,hff20,hff20_1,long-duration_electrical_50.0~-1.0_1.0,hff20_1_long-duration_electrical_50.0~-1.0_1.0_0,F,SA,17.951329875519964,291.5,3.952223305629632e+126,0.64,-0.4462871026284195
1192,hff20,hff20_1,long-duration_electrical_50.0~-1.0_1.0,hff20_1_long-duration_electrical_50.0~-1.0_1.0_0,F,SA,17.951329875519964,292.5,1.0743256793705369e+127,0.44,-0.8209805520698302
1193,hff20,hff20_1,long-duration_electrical_50.0~-1.0_1.0,hff20_1_long-duration_electrical_50.0~-1.0_1.0_0,F,SA,17.951329875519964,293.5,2.920319972079849e+127,0.58,-0.5447271754416722
1194,hff20,hff20_1,long-duration_electrical_50.0~-1.0_1.0,hff20_1_long-duration_electrical_50.0~-1.0_1.0_0,F,SA,17.951329875519964,294.5,7.93825271339068e+127,0.52,-0.6539264674066639
1195,hff20,hff20_1,long-duration_electrical_50.0~-1.0_1.0,hff20_1_long-duration_electrical_50.0~-1.0_1.0_0,F,SA,17.951329875519964,295.5,2.1578408100525594e+128,0.56,-0.579818495252942
1196,hff20,hff20_1,long-duration_electrical_50.0~-1.0_1.0,hff20_1_long-duration_electrical_50.0~-1.0_1.0_0,F,SA,17.951329875519964,296.5,5.865619462673218e+128,0.52,-0.6539264674066639
1197,hff20,hff20_1,long-duration_electrical_50.0~-1.0_1.0,hff20_1_long-duration_electrical_50.0~-1.0_1.0_0,F,SA,17.951329875519964,297.5,1.594440679804032e+129,0.56,-0.579818495252942
1198,hff20,hff20_1,long-duration_electrical_50.0~-1.0_1.0,hff20_1_long-duration_electrical_50.0~-1.0_1.0_0,F,SA,17.951329875519964,298.5,4.334139126467187e+129,0.7,-0.35667494393873245
1199,hff20,hff20_1,long-duration_electrical_50.0~-1.0_1.0,hff20_1_long-duration_electrical_50.0~-1.0_1.0_0,F,SA,17.951329875519964,299.5,1.1781411629489113e+130,0.54,-0.616186139423817
1200,hff10,hff10_1,long-duration_electrical_50.0~-1.0_1.0,hff10_1_long-duration_electrical_50.0~-1.0_1.0_0,F,FA,17.98280010269721,0.5,1.6487212707001282,1.0,0.0
1201,hff10,hff10_1,long-duration_electrical_50.0~-1.0_1.0,hff10_1_long-duration_electrical_50.0~-1.0_1.0_0,F,FA,17.98280010269721,1.5,4.4816890703380645,1.0,0.0
1202,hff10,hff10_1,long-duration_electrical_50.0~-1.0_1.0,hff10_1_long-duration_electrical_50.0~-1.0_1.0_0,F,FA,17.98280010269721,2.5,12.182493960703473,0.98,-0.020202707317519466
1203,hff10,hff10_1,long-duration_electrical_50.0~-1.0_1.0,hff10_1_long-duration_electrical_50.0~-1.0_1.0_0,F,FA,17.98280010269721,3.5,33.11545195869231,0.96,-0.040821994520255166
1204,hff10,hff10_1,long-duration_electrical_50.0~-1.0_1.0,hff10_1_long-duration_electrical_50.0~-1.0_1.0_0,F,FA,17.98280010269721,4.5,90.01713130052181,0.92,-0.08338160893905101
1205,hff10,hff10_1,long-duration_electrical_50.0~-1.0_1.0,hff10_1_long-duration_electrical_50.0~-1.0_1.0_0,F,FA,17.98280010269721,5.5,244.69193226422038,0.88,-0.12783337150988489
1206,hff10,hff10_1,long-duration_electrical_50.0~-1.0_1.0,hff10_1_long-duration_electrical_50.0~-1.0_1.0_0,F,FA,17.98280010269721,6.5,665.1416330443618,0.94,-0.06187540371808753
1207,hff10,hff10_1,long-duration_electrical_50.0~-1.0_1.0,hff10_1_long-duration_electrical_50.0~-1.0_1.0_0,F,FA,17.98280010269721,7.5,1808.0424144560632,0.9,-0.10536051565782628
1208,hff10,hff10_1,long-duration_electrical_50.0~-1.0_1.0,hff10_1_long-duration_electrical_50.0~-1.0_1.0_0,F,FA,17.98280010269721,8.5,4914.768840299134,0.84,-0.1743533871447778
1209,hff10,hff10_1,long-duration_electrical_50.0~-1.0_1.0,hff10_1_long-duration_electrical_50.0~-1.0_1.0_0,F,FA,17.98280010269721,9.5,13359.726829661873,0.88,-0.12783337150988489
1210,hff10,hff10_1,long-duration_electrical_50.0~-1.0_1.0,hff10_1_long-duration_electrical_50.0~-1.0_1.0_0,F,FA,17.98280010269721,10.5,36315.502674246636,0.84,-0.1743533871447778
1211,hff10,hff10_1,long-duration_electrical_50.0~-1.0_1.0,hff10_1_long-duration_electrical_50.0~-1.0_1.0_0,F,FA,17.98280010269721,11.5,98715.7710107605,0.84,-0.1743533871447778
1212,hff10,hff10_1,long-duration_electrical_50.0~-1.0_1.0,hff10_1_long-duration_electrical_50.0~-1.0_1.0_0,F,FA,17.98280010269721,12.5,268337.2865208745,0.8,-0.2231435513142097
1213,hff10,hff10_1,long-duration_electrical_50.0~-1.0_1.0,hff10_1_long-duration_electrical_50.0~-1.0_1.0_0,F,FA,17.98280010269721,13.5,729416.3698477013,0.82,-0.19845093872383832
1214,hff10,hff10_1,long-duration_electrical_50.0~-1.0_1.0,hff10_1_long-duration_electrical_50.0~-1.0_1.0_0,F,FA,17.98280010269721,14.5,1982759.2635375687,0.82,-0.19845093872383832
1215,hff10,hff10_1,long-duration_electrical_50.0~-1.0_1.0,hff10_1_long-duration_electrical_50.0~-1.0_1.0_0,F,FA,17.98280010269721,15.5,5389698.476283012,0.86,-0.15082288973458366
1216,hff10,hff10_1,long-duration_electrical_50.0~-1.0_1.0,hff10_1_long-duration_electrical_50.0~-1.0_1.0_0,F,FA,17.98280010269721,16.5,14650719.428953517,0.88,-0.12783337150988489
1217,hff10,hff10_1,long-duration_electrical_50.0~-1.0_1.0,hff10_1_long-duration_electrical_50.0~-1.0_1.0_0,F,FA,17.98280010269721,17.5,39824784.39757623,0.82,-0.19845093872383832
1218,hff10,hff10_1,long-duration_electrical_50.0~-1.0_1.0,hff10_1_long-duration_electrical_50.0~-1.0_1.0_0,F,FA,17.98280010269721,18.5,108254987.75023076,0.8,-0.2231435513142097
1219,hff10,hff10_1,long-duration_electrical_50.0~-1.0_1.0,hff10_1_long-duration_electrical_50.0~-1.0_1.0_0,F,FA,17.98280010269721,19.5,294267566.0415088,0.8,-0.2231435513142097
1220,hff10,hff10_1,long-duration_electrical_50.0~-1.0_1.0,hff10_1_long-duration_electrical_50.0~-1.0_1.0_0,F,FA,17.98280010269721,20.5,799902177.4755054,0.76,-0.2744368457017603
1221,hff10,hff10_1,long-duration_electrical_50.0~-1.0_1.0,hff10_1_long-duration_electrical_50.0~-1.0_1.0_0,F,FA,17.98280010269721,21.5,2174359553.5764885,0.74,-0.3011050927839216
1222,hff10,hff10_1,long-duration_electrical_50.0~-1.0_1.0,hff10_1_long-duration_electrical_50.0~-1.0_1.0_0,F,FA,17.98280010269721,22.5,5910522063.023291,0.76,-0.2744368457017603
1223,hff10,hff10_1,long-duration_electrical_50.0~-1.0_1.0,hff10_1_long-duration_electrical_50.0~-1.0_1.0_0,F,FA,17.98280010269721,23.5,16066464720.622478,0.78,-0.2484613592984996
1224,hff10,hff10_1,long-duration_electrical_50.0~-1.0_1.0,hff10_1_long-duration_electrical_50.0~-1.0_1.0_0,F,FA,17.98280010269721,24.5,43673179097.646416,0.82,-0.19845093872383832
1225,hff10,hff10_1,long-duration_electrical_50.0~-1.0_1.0,hff10_1_long-duration_electrical_50.0~-1.0_1.0_0,F,FA,17.98280010269721,25.5,118716009132.16965,0.72,-0.3285040669720361
1226,hff10,hff10_1,long-duration_electrical_50.0~-1.0_1.0,hff10_1_long-duration_electrical_50.0~-1.0_1.0_0,F,FA,17.98280010269721,26.5,322703570371.15485,0.76,-0.2744368457017603
1227,hff10,hff10_1,long-duration_electrical_50.0~-1.0_1.0,hff10_1_long-duration_electrical_50.0~-1.0_1.0_0,F,FA,17.98280010269721,27.5,877199251318.7649,0.8,-0.2231435513142097
1228,hff10,hff10_1,long-duration_electrical_50.0~-1.0_1.0,hff10_1_long-duration_electrical_50.0~-1.0_1.0_0,F,FA,17.98280010269721,28.5,2384474784797.6777,0.66,-0.4155154439616658
1229,hff10,hff10_1,long-duration_electrical_50.0~-1.0_1.0,hff10_1_long-duration_electrical_50.0~-1.0_1.0_0,F,FA,17.98280010269721,29.5,6481674477934.32,0.6,-0.5108256237659907
1230,hff10,hff10_1,long-duration_electrical_50.0~-1.0_1.0,hff10_1_long-duration_electrical_50.0~-1.0_1.0_0,F,FA,17.98280010269721,30.5,17619017951355.633,0.6,-0.5108256237659907
1231,hff10,hff10_1,long-duration_electrical_50.0~-1.0_1.0,hff10_1_long-duration_electrical_50.0~-1.0_1.0_0,F,FA,17.98280010269721,31.5,47893456332463.73,0.78,-0.2484613592984996
1232,hff10,hff10_1,long-duration_electrical_50.0~-1.0_1.0,hff10_1_long-duration_electrical_50.0~-1.0_1.0_0,F,FA,17.98280010269721,32.5,130187912050632.94,0.54,-0.616186139423817
1233,hff10,hff10_1,long-duration_electrical_50.0~-1.0_1.0,hff10_1_long-duration_electrical_50.0~-1.0_1.0_0,F,FA,17.98280010269721,33.5,353887435612259.9,0.58,-0.5447271754416722
1234,hff10,hff10_1,long-duration_electrical_50.0~-1.0_1.0,hff10_1_long-duration_electrical_50.0~-1.0_1.0_0,F,FA,17.98280010269721,34.5,961965785544776.4,0.74,-0.3011050927839216
1235,hff10,hff10_1,long-duration_electrical_50.0~-1.0_1.0,hff10_1_long-duration_electrical_50.0~-1.0_1.0_0,F,FA,17.98280010269721,35.5,2614894114445696.5,0.7,-0.35667494393873245
1236,hff10,hff10_1,long-duration_electrical_50.0~-1.0_1.0,hff10_1_long-duration_electrical_50.0~-1.0_1.0_0,F,FA,17.98280010269721,36.5,7108019154642244.0,0.7,-0.35667494393873245
1237,hff10,hff10_1,long-duration_electrical_50.0~-1.0_1.0,hff10_1_long-duration_electrical_50.0~-1.0_1.0_0,F,FA,17.98280010269721,37.5,1.9321599304402836e+16,0.54,-0.616186139423817
1238,hff10,hff10_1,long-duration_electrical_50.0~-1.0_1.0,hff10_1_long-duration_electrical_50.0~-1.0_1.0_0,F,FA,17.98280010269721,38.5,5.252155228592516e+16,0.66,-0.4155154439616658
1239,hff10,hff10_1,long-duration_electrical_50.0~-1.0_1.0,hff10_1_long-duration_electrical_50.0~-1.0_1.0_0,F,FA,17.98280010269721,39.5,1.4276838118129198e+17,0.62,-0.4780358009429998
1240,hff10,hff10_1,long-duration_electrical_50.0~-1.0_1.0,hff10_1_long-duration_electrical_50.0~-1.0_1.0_0,F,FA,17.98280010269721,40.5,3.8808469624362035e+17,0.62,-0.4780358009429998
1241,hff10,hff10_1,long-duration_electrical_50.0~-1.0_1.0,hff10_1_long-duration_electrical_50.0~-1.0_1.0_0,F,FA,17.98280010269721,41.5,1.0549235777020814e+18,0.66,-0.4155154439616658
1242,hff10,hff10_1,long-duration_electrical_50.0~-1.0_1.0,hff10_1_long-duration_electrical_50.0~-1.0_1.0_0,F,FA,17.98280010269721,42.5,2.8675795916805714e+18,0.5,-0.6931471805599453
1243,hff10,hff10_1,long-duration_electrical_50.0~-1.0_1.0,hff10_1_long-duration_electrical_50.0~-1.0_1.0_0,F,FA,17.98280010269721,43.5,7.794889495725307e+18,0.56,-0.579818495252942
1244,hff10,hff10_1,long-duration_electrical_50.0~-1.0_1.0,hff10_1_long-duration_electrical_50.0~-1.0_1.0_0,F,FA,17.98280010269721,44.5,2.118870647107639e+19,0.56,-0.579818495252942
1245,hff10,hff10_1,long-duration_electrical_50.0~-1.0_1.0,hff10_1_long-duration_electrical_50.0~-1.0_1.0_0,F,FA,17.98280010269721,45.5,5.759687576887954e+19,0.62,-0.4780358009429998
1246,hff10,hff10_1,long-duration_electrical_50.0~-1.0_1.0,hff10_1_long-duration_electrical_50.0~-1.0_1.0_0,F,FA,17.98280010269721,46.5,1.5656454077855836e+20,0.66,-0.4155154439616658
1247,hff10,hff10_1,long-duration_electrical_50.0~-1.0_1.0,hff10_1_long-duration_electrical_50.0~-1.0_1.0_0,F,FA,17.98280010269721,47.5,4.255865461793903e+20,0.56,-0.579818495252942
1248,hff10,hff10_1,long-duration_electrical_50.0~-1.0_1.0,hff10_1_long-duration_electrical_50.0~-1.0_1.0_0,F,FA,17.98280010269721,48.5,1.156864174916083e+21,0.66,-0.4155154439616658
1249,hff10,hff10_1,long-duration_electrical_50.0~-1.0_1.0,hff10_1_long-duration_electrical_50.0~-1.0_1.0_0,F,FA,17.98280010269721,49.5,3.144682864669655e+21,0.64,-0.4462871026284195
1250,hff10,hff10_1,long-duration_electrical_50.0~-1.0_1.0,hff10_1_long-duration_electrical_50.0~-1.0_1.0_0,F,FA,17.98280010269721,50.5,8.548134287298057e+21,0.64,-0.4462871026284195
1251,hff10,hff10_1,long-duration_electrical_50.0~-1.0_1.0,hff10_1_long-duration_electrical_50.0~-1.0_1.0_0,F,FA,17.98280010269721,51.5,2.3236238100390023e+22,0.56,-0.579818495252942
1252,hff10,hff10_1,long-duration_electrical_50.0~-1.0_1.0,hff10_1_long-duration_electrical_50.0~-1.0_1.0_0,F,FA,17.98280010269721,52.5,6.316264379003792e+22,0.62,-0.4780358009429998
1253,hff10,hff10_1,long-duration_electrical_50.0~-1.0_1.0,hff10_1_long-duration_electrical_50.0~-1.0_1.0_0,F,FA,17.98280010269721,53.5,1.7169386685189163e+23,0.68,-0.3856624808119846
1254,hff10,hff10_1,long-duration_electrical_50.0~-1.0_1.0,hff10_1_long-duration_electrical_50.0~-1.0_1.0_0,F,FA,17.98280010269721,54.5,4.667123183213639e+23,0.62,-0.4780358009429998
1255,hff10,hff10_1,long-duration_electrical_50.0~-1.0_1.0,hff10_1_long-duration_electrical_50.0~-1.0_1.0_0,F,FA,17.98280010269721,55.5,1.2686556140109568e+24,0.6,-0.5108256237659907
1256,hff10,hff10_1,long-duration_electrical_50.0~-1.0_1.0,hff10_1_long-duration_electrical_50.0~-1.0_1.0_0,F,FA,17.98280010269721,56.5,3.4485635021385364e+24,0.7,-0.35667494393873245
1257,hff10,hff10_1,long-duration_electrical_50.0~-1.0_1.0,hff10_1_long-duration_electrical_50.0~-1.0_1.0_0,F,FA,17.98280010269721,57.5,9.37416750215027e+24,0.66,-0.4155154439616658
1258,hff10,hff10_1,long-duration_electrical_50.0~-1.0_1.0,hff10_1_long-duration_electrical_50.0~-1.0_1.0_0,F,FA,17.98280010269721,58.5,2.5481629178026397e+25,0.6,-0.5108256237659907
1259,hff10,hff10_1,long-duration_electrical_50.0~-1.0_1.0,hff10_1_long-duration_electrical_50.0~-1.0_1.0_0,F,FA,17.98280010269721,59.5,6.926624955416095e+25,0.42,-0.8675005677047231
1260,hff10,hff10_1,long-duration_electrical_50.0~-1.0_1.0,hff10_1_long-duration_electrical_50.0~-1.0_1.0_0,F,FA,17.98280010269721,60.5,1.8828518748858514e+26,0.66,-0.4155154439616658
1261,hff10,hff10_1,long-duration_electrical_50.0~-1.0_1.0,hff10_1_long-duration_electrical_50.0~-1.0_1.0_0,F,FA,17.98280010269721,61.5,5.118122037182254e+26,0.5,-0.6931471805599453
1262,hff10,hff10_1,long-duration_electrical_50.0~-1.0_1.0,hff10_1_long-duration_electrical_50.0~-1.0_1.0_0,F,FA,17.98280010269721,62.5,1.391249812950831e+27,0.62,-0.4780358009429998
1263,hff10,hff10_1,long-duration_electrical_50.0~-1.0_1.0,hff10_1_long-duration_electrical_50.0~-1.0_1.0_0,F,FA,17.98280010269721,63.5,3.7818090853912897e+27,0.6,-0.5108256237659907
1264,hff10,hff10_1,long-duration_electrical_50.0~-1.0_1.0,hff10_1_long-duration_electrical_50.0~-1.0_1.0_0,F,FA,17.98280010269721,64.5,1.0280022915520465e+28,0.64,-0.4462871026284195
1265,hff10,hff10_1,long-duration_electrical_50.0~-1.0_1.0,hff10_1_long-duration_electrical_50.0~-1.0_1.0_0,F,FA,17.98280010269721,65.5,2.7943999487401853e+28,0.72,-0.3285040669720361
1266,hff10,hff10_1,long-duration_electrical_50.0~-1.0_1.0,hff10_1_long-duration_electrical_50.0~-1.0_1.0_0,F,FA,17.98280010269721,66.5,7.595966602107334e+28,0.68,-0.3856624808119846
1267,hff10,hff10_1,long-duration_electrical_50.0~-1.0_1.0,hff10_1_long-duration_electrical_50.0~-1.0_1.0_0,F,FA,17.98280010269721,67.5,2.0647977984090163e+29,0.62,-0.4780358009429998
1268,hff10,hff10_1,long-duration_electrical_50.0~-1.0_1.0,hff10_1_long-duration_electrical_50.0~-1.0_1.0_0,F,FA,17.98280010269721,68.5,5.612702334857472e+29,0.64,-0.4462871026284195
1269,hff10,hff10_1,long-duration_electrical_50.0~-1.0_1.0,hff10_1_long-duration_electrical_50.0~-1.0_1.0_0,F,FA,17.98280010269721,69.5,1.5256906765392722e+30,0.6,-0.5108256237659907
1270,hff10,hff10_1,long-duration_electrical_50.0~-1.0_1.0,hff10_1_long-duration_electrical_50.0~-1.0_1.0_0,F,FA,17.98280010269721,70.5,4.1472572418860906e+30,0.64,-0.4462871026284195
1271,hff10,hff10_1,long-duration_electrical_50.0~-1.0_1.0,hff10_1_long-duration_electrical_50.0~-1.0_1.0_0,F,FA,17.98280010269721,71.5,1.1273413998564138e+31,0.64,-0.4462871026284195
1272,hff10,hff10_1,long-duration_electrical_50.0~-1.0_1.0,hff10_1_long-duration_electrical_50.0~-1.0_1.0_0,F,FA,17.98280010269721,72.5,3.0644316416992722e+31,0.68,-0.3856624808119846
1273,hff10,hff10_1,long-duration_electrical_50.0~-1.0_1.0,hff10_1_long-duration_electrical_50.0~-1.0_1.0_0,F,FA,17.98280010269721,73.5,8.329988846186052e+31,0.6,-0.5108256237659907
1274,hff10,hff10_1,long-duration_electrical_50.0~-1.0_1.0,hff10_1_long-duration_electrical_50.0~-1.0_1.0_0,F,FA,17.98280010269721,74.5,2.2643257311854073e+32,0.66,-0.4155154439616658
1275,hff10,hff10_1,long-duration_electrical_50.0~-1.0_1.0,hff10_1_long-duration_electrical_50.0~-1.0_1.0_0,F,FA,17.98280010269721,75.5,6.155075488793534e+32,0.6,-0.5108256237659907
1276,hff10,hff10_1,long-duration_electrical_50.0~-1.0_1.0,hff10_1_long-duration_electrical_50.0~-1.0_1.0_0,F,FA,17.98280010269721,76.5,1.6731229853981137e+33,0.58,-0.5447271754416722
1277,hff10,hff10_1,long-duration_electrical_50.0~-1.0_1.0,hff10_1_long-duration_electrical_50.0~-1.0_1.0_0,F,FA,17.98280010269721,77.5,4.5480198079848415e+33,0.5,-0.6931471805599453
1278,hff10,hff10_1,long-duration_electrical_50.0~-1.0_1.0,hff10_1_long-duration_electrical_50.0~-1.0_1.0_0,F,FA,17.98280010269721,78.5,1.236279959951699e+34,0.62,-0.4780358009429998
1279,hff10,hff10_1,long-duration_electrical_50.0~-1.0_1.0,hff10_1_long-duration_electrical_50.0~-1.0_1.0_0,F,FA,17.98280010269721,79.5,3.36055735002478e+34,0.62,-0.4780358009429998
1280,hff10,hff10_1,long-duration_electrical_50.0~-1.0_1.0,hff10_1_long-duration_electrical_50.0~-1.0_1.0_0,F,FA,17.98280010269721,80.5,9.134941978066843e+34,0.56,-0.579818495252942
1281,hff10,hff10_1,long-duration_electrical_50.0~-1.0_1.0,hff10_1_long-duration_electrical_50.0~-1.0_1.0_0,F,FA,17.98280010269721,81.5,2.4831346783006824e+35,0.54,-0.616186139423817
1282,hff10,hff10_1,long-duration_electrical_50.0~-1.0_1.0,hff10_1_long-duration_electrical_50.0~-1.0_1.0_0,F,FA,17.98280010269721,82.5,6.749859873641241e+35,0.6,-0.5108256237659907
1283,hff10,hff10_1,long-duration_electrical_50.0~-1.0_1.0,hff10_1_long-duration_electrical_50.0~-1.0_1.0_0,F,FA,17.98280010269721,83.5,1.8348021439163853e+36,0.6,-0.5108256237659907
1284,hff10,hff10_1,long-duration_electrical_50.0~-1.0_1.0,hff10_1_long-duration_electrical_50.0~-1.0_1.0_0,F,FA,17.98280010269721,84.5,4.9875093266256084e+36,0.6,-0.5108256237659907
1285,hff10,hff10_1,long-duration_electrical_50.0~-1.0_1.0,hff10_1_long-duration_electrical_50.0~-1.0_1.0_0,F,FA,17.98280010269721,85.5,1.35574559718364e+37,0.64,-0.4462871026284195
1286,hff10,hff10_1,long-duration_electrical_50.0~-1.0_1.0,hff10_1_long-duration_electrical_50.0~-1.0_1.0_0,F,FA,17.98280010269721,86.5,3.685298620837645e+37,0.48,-0.7339691750802004
1287,hff10,hff10_1,long-duration_electrical_50.0~-1.0_1.0,hff10_1_long-duration_electrical_50.0~-1.0_1.0_0,F,FA,17.98280010269721,87.5,1.0017680273468151e+38,0.56,-0.579818495252942
1288,hff10,hff10_1,long-duration_electrical_50.0~-1.0_1.0,hff10_1_long-duration_electrical_50.0~-1.0_1.0_0,F,FA,17.98280010269721,88.5,2.7230878250681117e+38,0.54,-0.616186139423817
1289,hff10,hff10_1,long-duration_electrical_50.0~-1.0_1.0,hff10_1_long-duration_electrical_50.0~-1.0_1.0_0,F,FA,17.98280010269721,89.5,7.402120152180711e+38,0.42,-0.8675005677047231
1290,hff10,hff10_1,long-duration_electrical_50.0~-1.0_1.0,hff10_1_long-duration_electrical_50.0~-1.0_1.0_0,F,FA,17.98280010269721,90.5,2.012104870174333e+39,0.46,-0.7765287894989963
1291,hff10,hff10_1,long-duration_electrical_50.0~-1.0_1.0,hff10_1_long-duration_electrical_50.0~-1.0_1.0_0,F,FA,17.98280010269721,91.5,5.469468105548836e+39,0.42,-0.8675005677047231
1292,hff10,hff10_1,long-duration_electrical_50.0~-1.0_1.0,hff10_1_long-duration_electrical_50.0~-1.0_1.0_0,F,FA,17.98280010269721,92.5,1.486755576264972e+40,0.38,-0.9675840262617056
1293,hff10,hff10_1,long-duration_electrical_50.0~-1.0_1.0,hff10_1_long-duration_electrical_50.0~-1.0_1.0_0,F,FA,17.98280010269721,93.5,4.041420666321229e+40,0.44,-0.8209805520698302
1294,hff10,hff10_1,long-duration_electrical_50.0~-1.0_1.0,hff10_1_long-duration_electrical_50.0~-1.0_1.0_0,F,FA,17.98280010269721,94.5,1.0985720358419844e+41,0.48,-0.7339691750802004
1295,hff10,hff10_1,long-duration_electrical_50.0~-1.0_1.0,hff10_1_long-duration_electrical_50.0~-1.0_1.0_0,F,FA,17.98280010269721,95.5,2.9862284022825254e+41,0.48,-0.7339691750802004
1296,hff10,hff10_1,long-duration_electrical_50.0~-1.0_1.0,hff10_1_long-duration_electrical_50.0~-1.0_1.0_0,F,FA,17.98280010269721,96.5,8.117410401552875e+41,0.44,-0.8209805520698302
1297,hff10,hff10_1,long-duration_electrical_50.0~-1.0_1.0,hff10_1_long-duration_electrical_50.0~-1.0_1.0_0,F,FA,17.98280010269721,97.5,2.2065409188685626e+42,0.48,-0.7339691750802004
1298,hff10,hff10_1,long-duration_electrical_50.0~-1.0_1.0,hff10_1_long-duration_electrical_50.0~-1.0_1.0_0,F,FA,17.98280010269721,98.5,5.998000083511737e+42,0.48,-0.7339691750802004
1299,hff10,hff10_1,long-duration_electrical_50.0~-1.0_1.0,hff10_1_long-duration_electrical_50.0~-1.0_1.0_0,F,FA,17.98280010269721,99.5,1.6304254634105793e+43,0.5,-0.6931471805599453
1300,hff10,hff10_1,long-duration_electrical_50.0~-1.0_1.0,hff10_1_long-duration_electrical_50.0~-1.0_1.0_0,F,FA,17.98280010269721,100.5,4.4319559098458955e+43,0.46,-0.7765287894989963
1301,hff10,hff10_1,long-duration_electrical_50.0~-1.0_1.0,hff10_1_long-duration_electrical_50.0~-1.0_1.0_0,F,FA,17.98280010269721,101.5,1.2047305214265772e+44,0.52,-0.6539264674066639
1302,hff10,hff10_1,long-duration_electrical_50.0~-1.0_1.0,hff10_1_long-duration_electrical_50.0~-1.0_1.0_0,F,FA,17.98280010269721,102.5,3.274797084583855e+44,0.48,-0.7339691750802004
1303,hff10,hff10_1,long-duration_electrical_50.0~-1.0_1.0,hff10_1_long-duration_electrical_50.0~-1.0_1.0_0,F,FA,17.98280010269721,103.5,8.901821406914952e+44,0.3,-1.2039728043259361
1304,hff10,hff10_1,long-duration_electrical_50.0~-1.0_1.0,hff10_1_long-duration_electrical_50.0~-1.0_1.0_0,F,FA,17.98280010269721,104.5,2.419765937060465e+45,0.28,-1.2729656758128873
1305,hff10,hff10_1,long-duration_electrical_50.0~-1.0_1.0,hff10_1_long-duration_electrical_50.0~-1.0_1.0_0,F,FA,17.98280010269721,105.5,6.577605775835635e+45,0.38,-0.9675840262617056
1306,hff10,hff10_1,long-duration_electrical_50.0~-1.0_1.0,hff10_1_long-duration_electrical_50.0~-1.0_1.0_0,F,FA,17.98280010269721,106.5,1.7879786255221268e+46,0.44,-0.8209805520698302
1307,hff10,hff10_1,long-duration_electrical_50.0~-1.0_1.0,hff10_1_long-duration_electrical_50.0~-1.0_1.0_0,F,FA,17.98280010269721,107.5,4.860229807429978e+46,0.42,-0.8675005677047231
1308,hff10,hff10_1,long-duration_electrical_50.0~-1.0_1.0,hff10_1_long-duration_electrical_50.0~-1.0_1.0_0,F,FA,17.98280010269721,108.5,1.3211474367671912e+47,0.36,-1.0216512475319814
1309,hff10,hff10_1,long-duration_electrical_50.0~-1.0_1.0,hff10_1_long-duration_electrical_50.0~-1.0_1.0_0,F,FA,17.98280010269721,109.5,3.591251070079501e+47,0.44,-0.8209805520698302
1310,hff10,hff10_1,long-duration_electrical_50.0~-1.0_1.0,hff10_1_long-duration_electrical_50.0~-1.0_1.0_0,F,FA,17.98280010269721,110.5,9.76203252523121e+47,0.46,-0.7765287894989963
1311,hff10,hff10_1,long-duration_electrical_50.0~-1.0_1.0,hff10_1_long-duration_electrical_50.0~-1.0_1.0_0,F,FA,17.98280010269721,111.5,2.6535955622162162e+48,0.46,-0.7765287894989963
1312,hff10,hff10_1,long-duration_electrical_50.0~-1.0_1.0,hff10_1_long-duration_electrical_50.0~-1.0_1.0_0,F,FA,17.98280010269721,112.5,7.213220596851904e+48,0.48,-0.7339691750802004
1313,hff10,hff10_1,long-duration_electrical_50.0~-1.0_1.0,hff10_1_long-duration_electrical_50.0~-1.0_1.0_0,F,FA,17.98280010269721,113.5,1.960756647308904e+49,0.42,-0.8675005677047231
1314,hff10,hff10_1,long-duration_electrical_50.0~-1.0_1.0,hff10_1_long-duration_electrical_50.0~-1.0_1.0_0,F,FA,17.98280010269721,114.5,5.329889164410075e+49,0.42,-0.8675005677047231
1315,hff10,hff10_1,long-duration_electrical_50.0~-1.0_1.0,hff10_1_long-duration_electrical_50.0~-1.0_1.0_0,F,FA,17.98280010269721,115.5,1.4488140863316671e+50,0.52,-0.6539264674066639
1316,hff10,hff10_1,long-duration_electrical_50.0~-1.0_1.0,hff10_1_long-duration_electrical_50.0~-1.0_1.0_0,F,FA,17.98280010269721,116.5,3.9382850036908655e+50,0.56,-0.579818495252942
1317,hff10,hff10_1,long-duration_electrical_50.0~-1.0_1.0,hff10_1_long-duration_electrical_50.0~-1.0_1.0_0,F,FA,17.98280010269721,117.5,1.0705368560825642e+51,0.5,-0.6931471805599453
1318,hff10,hff10_1,long-duration_electrical_50.0~-1.0_1.0,hff10_1_long-duration_electrical_50.0~-1.0_1.0_0,F,FA,17.98280010269721,118.5,2.9100208825849106e+51,0.48,-0.7339691750802004
1319,hff10,hff10_1,long-duration_electrical_50.0~-1.0_1.0,hff10_1_long-duration_electrical_50.0~-1.0_1.0_0,F,FA,17.98280010269721,119.5,7.910256885566915e+51,0.6,-0.5108256237659907
1320,hff10,hff10_1,long-duration_electrical_50.0~-1.0_1.0,hff10_1_long-duration_electrical_50.0~-1.0_1.0_0,F,FA,17.98280010269721,120.5,2.1502307550479586e+52,0.42,-0.8675005677047231
1321,hff10,hff10_1,long-duration_electrical_50.0~-1.0_1.0,hff10_1_long-duration_electrical_50.0~-1.0_1.0_0,F,FA,17.98280010269721,121.5,5.844933188440638e+52,0.56,-0.579818495252942
1322,hff10,hff10_1,long-duration_electrical_50.0~-1.0_1.0,hff10_1_long-duration_electrical_50.0~-1.0_1.0_0,F,FA,17.98280010269721,122.5,1.5888175674695377e+53,0.56,-0.579818495252942
1323,hff10,hff10_1,long-duration_electrical_50.0~-1.0_1.0,hff10_1_long-duration_electrical_50.0~-1.0_1.0_0,F,FA,17.98280010269721,123.5,4.3188539223889476e+53,0.54,-0.616186139423817
1324,hff10,hff10_1,long-duration_electrical_50.0~-1.0_1.0,hff10_1_long-duration_electrical_50.0~-1.0_1.0_0,F,FA,17.98280010269721,124.5,1.1739862136998947e+54,0.52,-0.6539264674066639
1325,hff10,hff10_1,long-duration_electrical_50.0~-1.0_1.0,hff10_1_long-duration_electrical_50.0~-1.0_1.0_0,F,FA,17.98280010269721,125.5,3.191225391561861e+54,0.5,-0.6931471805599453
1326,hff10,hff10_1,long-duration_electrical_50.0~-1.0_1.0,hff10_1_long-duration_electrical_50.0~-1.0_1.0_0,F,FA,17.98280010269721,126.5,8.674649992399708e+54,0.62,-0.4780358009429998
1327,hff10,hff10_1,long-duration_electrical_50.0~-1.0_1.0,hff10_1_long-duration_electrical_50.0~-1.0_1.0_0,F,FA,17.98280010269721,127.5,2.3580143442582524e+55,0.58,-0.5447271754416722
1328,hff10,hff10_1,long-duration_electrical_50.0~-1.0_1.0,hff10_1_long-duration_electrical_50.0~-1.0_1.0_0,F,FA,17.98280010269721,128.5,6.409747543242979e+55,0.56,-0.579818495252942
1329,hff10,hff10_1,long-duration_electrical_50.0~-1.0_1.0,hff10_1_long-duration_electrical_50.0~-1.0_1.0_0,F,FA,17.98280010269721,129.5,1.7423500271807397e+56,0.6,-0.5108256237659907
1330,hff10,hff10_1,long-duration_electrical_50.0~-1.0_1.0,hff10_1_long-duration_electrical_50.0~-1.0_1.0_0,F,FA,17.98280010269721,130.5,4.736198417700528e+56,0.64,-0.4462871026284195
1331,hff10,hff10_1,long-duration_electrical_50.0~-1.0_1.0,hff10_1_long-duration_electrical_50.0~-1.0_1.0_0,F,FA,17.98280010269721,131.5,1.287432209481183e+57,0.48,-0.7339691750802004
1332,hff10,hff10_1,long-duration_electrical_50.0~-1.0_1.0,hff10_1_long-duration_electrical_50.0~-1.0_1.0_0,F,FA,17.98280010269721,132.5,3.4996035804055786e+57,0.42,-0.8675005677047231
1333,hff10,hff10_1,long-duration_electrical_50.0~-1.0_1.0,hff10_1_long-duration_electrical_50.0~-1.0_1.0_0,F,FA,17.98280010269721,133.5,9.512908819426697e+57,0.34,-1.0788096613719298
1334,hff10,hff10_1,long-duration_electrical_50.0~-1.0_1.0,hff10_1_long-duration_electrical_50.0~-1.0_1.0_0,F,FA,17.98280010269721,134.5,2.585876717963538e+58,0.2,-1.6094379124341003
1335,hff10,hff10_1,long-duration_electrical_50.0~-1.0_1.0,hff10_1_long-duration_electrical_50.0~-1.0_1.0_0,F,FA,17.98280010269721,135.5,7.029141693075601e+58,0.36,-1.0216512475319814
1336,hff10,hff10_1,long-duration_electrical_50.0~-1.0_1.0,hff10_1_long-duration_electrical_50.0~-1.0_1.0_0,F,FA,17.98280010269721,136.5,1.9107188133951252e+59,0.28,-1.2729656758128873
1337,hff10,hff10_1,long-duration_electrical_50.0~-1.0_1.0,hff10_1_long-duration_electrical_50.0~-1.0_1.0_0,F,FA,17.98280010269721,137.5,5.193872229746799e+59,0.34,-1.0788096613719298
1338,hff10,hff10_1,long-duration_electrical_50.0~-1.0_1.0,hff10_1_long-duration_electrical_50.0~-1.0_1.0_0,F,FA,17.98280010269721,138.5,1.4118408501458785e+60,0.46,-0.7765287894989963
1339,hff10,hff10_1,long-duration_electrical_50.0~-1.0_1.0,hff10_1_long-duration_electrical_50.0~-1.0_1.0_0,F,FA,17.98280010269721,139.5,3.837781327627712e+60,0.34,-1.0788096613719298
1340,hff10,hff10_1,long-duration_electrical_50.0~-1.0_1.0,hff10_1_long-duration_electrical_50.0~-1.0_1.0_0,F,FA,17.98280010269721,140.5,1.0432171244489838e+61,0.38,-0.9675840262617056
1341,hff10,hff10_1,long-duration_electrical_50.0~-1.0_1.0,hff10_1_long-duration_electrical_50.0~-1.0_1.0_0,F,FA,17.98280010269721,141.5,2.835758152526971e+61,0.5,-0.6931471805599453
1342,hff10,hff10_1,long-duration_electrical_50.0~-1.0_1.0,hff10_1_long-duration_electrical_50.0~-1.0_1.0_0,F,FA,17.98280010269721,142.5,7.708389855918659e+61,0.42,-0.8675005677047231
1343,hff10,hff10_1,long-duration_electrical_50.0~-1.0_1.0,hff10_1_long-duration_electrical_50.0~-1.0_1.0_0,F,FA,17.98280010269721,143.5,2.095357607202173e+62,0.3,-1.2039728043259361
1344,hff10,hff10_1,long-duration_electrical_50.0~-1.0_1.0,hff10_1_long-duration_electrical_50.0~-1.0_1.0_0,F,FA,17.98280010269721,144.5,5.6957725077810925e+62,0.38,-0.9675840262617056
1345,hff10,hff10_1,long-duration_electrical_50.0~-1.0_1.0,hff10_1_long-duration_electrical_50.0~-1.0_1.0_0,F,FA,17.98280010269721,145.5,1.548271490693795e+63,0.38,-0.9675840262617056
1346,hff10,hff10_1,long-duration_electrical_50.0~-1.0_1.0,hff10_1_long-duration_electrical_50.0~-1.0_1.0_0,F,FA,17.98280010269721,146.5,4.20863825867414e+63,0.32,-1.1394342831883648
1347,hff10,hff10_1,long-duration_electrical_50.0~-1.0_1.0,hff10_1_long-duration_electrical_50.0~-1.0_1.0_0,F,FA,17.98280010269721,147.5,1.1440264901111434e+64,0.36,-1.0216512475319814
1348,hff10,hff10_1,long-duration_electrical_50.0~-1.0_1.0,hff10_1_long-duration_electrical_50.0~-1.0_1.0_0,F,FA,17.98280010269721,148.5,3.109786419344903e+64,0.46,-0.7765287894989963
1349,hff10,hff10_1,long-duration_electrical_50.0~-1.0_1.0,hff10_1_long-duration_electrical_50.0~-1.0_1.0_0,F,FA,17.98280010269721,149.5,8.45327591409397e+64,0.36,-1.0216512475319814
1350,hff10,hff10_1,long-duration_electrical_50.0~-1.0_1.0,hff10_1_long-duration_electrical_50.0~-1.0_1.0_0,F,FA,17.98280010269721,150.5,2.297838630823216e+65,0.48,-0.7339691750802004
1351,hff10,hff10_1,long-duration_electrical_50.0~-1.0_1.0,hff10_1_long-duration_electrical_50.0~-1.0_1.0_0,F,FA,17.98280010269721,151.5,6.246172994897961e+65,0.36,-1.0216512475319814
1352,hff10,hff10_1,long-duration_electrical_50.0~-1.0_1.0,hff10_1_long-duration_electrical_50.0~-1.0_1.0_0,F,FA,17.98280010269721,152.5,1.6978858549442743e+66,0.46,-0.7765287894989963
1353,hff10,hff10_1,long-duration_electrical_50.0~-1.0_1.0,hff10_1_long-duration_electrical_50.0~-1.0_1.0_0,F,FA,17.98280010269721,153.5,4.6153322662926706e+66,0.46,-0.7765287894989963
1354,hff10,hff10_1,long-duration_electrical_50.0~-1.0_1.0,hff10_1_long-duration_electrical_50.0~-1.0_1.0_0,F,FA,17.98280010269721,154.5,1.254577383176407e+67,0.46,-0.7765287894989963
1355,hff10,hff10_1,long-duration_electrical_50.0~-1.0_1.0,hff10_1_long-duration_electrical_50.0~-1.0_1.0_0,F,FA,17.98280010269721,155.5,3.4102949030841276e+67,0.46,-0.7765287894989963
1356,hff10,hff10_1,long-duration_electrical_50.0~-1.0_1.0,hff10_1_long-duration_electrical_50.0~-1.0_1.0_0,F,FA,17.98280010269721,156.5,9.270142664740085e+67,0.46,-0.7765287894989963
1357,hff10,hff10_1,long-duration_electrical_50.0~-1.0_1.0,hff10_1_long-duration_electrical_50.0~-1.0_1.0_0,F,FA,17.98280010269721,157.5,2.5198860352785887e+68,0.44,-0.8209805520698302
1358,hff10,hff10_1,long-duration_electrical_50.0~-1.0_1.0,hff10_1_long-duration_electrical_50.0~-1.0_1.0_0,F,FA,17.98280010269721,158.5,6.849760419485496e+68,0.5,-0.6931471805599453
1359,hff10,hff10_1,long-duration_electrical_50.0~-1.0_1.0,hff10_1_long-duration_electrical_50.0~-1.0_1.0_0,F,FA,17.98280010269721,159.5,1.861957927758543e+69,0.36,-1.0216512475319814
1360,hff10,hff10_1,long-duration_electrical_50.0~-1.0_1.0,hff10_1_long-duration_electrical_50.0~-1.0_1.0_0,F,FA,17.98280010269721,160.5,5.0613264003813075e+69,0.48,-0.7339691750802004
1361,hff10,hff10_1,long-duration_electrical_50.0~-1.0_1.0,hff10_1_long-duration_electrical_50.0~-1.0_1.0_0,F,FA,17.98280010269721,161.5,1.3758111582056537e+70,0.38,-0.9675840262617056
1362,hff10,hff10_1,long-duration_electrical_50.0~-1.0_1.0,hff10_1_long-duration_electrical_50.0~-1.0_1.0_0,F,FA,17.98280010269721,162.5,3.7398424707416215e+70,0.52,-0.6539264674066639
1363,hff10,hff10_1,long-duration_electrical_50.0~-1.0_1.0,hff10_1_long-duration_electrical_50.0~-1.0_1.0_0,F,FA,17.98280010269721,163.5,1.0165945829516327e+71,0.5,-0.6931471805599453
1364,hff10,hff10_1,long-duration_electrical_50.0~-1.0_1.0,hff10_1_long-duration_electrical_50.0~-1.0_1.0_0,F,FA,17.98280010269721,164.5,2.763390581747325e+71,0.54,-0.616186139423817
1365,hff10,hff10_1,long-duration_electrical_50.0~-1.0_1.0,hff10_1_long-duration_electrical_50.0~-1.0_1.0_0,F,FA,17.98280010269721,165.5,7.511674403298623e+71,0.52,-0.6539264674066639
1366,hff10,hff10_1,long-duration_electrical_50.0~-1.0_1.0,hff10_1_long-duration_electrical_50.0~-1.0_1.0_0,F,FA,17.98280010269721,166.5,2.0418848031787588e+72,0.58,-0.5447271754416722
1367,hff10,hff10_1,long-duration_electrical_50.0~-1.0_1.0,hff10_1_long-duration_electrical_50.0~-1.0_1.0_0,F,FA,17.98280010269721,167.5,5.550418356287494e+72,0.52,-0.6539264674066639
1368,hff10,hff10_1,long-duration_electrical_50.0~-1.0_1.0,hff10_1_long-duration_electrical_50.0~-1.0_1.0_0,F,FA,17.98280010269721,168.5,1.5087601358241818e+73,0.6,-0.5108256237659907
1369,hff10,hff10_1,long-duration_electrical_50.0~-1.0_1.0,hff10_1_long-duration_electrical_50.0~-1.0_1.0_0,F,FA,17.98280010269721,169.5,4.101235260714274e+73,0.46,-0.7765287894989963
1370,hff10,hff10_1,long-duration_electrical_50.0~-1.0_1.0,hff10_1_long-duration_electrical_50.0~-1.0_1.0_0,F,FA,17.98280010269721,170.5,1.1148313283435107e+74,0.38,-0.9675840262617056
1371,hff10,hff10_1,long-duration_electrical_50.0~-1.0_1.0,hff10_1_long-duration_electrical_50.0~-1.0_1.0_0,F,FA,17.98280010269721,171.5,3.030425741633024e+74,0.36,-1.0216512475319814
1372,hff10,hff10_1,long-duration_electrical_50.0~-1.0_1.0,hff10_1_long-duration_electrical_50.0~-1.0_1.0_0,F,FA,17.98280010269721,172.5,8.237551225975576e+74,0.5,-0.6931471805599453
1373,hff10,hff10_1,long-duration_electrical_50.0~-1.0_1.0,hff10_1_long-duration_electrical_50.0~-1.0_1.0_0,F,FA,17.98280010269721,173.5,2.239198580856994e+75,0.46,-0.7765287894989963
1374,hff10,hff10_1,long-duration_electrical_50.0~-1.0_1.0,hff10_1_long-duration_electrical_50.0~-1.0_1.0_0,F,FA,17.98280010269721,174.5,6.0867728126548485e+75,0.66,-0.4155154439616658
1375,hff10,hff10_1,long-duration_electrical_50.0~-1.0_1.0,hff10_1_long-duration_electrical_50.0~-1.0_1.0_0,F,FA,17.98280010269721,175.5,1.6545563930598225e+76,0.74,-0.3011050927839216
1376,hff10,hff10_1,long-duration_electrical_50.0~-1.0_1.0,hff10_1_long-duration_electrical_50.0~-1.0_1.0_0,F,FA,17.98280010269721,176.5,4.4975505774152577e+76,0.72,-0.3285040669720361
1377,hff10,hff10_1,long-duration_electrical_50.0~-1.0_1.0,hff10_1_long-duration_electrical_50.0~-1.0_1.0_0,F,FA,17.98280010269721,177.5,1.222561000716338e+77,0.56,-0.579818495252942
1378,hff10,hff10_1,long-duration_electrical_50.0~-1.0_1.0,hff10_1_long-duration_electrical_50.0~-1.0_1.0_0,F,FA,17.98280010269721,178.5,3.323265352429928e+77,0.58,-0.5447271754416722
1379,hff10,hff10_1,long-duration_electrical_50.0~-1.0_1.0,hff10_1_long-duration_electrical_50.0~-1.0_1.0_0,F,FA,17.98280010269721,179.5,9.033571818657817e+77,0.44,-0.8209805520698302
1380,hff10,hff10_1,long-duration_electrical_50.0~-1.0_1.0,hff10_1_long-duration_electrical_50.0~-1.0_1.0_0,F,FA,17.98280010269721,180.5,2.455579412073727e+78,0.64,-0.4462871026284195
1381,hff10,hff10_1,long-duration_electrical_50.0~-1.0_1.0,hff10_1_long-duration_electrical_50.0~-1.0_1.0_0,F,FA,17.98280010269721,181.5,6.674956894178159e+78,0.56,-0.579818495252942
1382,hff10,hff10_1,long-duration_electrical_50.0~-1.0_1.0,hff10_1_long-duration_electrical_50.0~-1.0_1.0_0,F,FA,17.98280010269721,182.5,1.8144414031191914e+79,0.36,-1.0216512475319814
1383,hff10,hff10_1,long-duration_electrical_50.0~-1.0_1.0,hff10_1_long-duration_electrical_50.0~-1.0_1.0_0,F,FA,17.98280010269721,183.5,4.932163094902632e+79,0.42,-0.8675005677047231
1384,hff10,hff10_1,long-duration_electrical_50.0~-1.0_1.0,hff10_1_long-duration_electrical_50.0~-1.0_1.0_0,F,FA,17.98280010269721,184.5,1.3407009315870148e+80,0.48,-0.7339691750802004
1385,hff10,hff10_1,long-duration_electrical_50.0~-1.0_1.0,hff10_1_long-duration_electrical_50.0~-1.0_1.0_0,F,FA,17.98280010269721,185.5,3.6444029797310963e+80,0.42,-0.8675005677047231
1386,hff10,hff10_1,long-duration_electrical_50.0~-1.0_1.0,hff10_1_long-duration_electrical_50.0~-1.0_1.0_0,F,FA,17.98280010269721,186.5,9.906514395385036e+80,0.48,-0.7339691750802004
1387,hff10,hff10_1,long-duration_electrical_50.0~-1.0_1.0,hff10_1_long-duration_electrical_50.0~-1.0_1.0_0,F,FA,17.98280010269721,187.5,2.692869806434309e+81,0.52,-0.6539264674066639
1388,hff10,hff10_1,long-duration_electrical_50.0~-1.0_1.0,hff10_1_long-duration_electrical_50.0~-1.0_1.0_0,F,FA,17.98280010269721,188.5,7.319979061236409e+81,0.34,-1.0788096613719298
1389,hff10,hff10_1,long-duration_electrical_50.0~-1.0_1.0,hff10_1_long-duration_electrical_50.0~-1.0_1.0_0,F,FA,17.98280010269721,189.5,1.989776606685963e+82,0.46,-0.7765287894989963
1390,hff10,hff10_1,long-duration_electrical_50.0~-1.0_1.0,hff10_1_long-duration_electrical_50.0~-1.0_1.0_0,F,FA,17.98280010269721,190.5,5.408773592647354e+82,0.34,-1.0788096613719298
1391,hff10,hff10_1,long-duration_electrical_50.0~-1.0_1.0,hff10_1_long-duration_electrical_50.0~-1.0_1.0_0,F,FA,17.98280010269721,191.5,1.470257097114245e+83,0.2,-1.6094379124341003
1392,hff10,hff10_1,long-duration_electrical_50.0~-1.0_1.0,hff10_1_long-duration_electrical_50.0~-1.0_1.0_0,F,FA,17.98280010269721,192.5,3.9965731502485976e+83,0.32,-1.1394342831883648
1393,hff10,hff10_1,long-duration_electrical_50.0~-1.0_1.0,hff10_1_long-duration_electrical_50.0~-1.0_1.0_0,F,FA,17.98280010269721,193.5,1.0863812170428086e+84,0.38,-0.9675840262617056
1394,hff10,hff10_1,long-duration_electrical_50.0~-1.0_1.0,hff10_1_long-duration_electrical_50.0~-1.0_1.0_0,F,FA,17.98280010269721,194.5,2.9530903210666885e+84,0.32,-1.1394342831883648
1395,hff10,hff10_1,long-duration_electrical_50.0~-1.0_1.0,hff10_1_long-duration_electrical_50.0~-1.0_1.0_0,F,FA,17.98280010269721,195.5,8.027331757553867e+84,0.26,-1.3470736479666092
1396,hff10,hff10_1,long-duration_electrical_50.0~-1.0_1.0,hff10_1_long-duration_electrical_50.0~-1.0_1.0_0,F,FA,17.98280010269721,196.5,2.1820550047570884e+85,0.46,-0.7765287894989963
1397,hff10,hff10_1,long-duration_electrical_50.0~-1.0_1.0,hff10_1_long-duration_electrical_50.0~-1.0_1.0_0,F,FA,17.98280010269721,197.5,5.931440468129309e+85,0.24,-1.4271163556401458
1398,hff10,hff10_1,long-duration_electrical_50.0~-1.0_1.0,hff10_1_long-duration_electrical_50.0~-1.0_1.0_0,F,FA,17.98280010269721,198.5,1.6123326841102515e+86,0.36,-1.0216512475319814
1399,hff10,hff10_1,long-duration_electrical_50.0~-1.0_1.0,hff10_1_long-duration_electrical_50.0~-1.0_1.0_0,F,FA,17.98280010269721,199.5,4.3827746366474943e+86,0.32,-1.1394342831883648
1400,hff10,hff10_1,long-duration_electrical_50.0~-1.0_1.0,hff10_1_long-duration_electrical_50.0~-1.0_1.0_0,F,FA,17.98280010269721,200.5,1.1913616653030078e+87,0.38,-0.9675840262617056
1401,hff10,hff10_1,long-duration_electrical_50.0~-1.0_1.0,hff10_1_long-duration_electrical_50.0~-1.0_1.0_0,F,FA,17.98280010269721,201.5,3.238456765915873e+87,0.42,-0.8675005677047231
1402,hff10,hff10_1,long-duration_electrical_50.0~-1.0_1.0,hff10_1_long-duration_electrical_50.0~-1.0_1.0_0,F,FA,17.98280010269721,202.5,8.803038179039366e+87,0.3,-1.2039728043259361
1403,hff10,hff10_1,long-duration_electrical_50.0~-1.0_1.0,hff10_1_long-duration_electrical_50.0~-1.0_1.0_0,F,FA,17.98280010269721,203.5,2.392913871731391e+88,0.34,-1.0788096613719298
1404,hff10,hff10_1,long-duration_electrical_50.0~-1.0_1.0,hff10_1_long-duration_electrical_50.0~-1.0_1.0_0,F,FA,17.98280010269721,204.5,6.50461429459502e+88,0.2,-1.6094379124341003
1405,hff10,hff10_1,long-duration_electrical_50.0~-1.0_1.0,hff10_1_long-duration_electrical_50.0~-1.0_1.0_0,F,FA,17.98280010269721,205.5,1.7681374838132593e+89,0.32,-1.1394342831883648
1406,hff10,hff10_1,long-duration_electrical_50.0~-1.0_1.0,hff10_1_long-duration_electrical_50.0~-1.0_1.0_0,F,FA,17.98280010269721,206.5,4.806295992466882e+89,0.28,-1.2729656758128873
1407,hff10,hff10_1,long-duration_electrical_50.0~-1.0_1.0,hff10_1_long-duration_electrical_50.0~-1.0_1.0_0,F,FA,17.98280010269721,207.5,1.3064867058518258e+90,0.24,-1.4271163556401458
1408,hff10,hff10_1,long-duration_electrical_50.0~-1.0_1.0,hff10_1_long-duration_electrical_50.0~-1.0_1.0_0,F,FA,17.98280010269721,208.5,3.5513990716403354e+90,0.38,-0.9675840262617056
1409,hff10,hff10_1,long-duration_electrical_50.0~-1.0_1.0,hff10_1_long-duration_electrical_50.0~-1.0_1.0_0,F,FA,17.98280010269721,209.5,9.653703562046247e+90,0.3,-1.2039728043259361
1410,hff10,hff10_1,long-duration_electrical_50.0~-1.0_1.0,hff10_1_long-duration_electrical_50.0~-1.0_1.0_0,F,FA,17.98280010269721,210.5,2.624148697004067e+91,0.44,-0.8209805520698302
1411,hff10,hff10_1,long-duration_electrical_50.0~-1.0_1.0,hff10_1_long-duration_electrical_50.0~-1.0_1.0_0,F,FA,17.98280010269721,211.5,7.133175718240636e+91,0.36,-1.0216512475319814
1412,hff10,hff10_1,long-duration_electrical_50.0~-1.0_1.0,hff10_1_long-duration_electrical_50.0~-1.0_1.0_0,F,FA,17.98280010269721,212.5,1.938998193409882e+92,0.3,-1.2039728043259361
1413,hff10,hff10_1,long-duration_electrical_50.0~-1.0_1.0,hff10_1_long-duration_electrical_50.0~-1.0_1.0_0,F,FA,17.98280010269721,213.5,5.270743554560999e+92,0.44,-0.8209805520698302
1414,hff10,hff10_1,long-duration_electrical_50.0~-1.0_1.0,hff10_1_long-duration_electrical_50.0~-1.0_1.0_0,F,FA,17.98280010269721,214.5,1.4327366426830802e+93,0.34,-1.0788096613719298
1415,hff10,hff10_1,long-duration_electrical_50.0~-1.0_1.0,hff10_1_long-duration_electrical_50.0~-1.0_1.0_0,F,FA,17.98280010269721,215.5,3.894581980772837e+93,0.34,-1.0788096613719298
1416,hff10,hff10_1,long-duration_electrical_50.0~-1.0_1.0,hff10_1_long-duration_electrical_50.0~-1.0_1.0_0,F,FA,17.98280010269721,216.5,1.0586571427778838e+94,0.36,-1.0216512475319814
1417,hff10,hff10_1,long-duration_electrical_50.0~-1.0_1.0,hff10_1_long-duration_electrical_50.0~-1.0_1.0_0,F,FA,17.98280010269721,217.5,2.877728473781494e+94,0.32,-1.1394342831883648
1418,hff10,hff10_1,long-duration_electrical_50.0~-1.0_1.0,hff10_1_long-duration_electrical_50.0~-1.0_1.0_0,F,FA,17.98280010269721,218.5,7.822477017519418e+94,0.26,-1.3470736479666092
1419,hff10,hff10_1,long-duration_electrical_50.0~-1.0_1.0,hff10_1_long-duration_electrical_50.0~-1.0_1.0_0,F,FA,17.98280010269721,219.5,2.126369713026154e+95,0.3,-1.2039728043259361
1420,hff10,hff10_1,long-duration_electrical_50.0~-1.0_1.0,hff10_1_long-duration_electrical_50.0~-1.0_1.0_0,F,FA,17.98280010269721,220.5,5.780072151504669e+95,0.38,-0.9675840262617056
1421,hff10,hff10_1,long-duration_electrical_50.0~-1.0_1.0,hff10_1_long-duration_electrical_50.0~-1.0_1.0_0,F,FA,17.98280010269721,221.5,1.5711865096617322e+96,0.38,-0.9675840262617056
1422,hff10,hff10_1,long-duration_electrical_50.0~-1.0_1.0,hff10_1_long-duration_electrical_50.0~-1.0_1.0_0,F,FA,17.98280010269721,222.5,4.2709277383334783e+96,0.4,-0.916290731874155
1423,hff10,hff10_1,long-duration_electrical_50.0~-1.0_1.0,hff10_1_long-duration_electrical_50.0~-1.0_1.0_0,F,FA,17.98280010269721,223.5,1.1609585261773583e+97,0.42,-0.8675005677047231
1424,hff10,hff10_1,long-duration_electrical_50.0~-1.0_1.0,hff10_1_long-duration_electrical_50.0~-1.0_1.0_0,F,FA,17.98280010269721,224.5,3.1558124653025077e+97,0.24,-1.4271163556401458
1425,hff10,hff10_1,long-duration_electrical_50.0~-1.0_1.0,hff10_1_long-duration_electrical_50.0~-1.0_1.0_0,F,FA,17.98280010269721,225.5,8.578387678456348e+97,0.4,-0.916290731874155
1426,hff10,hff10_1,long-duration_electrical_50.0~-1.0_1.0,hff10_1_long-duration_electrical_50.0~-1.0_1.0_0,F,FA,17.98280010269721,226.5,2.3318475343824867e+98,0.38,-0.9675840262617056
1427,hff10,hff10_1,long-duration_electrical_50.0~-1.0_1.0,hff10_1_long-duration_electrical_50.0~-1.0_1.0_0,F,FA,17.98280010269721,227.5,6.338618779448942e+98,0.28,-1.2729656758128873
1428,hff10,hff10_1,long-duration_electrical_50.0~-1.0_1.0,hff10_1_long-duration_electrical_50.0~-1.0_1.0_0,F,FA,17.98280010269721,228.5,1.723015224570531e+99,0.24,-1.4271163556401458
1429,hff10,hff10_1,long-duration_electrical_50.0~-1.0_1.0,hff10_1_long-duration_electrical_50.0~-1.0_1.0_0,F,FA,17.98280010269721,229.5,4.683640975108356e+99,0.42,-0.8675005677047231
1430,hff10,hff10_1,long-duration_electrical_50.0~-1.0_1.0,hff10_1_long-duration_electrical_50.0~-1.0_1.0_0,F,FA,17.98280010269721,230.5,1.2731456153663248e+100,0.4,-0.916290731874155
1431,hff10,hff10_1,long-duration_electrical_50.0~-1.0_1.0,hff10_1_long-duration_electrical_50.0~-1.0_1.0_0,F,FA,17.98280010269721,231.5,3.4607685912325894e+100,0.44,-0.8209805520698302
1432,hff10,hff10_1,long-duration_electrical_50.0~-1.0_1.0,hff10_1_long-duration_electrical_50.0~-1.0_1.0_0,F,FA,17.98280010269721,232.5,9.407344374049358e+100,0.3,-1.2039728043259361
1433,hff10,hff10_1,long-duration_electrical_50.0~-1.0_1.0,hff10_1_long-duration_electrical_50.0~-1.0_1.0_0,F,FA,17.98280010269721,233.5,2.55718132660348e+101,0.34,-1.0788096613719298
1434,hff10,hff10_1,long-duration_electrical_50.0~-1.0_1.0,hff10_1_long-duration_electrical_50.0~-1.0_1.0_0,F,FA,17.98280010269721,234.5,6.951139532181034e+101,0.36,-1.0216512475319814
1435,hff10,hff10_1,long-duration_electrical_50.0~-1.0_1.0,hff10_1_long-duration_electrical_50.0~-1.0_1.0_0,F,FA,17.98280010269721,235.5,1.8895156277411014e+102,0.28,-1.2729656758128873
1436,hff10,hff10_1,long-duration_electrical_50.0~-1.0_1.0,hff10_1_long-duration_electrical_50.0~-1.0_1.0_0,F,FA,17.98280010269721,236.5,5.136235995478022e+102,0.4,-0.916290731874155
1437,hff10,hff10_1,long-duration_electrical_50.0~-1.0_1.0,hff10_1_long-duration_electrical_50.0~-1.0_1.0_0,F,FA,17.98280010269721,237.5,1.3961736973185161e+103,0.3,-1.2039728043259361
1438,hff10,hff10_1,long-duration_electrical_50.0~-1.0_1.0,hff10_1_long-duration_electrical_50.0~-1.0_1.0_0,F,FA,17.98280010269721,238.5,3.795193590793402e+103,0.4,-0.916290731874155
1439,hff10,hff10_1,long-duration_electrical_50.0~-1.0_1.0,hff10_1_long-duration_electrical_50.0~-1.0_1.0_0,F,FA,17.98280010269721,239.5,1.0316405773337937e+104,0.44,-0.8209805520698302
1440,hff10,hff10_1,long-duration_electrical_50.0~-1.0_1.0,hff10_1_long-duration_electrical_50.0~-1.0_1.0_0,F,FA,17.98280010269721,240.5,2.80428983486745e+104,0.5,-0.6931471805599453
1441,hff10,hff10_1,long-duration_electrical_50.0~-1.0_1.0,hff10_1_long-duration_electrical_50.0~-1.0_1.0_0,F,FA,17.98280010269721,241.5,7.622850099852606e+104,0.46,-0.7765287894989963
1442,hff10,hff10_1,long-duration_electrical_50.0~-1.0_1.0,hff10_1_long-duration_electrical_50.0~-1.0_1.0_0,F,FA,17.98280010269721,242.5,2.0721054907496557e+105,0.48,-0.7339691750802004
1443,hff10,hff10_1,long-duration_electrical_50.0~-1.0_1.0,hff10_1_long-duration_electrical_50.0~-1.0_1.0_0,F,FA,17.98280010269721,243.5,5.632566702155002e+105,0.36,-1.0216512475319814
1444,hff10,hff10_1,long-duration_electrical_50.0~-1.0_1.0,hff10_1_long-duration_electrical_50.0~-1.0_1.0_0,F,FA,17.98280010269721,244.5,1.531090371405143e+106,0.36,-1.0216512475319814
1445,hff10,hff10_1,long-duration_electrical_50.0~-1.0_1.0,hff10_1_long-duration_electrical_50.0~-1.0_1.0_0,F,FA,17.98280010269721,245.5,4.161935134319211e+106,0.4,-0.916290731874155
1446,hff10,hff10_1,long-duration_electrical_50.0~-1.0_1.0,hff10_1_long-duration_electrical_50.0~-1.0_1.0_0,F,FA,17.98280010269721,246.5,1.1313312646845167e+107,0.38,-0.9675840262617056
1447,hff10,hff10_1,long-duration_electrical_50.0~-1.0_1.0,hff10_1_long-duration_electrical_50.0~-1.0_1.0_0,F,FA,17.98280010269721,247.5,3.0752772187595124e+107,0.54,-0.616186139423817
1448,hff10,hff10_1,long-duration_electrical_50.0~-1.0_1.0,hff10_1_long-duration_electrical_50.0~-1.0_1.0_0,F,FA,17.98280010269721,248.5,8.359470181228054e+107,0.44,-0.8209805520698302
1449,hff10,hff10_1,long-duration_electrical_50.0~-1.0_1.0,hff10_1_long-duration_electrical_50.0~-1.0_1.0_0,F,FA,17.98280010269721,249.5,2.272339588917746e+108,0.46,-0.7765287894989963
1450,hff10,hff10_1,long-duration_electrical_50.0~-1.0_1.0,hff10_1_long-duration_electrical_50.0~-1.0_1.0_0,F,FA,17.98280010269721,250.5,6.176859412643206e+108,0.44,-0.8209805520698302
1451,hff10,hff10_1,long-duration_electrical_50.0~-1.0_1.0,hff10_1_long-duration_electrical_50.0~-1.0_1.0_0,F,FA,17.98280010269721,251.5,1.679044469833424e+109,0.44,-0.8209805520698302
1452,hff10,hff10_1,long-duration_electrical_50.0~-1.0_1.0,hff10_1_long-duration_electrical_50.0~-1.0_1.0_0,F,FA,17.98280010269721,252.5,4.564116071522848e+109,0.54,-0.616186139423817
1453,hff10,hff10_1,long-duration_electrical_50.0~-1.0_1.0,hff10_1_long-duration_electrical_50.0~-1.0_1.0_0,F,FA,17.98280010269721,253.5,1.240655378019844e+110,0.38,-0.9675840262617056
1454,hff10,hff10_1,long-duration_electrical_50.0~-1.0_1.0,hff10_1_long-duration_electrical_50.0~-1.0_1.0_0,F,FA,17.98280010269721,254.5,3.37245096945133e+110,0.52,-0.6539264674066639
1455,hff10,hff10_1,long-duration_electrical_50.0~-1.0_1.0,hff10_1_long-duration_electrical_50.0~-1.0_1.0_0,F,FA,17.98280010269721,255.5,9.16727218762864e+110,0.52,-0.6539264674066639
1456,hff10,hff10_1,long-duration_electrical_50.0~-1.0_1.0,hff10_1_long-duration_electrical_50.0~-1.0_1.0_0,F,FA,17.98280010269721,256.5,2.491922940416893e+111,0.52,-0.6539264674066639
1457,hff10,hff10_1,long-duration_electrical_50.0~-1.0_1.0,hff10_1_long-duration_electrical_50.0~-1.0_1.0_0,F,FA,17.98280010269721,257.5,6.773748846855472e+111,0.54,-0.616186139423817
1458,hff10,hff10_1,long-duration_electrical_50.0~-1.0_1.0,hff10_1_long-duration_electrical_50.0~-1.0_1.0_0,F,FA,17.98280010269721,258.5,1.8412958400952643e+112,0.48,-0.7339691750802004
1459,hff10,hff10_1,long-duration_electrical_50.0~-1.0_1.0,hff10_1_long-duration_electrical_50.0~-1.0_1.0_0,F,FA,17.98280010269721,259.5,5.005161022948189e+112,0.42,-0.8675005677047231
1460,hff10,hff10_1,long-duration_electrical_50.0~-1.0_1.0,hff10_1_long-duration_electrical_50.0~-1.0_1.0_0,F,FA,17.98280010269721,260.5,1.3605438257191548e+113,0.5,-0.6931471805599453
1461,hff10,hff10_1,long-duration_electrical_50.0~-1.0_1.0,hff10_1_long-duration_electrical_50.0~-1.0_1.0_0,F,FA,17.98280010269721,261.5,3.698341558274529e+113,0.36,-1.0216512475319814
1462,hff10,hff10_1,long-duration_electrical_50.0~-1.0_1.0,hff10_1_long-duration_electrical_50.0~-1.0_1.0_0,F,FA,17.98280010269721,262.5,1.005313465329256e+114,0.38,-0.9675840262617056
1463,hff10,hff10_1,long-duration_electrical_50.0~-1.0_1.0,hff10_1_long-duration_electrical_50.0~-1.0_1.0_0,F,FA,17.98280010269721,263.5,2.732725324709709e+114,0.58,-0.5447271754416722
1464,hff10,hff10_1,long-duration_electrical_50.0~-1.0_1.0,hff10_1_long-duration_electrical_50.0~-1.0_1.0_0,F,FA,17.98280010269721,264.5,7.428317592328247e+114,0.5,-0.6931471805599453
1465,hff10,hff10_1,long-duration_electrical_50.0~-1.0_1.0,hff10_1_long-duration_electrical_50.0~-1.0_1.0_0,F,FA,17.98280010269721,265.5,2.0192260727248517e+115,0.62,-0.4780358009429998
1466,hff10,hff10_1,long-duration_electrical_50.0~-1.0_1.0,hff10_1_long-duration_electrical_50.0~-1.0_1.0_0,F,FA,17.98280010269721,266.5,5.4888255410386875e+115,0.48,-0.7339691750802004
1467,hff10,hff10_1,long-duration_electrical_50.0~-1.0_1.0,hff10_1_long-duration_electrical_50.0~-1.0_1.0_0,F,FA,17.98280010269721,267.5,1.4920174727787351e+116,0.48,-0.7339691750802004
1468,hff10,hff10_1,long-duration_electrical_50.0~-1.0_1.0,hff10_1_long-duration_electrical_50.0~-1.0_1.0_0,F,FA,17.98280010269721,268.5,4.055723983997824e+116,0.42,-0.8675005677047231
1469,hff10,hff10_1,long-duration_electrical_50.0~-1.0_1.0,hff10_1_long-duration_electrical_50.0~-1.0_1.0_0,F,FA,17.98280010269721,269.5,1.1024600806946808e+117,0.4,-0.916290731874155
1470,hff10,hff10_1,long-duration_electrical_50.0~-1.0_1.0,hff10_1_long-duration_electrical_50.0~-1.0_1.0_0,F,FA,17.98280010269721,270.5,2.9967972039538434e+117,0.44,-0.8209805520698302
1471,hff10,hff10_1,long-duration_electrical_50.0~-1.0_1.0,hff10_1_long-duration_electrical_50.0~-1.0_1.0_0,F,FA,17.98280010269721,271.5,8.146139383084608e+117,0.42,-0.8675005677047231
1472,hff10,hff10_1,long-duration_electrical_50.0~-1.0_1.0,hff10_1_long-duration_electrical_50.0~-1.0_1.0_0,F,FA,17.98280010269721,272.5,2.214350265713347e+118,0.42,-0.8675005677047231
1473,hff10,hff10_1,long-duration_electrical_50.0~-1.0_1.0,hff10_1_long-duration_electrical_50.0~-1.0_1.0_0,F,FA,17.98280010269721,273.5,6.019228089132049e+118,0.46,-0.7765287894989963
1474,hff10,hff10_1,long-duration_electrical_50.0~-1.0_1.0,hff10_1_long-duration_electrical_50.0~-1.0_1.0_0,F,FA,17.98280010269721,274.5,1.636195833603791e+119,0.48,-0.7339691750802004
1475,hff10,hff10_1,long-duration_electrical_50.0~-1.0_1.0,hff10_1_long-duration_electrical_50.0~-1.0_1.0_0,F,FA,17.98280010269721,275.5,4.447641402285585e+119,0.38,-0.9675840262617056
1476,hff10,hff10_1,long-duration_electrical_50.0~-1.0_1.0,hff10_1_long-duration_electrical_50.0~-1.0_1.0_0,F,FA,17.98280010269721,276.5,1.2089942803335012e+120,0.44,-0.8209805520698302
1477,hff10,hff10_1,long-duration_electrical_50.0~-1.0_1.0,hff10_1_long-duration_electrical_50.0~-1.0_1.0_0,F,FA,17.98280010269721,277.5,3.286387182941477e+120,0.34,-1.0788096613719298
1478,hff10,hff10_1,long-duration_electrical_50.0~-1.0_1.0,hff10_1_long-duration_electrical_50.0~-1.0_1.0_0,F,FA,17.98280010269721,278.5,8.933326560670529e+120,0.46,-0.7765287894989963
1479,hff10,hff10_1,long-duration_electrical_50.0~-1.0_1.0,hff10_1_long-duration_electrical_50.0~-1.0_1.0_0,F,FA,17.98280010269721,279.5,2.428329925756124e+121,0.48,-0.7339691750802004
1480,hff10,hff10_1,long-duration_electrical_50.0~-1.0_1.0,hff10_1_long-duration_electrical_50.0~-1.0_1.0_0,F,FA,17.98280010269721,280.5,6.600885110686175e+121,0.44,-0.8209805520698302
1481,hff10,hff10_1,long-duration_electrical_50.0~-1.0_1.0,hff10_1_long-duration_electrical_50.0~-1.0_1.0_0,F,FA,17.98280010269721,281.5,1.79430660481241e+122,0.34,-1.0788096613719298
1482,hff10,hff10_1,long-duration_electrical_50.0~-1.0_1.0,hff10_1_long-duration_electrical_50.0~-1.0_1.0_0,F,FA,17.98280010269721,282.5,4.877431038545619e+122,0.38,-0.9675840262617056
1483,hff10,hff10_1,long-duration_electrical_50.0~-1.0_1.0,hff10_1_long-duration_electrical_50.0~-1.0_1.0_0,F,FA,17.98280010269721,283.5,1.3258232161640687e+123,0.42,-0.8675005677047231
1484,hff10,hff10_1,long-duration_electrical_50.0~-1.0_1.0,hff10_1_long-duration_electrical_50.0~-1.0_1.0_0,F,FA,17.98280010269721,284.5,3.603961156247916e+123,0.34,-1.0788096613719298
1485,hff10,hff10_1,long-duration_electrical_50.0~-1.0_1.0,hff10_1_long-duration_electrical_50.0~-1.0_1.0_0,F,FA,17.98280010269721,285.5,9.796582121500962e+123,0.42,-0.8675005677047231
1486,hff10,hff10_1,long-duration_electrical_50.0~-1.0_1.0,hff10_1_long-duration_electrical_50.0~-1.0_1.0_0,F,FA,17.98280010269721,286.5,2.6629871161882825e+124,0.4,-0.916290731874155
1487,hff10,hff10_1,long-duration_electrical_50.0~-1.0_1.0,hff10_1_long-duration_electrical_50.0~-1.0_1.0_0,F,FA,17.98280010269721,287.5,7.238749487355165e+124,0.48,-0.7339691750802004
1488,hff10,hff10_1,long-duration_electrical_50.0~-1.0_1.0,hff10_1_long-duration_electrical_50.0~-1.0_1.0_0,F,FA,17.98280010269721,288.5,1.9676961192244775e+125,0.4,-0.916290731874155
1489,hff10,hff10_1,long-duration_electrical_50.0~-1.0_1.0,hff10_1_long-duration_electrical_50.0~-1.0_1.0_0,F,FA,17.98280010269721,289.5,5.3487526048172796e+125,0.34,-1.0788096613719298
1490,hff10,hff10_1,long-duration_electrical_50.0~-1.0_1.0,hff10_1_long-duration_electrical_50.0~-1.0_1.0_0,F,FA,17.98280010269721,290.5,1.4539417010597797e+126,0.42,-0.8675005677047231
1491,hff10,hff10_1,long-duration_electrical_50.0~-1.0_1.0,hff10_1_long-duration_electrical_50.0~-1.0_1.0_0,F,FA,17.98280010269721,291.5,3.952223305629632e+126,0.46,-0.7765287894989963
1492,hff10,hff10_1,long-duration_electrical_50.0~-1.0_1.0,hff10_1_long-duration_electrical_50.0~-1.0_1.0_0,F,FA,17.98280010269721,292.5,1.0743256793705369e+127,0.22,-1.5141277326297755
1493,hff10,hff10_1,long-duration_electrical_50.0~-1.0_1.0,hff10_1_long-duration_electrical_50.0~-1.0_1.0_0,F,FA,17.98280010269721,293.5,2.920319972079849e+127,0.26,-1.3470736479666092
1494,hff10,hff10_1,long-duration_electrical_50.0~-1.0_1.0,hff10_1_long-duration_electrical_50.0~-1.0_1.0_0,F,FA,17.98280010269721,294.5,7.93825271339068e+127,0.32,-1.1394342831883648
1495,hff10,hff10_1,long-duration_electrical_50.0~-1.0_1.0,hff10_1_long-duration_electrical_50.0~-1.0_1.0_0,F,FA,17.98280010269721,295.5,2.1578408100525594e+128,0.34,-1.0788096613719298
1496,hff10,hff10_1,long-duration_electrical_50.0~-1.0_1.0,hff10_1_long-duration_electrical_50.0~-1.0_1.0_0,F,FA,17.98280010269721,296.5,5.865619462673218e+128,0.26,-1.3470736479666092
1497,hff10,hff10_1,long-duration_electrical_50.0~-1.0_1.0,hff10_1_long-duration_electrical_50.0~-1.0_1.0_0,F,FA,17.98280010269721,297.5,1.594440679804032e+129,0.26,-1.3470736479666092
1498,hff10,hff10_1,long-duration_electrical_50.0~-1.0_1.0,hff10_1_long-duration_electrical_50.0~-1.0_1.0_0,F,FA,17.98280010269721,298.5,4.334139126467187e+129,0.36,-1.0216512475319814
1499,hff10,hff10_1,long-duration_electrical_50.0~-1.0_1.0,hff10_1_long-duration_electrical_50.0~-1.0_1.0_0,F,FA,17.98280010269721,299.5,1.1781411629489113e+130,0.5,-0.6931471805599453
1500,hff19,hff19_3,long-duration_electrical_50.0~-1.0_1.0,hff19_3_long-duration_electrical_50.0~-1.0_1.0_0,M,FA,19.745486271016695,0.5,1.6487212707001282,0.94,-0.06187540371808753
1501,hff19,hff19_3,long-duration_electrical_50.0~-1.0_1.0,hff19_3_long-duration_electrical_50.0~-1.0_1.0_0,M,FA,19.745486271016695,1.5,4.4816890703380645,0.78,-0.2484613592984996
1502,hff19,hff19_3,long-duration_electrical_50.0~-1.0_1.0,hff19_3_long-duration_electrical_50.0~-1.0_1.0_0,M,FA,19.745486271016695,2.5,12.182493960703473,0.62,-0.4780358009429998
1503,hff19,hff19_3,long-duration_electrical_50.0~-1.0_1.0,hff19_3_long-duration_electrical_50.0~-1.0_1.0_0,M,FA,19.745486271016695,3.5,33.11545195869231,0.42,-0.8675005677047231
1504,hff19,hff19_3,long-duration_electrical_50.0~-1.0_1.0,hff19_3_long-duration_electrical_50.0~-1.0_1.0_0,M,FA,19.745486271016695,4.5,90.01713130052181,0.42,-0.8675005677047231
1505,hff19,hff19_3,long-duration_electrical_50.0~-1.0_1.0,hff19_3_long-duration_electrical_50.0~-1.0_1.0_0,M,FA,19.745486271016695,5.5,244.69193226422038,0.46,-0.7765287894989963
1506,hff19,hff19_3,long-duration_electrical_50.0~-1.0_1.0,hff19_3_long-duration_electrical_50.0~-1.0_1.0_0,M,FA,19.745486271016695,6.5,665.1416330443618,0.36,-1.0216512475319814
1507,hff19,hff19_3,long-duration_electrical_50.0~-1.0_1.0,hff19_3_long-duration_electrical_50.0~-1.0_1.0_0,M,FA,19.745486271016695,7.5,1808.0424144560632,0.42,-0.8675005677047231
1508,hff19,hff19_3,long-duration_electrical_50.0~-1.0_1.0,hff19_3_long-duration_electrical_50.0~-1.0_1.0_0,M,FA,19.745486271016695,8.5,4914.768840299134,0.36,-1.0216512475319814
1509,hff19,hff19_3,long-duration_electrical_50.0~-1.0_1.0,hff19_3_long-duration_electrical_50.0~-1.0_1.0_0,M,FA,19.745486271016695,9.5,13359.726829661873,0.32,-1.1394342831883648
1510,hff19,hff19_3,long-duration_electrical_50.0~-1.0_1.0,hff19_3_long-duration_electrical_50.0~-1.0_1.0_0,M,FA,19.745486271016695,10.5,36315.502674246636,0.32,-1.1394342831883648
1511,hff19,hff19_3,long-duration_electrical_50.0~-1.0_1.0,hff19_3_long-duration_electrical_50.0~-1.0_1.0_0,M,FA,19.745486271016695,11.5,98715.7710107605,0.28,-1.2729656758128873
1512,hff19,hff19_3,long-duration_electrical_50.0~-1.0_1.0,hff19_3_long-duration_electrical_50.0~-1.0_1.0_0,M,FA,19.745486271016695,12.5,268337.2865208745,0.28,-1.2729656758128873
1513,hff19,hff19_3,long-duration_electrical_50.0~-1.0_1.0,hff19_3_long-duration_electrical_50.0~-1.0_1.0_0,M,FA,19.745486271016695,13.5,729416.3698477013,0.34,-1.0788096613719298
1514,hff19,hff19_3,long-duration_electrical_50.0~-1.0_1.0,hff19_3_long-duration_electrical_50.0~-1.0_1.0_0,M,FA,19.745486271016695,14.5,1982759.2635375687,0.22,-1.5141277326297755
1515,hff19,hff19_3,long-duration_electrical_50.0~-1.0_1.0,hff19_3_long-duration_electrical_50.0~-1.0_1.0_0,M,FA,19.745486271016695,15.5,5389698.476283012,0.32,-1.1394342831883648
1516,hff19,hff19_3,long-duration_electrical_50.0~-1.0_1.0,hff19_3_long-duration_electrical_50.0~-1.0_1.0_0,M,FA,19.745486271016695,16.5,14650719.428953517,0.2,-1.6094379124341003
1517,hff19,hff19_3,long-duration_electrical_50.0~-1.0_1.0,hff19_3_long-duration_electrical_50.0~-1.0_1.0_0,M,FA,19.745486271016695,17.5,39824784.39757623,0.28,-1.2729656758128873
1518,hff19,hff19_3,long-duration_electrical_50.0~-1.0_1.0,hff19_3_long-duration_electrical_50.0~-1.0_1.0_0,M,FA,19.745486271016695,18.5,108254987.75023076,0.26,-1.3470736479666092
1519,hff19,hff19_3,long-duration_electrical_50.0~-1.0_1.0,hff19_3_long-duration_electrical_50.0~-1.0_1.0_0,M,FA,19.745486271016695,19.5,294267566.0415088,0.34,-1.0788096613719298
1520,hff19,hff19_3,long-duration_electrical_50.0~-1.0_1.0,hff19_3_long-duration_electrical_50.0~-1.0_1.0_0,M,FA,19.745486271016695,20.5,799902177.4755054,0.26,-1.3470736479666092
1521,hff19,hff19_3,long-duration_electrical_50.0~-1.0_1.0,hff19_3_long-duration_electrical_50.0~-1.0_1.0_0,M,FA,19.745486271016695,21.5,2174359553.5764885,0.36,-1.0216512475319814
1522,hff19,hff19_3,long-duration_electrical_50.0~-1.0_1.0,hff19_3_long-duration_electrical_50.0~-1.0_1.0_0,M,FA,19.745486271016695,22.5,5910522063.023291,0.18,-1.7147984280919266
1523,hff19,hff19_3,long-duration_electrical_50.0~-1.0_1.0,hff19_3_long-duration_electrical_50.0~-1.0_1.0_0,M,FA,19.745486271016695,23.5,16066464720.622478,0.32,-1.1394342831883648
1524,hff19,hff19_3,long-duration_electrical_50.0~-1.0_1.0,hff19_3_long-duration_electrical_50.0~-1.0_1.0_0,M,FA,19.745486271016695,24.5,43673179097.646416,0.22,-1.5141277326297755
1525,hff19,hff19_3,long-duration_electrical_50.0~-1.0_1.0,hff19_3_long-duration_electrical_50.0~-1.0_1.0_0,M,FA,19.745486271016695,25.5,118716009132.16965,0.36,-1.0216512475319814
1526,hff19,hff19_3,long-duration_electrical_50.0~-1.0_1.0,hff19_3_long-duration_electrical_50.0~-1.0_1.0_0,M,FA,19.745486271016695,26.5,322703570371.15485,0.22,-1.5141277326297755
1527,hff19,hff19_3,long-duration_electrical_50.0~-1.0_1.0,hff19_3_long-duration_electrical_50.0~-1.0_1.0_0,M,FA,19.745486271016695,27.5,877199251318.7649,0.3,-1.2039728043259361
1528,hff19,hff19_3,long-duration_electrical_50.0~-1.0_1.0,hff19_3_long-duration_electrical_50.0~-1.0_1.0_0,M,FA,19.745486271016695,28.5,2384474784797.6777,0.24,-1.4271163556401458
1529,hff19,hff19_3,long-duration_electrical_50.0~-1.0_1.0,hff19_3_long-duration_electrical_50.0~-1.0_1.0_0,M,FA,19.745486271016695,29.5,6481674477934.32,0.26,-1.3470736479666092
1530,hff19,hff19_3,long-duration_electrical_50.0~-1.0_1.0,hff19_3_long-duration_electrical_50.0~-1.0_1.0_0,M,FA,19.745486271016695,30.5,17619017951355.633,0.3,-1.2039728043259361
1531,hff19,hff19_3,long-duration_electrical_50.0~-1.0_1.0,hff19_3_long-duration_electrical_50.0~-1.0_1.0_0,M,FA,19.745486271016695,31.5,47893456332463.73,0.3,-1.2039728043259361
1532,hff19,hff19_3,long-duration_electrical_50.0~-1.0_1.0,hff19_3_long-duration_electrical_50.0~-1.0_1.0_0,M,FA,19.745486271016695,32.5,130187912050632.94,0.26,-1.3470736479666092
1533,hff19,hff19_3,long-duration_electrical_50.0~-1.0_1.0,hff19_3_long-duration_electrical_50.0~-1.0_1.0_0,M,FA,19.745486271016695,33.5,353887435612259.9,0.24,-1.4271163556401458
1534,hff19,hff19_3,long-duration_electrical_50.0~-1.0_1.0,hff19_3_long-duration_electrical_50.0~-1.0_1.0_0,M,FA,19.745486271016695,34.5,961965785544776.4,0.28,-1.2729656758128873
1535,hff19,hff19_3,long-duration_electrical_50.0~-1.0_1.0,hff19_3_long-duration_electrical_50.0~-1.0_1.0_0,M,FA,19.745486271016695,35.5,2614894114445696.5,0.3,-1.2039728043259361
1536,hff19,hff19_3,long-duration_electrical_50.0~-1.0_1.0,hff19_3_long-duration_electrical_50.0~-1.0_1.0_0,M,FA,19.745486271016695,36.5,7108019154642244.0,0.28,-1.2729656758128873
1537,hff19,hff19_3,long-duration_electrical_50.0~-1.0_1.0,hff19_3_long-duration_electrical_50.0~-1.0_1.0_0,M,FA,19.745486271016695,37.5,1.9321599304402836e+16,0.28,-1.2729656758128873
1538,hff19,hff19_3,long-duration_electrical_50.0~-1.0_1.0,hff19_3_long-duration_electrical_50.0~-1.0_1.0_0,M,FA,19.745486271016695,38.5,5.252155228592516e+16,0.16,-1.8325814637483102
1539,hff19,hff19_3,long-duration_electrical_50.0~-1.0_1.0,hff19_3_long-duration_electrical_50.0~-1.0_1.0_0,M,FA,19.745486271016695,39.5,1.4276838118129198e+17,0.3,-1.2039728043259361
1540,hff19,hff19_3,long-duration_electrical_50.0~-1.0_1.0,hff19_3_long-duration_electrical_50.0~-1.0_1.0_0,M,FA,19.745486271016695,40.5,3.8808469624362035e+17,0.32,-1.1394342831883648
1541,hff19,hff19_3,long-duration_electrical_50.0~-1.0_1.0,hff19_3_long-duration_electrical_50.0~-1.0_1.0_0,M,FA,19.745486271016695,41.5,1.0549235777020814e+18,0.16,-1.8325814637483102
1542,hff19,hff19_3,long-duration_electrical_50.0~-1.0_1.0,hff19_3_long-duration_electrical_50.0~-1.0_1.0_0,M,FA,19.745486271016695,42.5,2.8675795916805714e+18,0.24,-1.4271163556401458
1543,hff19,hff19_3,long-duration_electrical_50.0~-1.0_1.0,hff19_3_long-duration_electrical_50.0~-1.0_1.0_0,M,FA,19.745486271016695,43.5,7.794889495725307e+18,0.26,-1.3470736479666092
1544,hff19,hff19_3,long-duration_electrical_50.0~-1.0_1.0,hff19_3_long-duration_electrical_50.0~-1.0_1.0_0,M,FA,19.745486271016695,44.5,2.118870647107639e+19,0.22,-1.5141277326297755
1545,hff19,hff19_3,long-duration_electrical_50.0~-1.0_1.0,hff19_3_long-duration_electrical_50.0~-1.0_1.0_0,M,FA,19.745486271016695,45.5,5.759687576887954e+19,0.3,-1.2039728043259361
1546,hff19,hff19_3,long-duration_electrical_50.0~-1.0_1.0,hff19_3_long-duration_electrical_50.0~-1.0_1.0_0,M,FA,19.745486271016695,46.5,1.5656454077855836e+20,0.22,-1.5141277326297755
1547,hff19,hff19_3,long-duration_electrical_50.0~-1.0_1.0,hff19_3_long-duration_electrical_50.0~-1.0_1.0_0,M,FA,19.745486271016695,47.5,4.255865461793903e+20,0.3,-1.2039728043259361
1548,hff19,hff19_3,long-duration_electrical_50.0~-1.0_1.0,hff19_3_long-duration_electrical_50.0~-1.0_1.0_0,M,FA,19.745486271016695,48.5,1.156864174916083e+21,0.18,-1.7147984280919266
1549,hff19,hff19_3,long-duration_electrical_50.0~-1.0_1.0,hff19_3_long-duration_electrical_50.0~-1.0_1.0_0,M,FA,19.745486271016695,49.5,3.144682864669655e+21,0.24,-1.4271163556401458
1550,hff19,hff19_3,long-duration_electrical_50.0~-1.0_1.0,hff19_3_long-duration_electrical_50.0~-1.0_1.0_0,M,FA,19.745486271016695,50.5,8.548134287298057e+21,0.24,-1.4271163556401458
1551,hff19,hff19_3,long-duration_electrical_50.0~-1.0_1.0,hff19_3_long-duration_electrical_50.0~-1.0_1.0_0,M,FA,19.745486271016695,51.5,2.3236238100390023e+22,0.24,-1.4271163556401458
1552,hff19,hff19_3,long-duration_electrical_50.0~-1.0_1.0,hff19_3_long-duration_electrical_50.0~-1.0_1.0_0,M,FA,19.745486271016695,52.5,6.316264379003792e+22,0.26,-1.3470736479666092
1553,hff19,hff19_3,long-duration_electrical_50.0~-1.0_1.0,hff19_3_long-duration_electrical_50.0~-1.0_1.0_0,M,FA,19.745486271016695,53.5,1.7169386685189163e+23,0.28,-1.2729656758128873
1554,hff19,hff19_3,long-duration_electrical_50.0~-1.0_1.0,hff19_3_long-duration_electrical_50.0~-1.0_1.0_0,M,FA,19.745486271016695,54.5,4.667123183213639e+23,0.24,-1.4271163556401458
1555,hff19,hff19_3,long-duration_electrical_50.0~-1.0_1.0,hff19_3_long-duration_electrical_50.0~-1.0_1.0_0,M,FA,19.745486271016695,55.5,1.2686556140109568e+24,0.34,-1.0788096613719298
1556,hff19,hff19_3,long-duration_electrical_50.0~-1.0_1.0,hff19_3_long-duration_electrical_50.0~-1.0_1.0_0,M,FA,19.745486271016695,56.5,3.4485635021385364e+24,0.24,-1.4271163556401458
1557,hff19,hff19_3,long-duration_electrical_50.0~-1.0_1.0,hff19_3_long-duration_electrical_50.0~-1.0_1.0_0,M,FA,19.745486271016695,57.5,9.37416750215027e+24,0.26,-1.3470736479666092
1558,hff19,hff19_3,long-duration_electrical_50.0~-1.0_1.0,hff19_3_long-duration_electrical_50.0~-1.0_1.0_0,M,FA,19.745486271016695,58.5,2.5481629178026397e+25,0.26,-1.3470736479666092
1559,hff19,hff19_3,long-duration_electrical_50.0~-1.0_1.0,hff19_3_long-duration_electrical_50.0~-1.0_1.0_0,M,FA,19.745486271016695,59.5,6.926624955416095e+25,0.22,-1.5141277326297755
1560,hff19,hff19_3,long-duration_electrical_50.0~-1.0_1.0,hff19_3_long-duration_electrical_50.0~-1.0_1.0_0,M,FA,19.745486271016695,60.5,1.8828518748858514e+26,0.32,-1.1394342831883648
1561,hff19,hff19_3,long-duration_electrical_50.0~-1.0_1.0,hff19_3_long-duration_electrical_50.0~-1.0_1.0_0,M,FA,19.745486271016695,61.5,5.118122037182254e+26,0.3,-1.2039728043259361
1562,hff19,hff19_3,long-duration_electrical_50.0~-1.0_1.0,hff19_3_long-duration_electrical_50.0~-1.0_1.0_0,M,FA,19.745486271016695,62.5,1.391249812950831e+27,0.2,-1.6094379124341003
1563,hff19,hff19_3,long-duration_electrical_50.0~-1.0_1.0,hff19_3_long-duration_electrical_50.0~-1.0_1.0_0,M,FA,19.745486271016695,63.5,3.7818090853912897e+27,0.24,-1.4271163556401458
1564,hff19,hff19_3,long-duration_electrical_50.0~-1.0_1.0,hff19_3_long-duration_electrical_50.0~-1.0_1.0_0,M,FA,19.745486271016695,64.5,1.0280022915520465e+28,0.28,-1.2729656758128873
1565,hff19,hff19_3,long-duration_electrical_50.0~-1.0_1.0,hff19_3_long-duration_electrical_50.0~-1.0_1.0_0,M,FA,19.745486271016695,65.5,2.7943999487401853e+28,0.24,-1.4271163556401458
1566,hff19,hff19_3,long-duration_electrical_50.0~-1.0_1.0,hff19_3_long-duration_electrical_50.0~-1.0_1.0_0,M,FA,19.745486271016695,66.5,7.595966602107334e+28,0.2,-1.6094379124341003
1567,hff19,hff19_3,long-duration_electrical_50.0~-1.0_1.0,hff19_3_long-duration_electrical_50.0~-1.0_1.0_0,M,FA,19.745486271016695,67.5,2.0647977984090163e+29,0.26,-1.3470736479666092
1568,hff19,hff19_3,long-duration_electrical_50.0~-1.0_1.0,hff19_3_long-duration_electrical_50.0~-1.0_1.0_0,M,FA,19.745486271016695,68.5,5.612702334857472e+29,0.28,-1.2729656758128873
1569,hff19,hff19_3,long-duration_electrical_50.0~-1.0_1.0,hff19_3_long-duration_electrical_50.0~-1.0_1.0_0,M,FA,19.745486271016695,69.5,1.5256906765392722e+30,0.26,-1.3470736479666092
1570,hff19,hff19_3,long-duration_electrical_50.0~-1.0_1.0,hff19_3_long-duration_electrical_50.0~-1.0_1.0_0,M,FA,19.745486271016695,70.5,4.1472572418860906e+30,0.28,-1.2729656758128873
1571,hff19,hff19_3,long-duration_electrical_50.0~-1.0_1.0,hff19_3_long-duration_electrical_50.0~-1.0_1.0_0,M,FA,19.745486271016695,71.5,1.1273413998564138e+31,0.3,-1.2039728043259361
1572,hff19,hff19_3,long-duration_electrical_50.0~-1.0_1.0,hff19_3_long-duration_electrical_50.0~-1.0_1.0_0,M,FA,19.745486271016695,72.5,3.0644316416992722e+31,0.24,-1.4271163556401458
1573,hff19,hff19_3,long-duration_electrical_50.0~-1.0_1.0,hff19_3_long-duration_electrical_50.0~-1.0_1.0_0,M,FA,19.745486271016695,73.5,8.329988846186052e+31,0.22,-1.5141277326297755
1574,hff19,hff19_3,long-duration_electrical_50.0~-1.0_1.0,hff19_3_long-duration_electrical_50.0~-1.0_1.0_0,M,FA,19.745486271016695,74.5,2.2643257311854073e+32,0.16,-1.8325814637483102
1575,hff19,hff19_3,long-duration_electrical_50.0~-1.0_1.0,hff19_3_long-duration_electrical_50.0~-1.0_1.0_0,M,FA,19.745486271016695,75.5,6.155075488793534e+32,0.22,-1.5141277326297755
1576,hff19,hff19_3,long-duration_electrical_50.0~-1.0_1.0,hff19_3_long-duration_electrical_50.0~-1.0_1.0_0,M,FA,19.745486271016695,76.5,1.6731229853981137e+33,0.24,-1.4271163556401458
1577,hff19,hff19_3,long-duration_electrical_50.0~-1.0_1.0,hff19_3_long-duration_electrical_50.0~-1.0_1.0_0,M,FA,19.745486271016695,77.5,4.5480198079848415e+33,0.28,-1.2729656758128873
1578,hff19,hff19_3,long-duration_electrical_50.0~-1.0_1.0,hff19_3_long-duration_electrical_50.0~-1.0_1.0_0,M,FA,19.745486271016695,78.5,1.236279959951699e+34,0.2,-1.6094379124341003
1579,hff19,hff19_3,long-duration_electrical_50.0~-1.0_1.0,hff19_3_long-duration_electrical_50.0~-1.0_1.0_0,M,FA,19.745486271016695,79.5,3.36055735002478e+34,0.24,-1.4271163556401458
1580,hff19,hff19_3,long-duration_electrical_50.0~-1.0_1.0,hff19_3_long-duration_electrical_50.0~-1.0_1.0_0,M,FA,19.745486271016695,80.5,9.134941978066843e+34,0.26,-1.3470736479666092
1581,hff19,hff19_3,long-duration_electrical_50.0~-1.0_1.0,hff19_3_long-duration_electrical_50.0~-1.0_1.0_0,M,FA,19.745486271016695,81.5,2.4831346783006824e+35,0.2,-1.6094379124341003
1582,hff19,hff19_3,long-duration_electrical_50.0~-1.0_1.0,hff19_3_long-duration_electrical_50.0~-1.0_1.0_0,M,FA,19.745486271016695,82.5,6.749859873641241e+35,0.24,-1.4271163556401458
1583,hff19,hff19_3,long-duration_electrical_50.0~-1.0_1.0,hff19_3_long-duration_electrical_50.0~-1.0_1.0_0,M,FA,19.745486271016695,83.5,1.8348021439163853e+36,0.24,-1.4271163556401458
1584,hff19,hff19_3,long-duration_electrical_50.0~-1.0_1.0,hff19_3_long-duration_electrical_50.0~-1.0_1.0_0,M,FA,19.745486271016695,84.5,4.9875093266256084e+36,0.24,-1.4271163556401458
1585,hff19,hff19_3,long-duration_electrical_50.0~-1.0_1.0,hff19_3_long-duration_electrical_50.0~-1.0_1.0_0,M,FA,19.745486271016695,85.5,1.35574559718364e+37,0.2,-1.6094379124341003
1586,hff19,hff19_3,long-duration_electrical_50.0~-1.0_1.0,hff19_3_long-duration_electrical_50.0~-1.0_1.0_0,M,FA,19.745486271016695,86.5,3.685298620837645e+37,0.24,-1.4271163556401458
1587,hff19,hff19_3,long-duration_electrical_50.0~-1.0_1.0,hff19_3_long-duration_electrical_50.0~-1.0_1.0_0,M,FA,19.745486271016695,87.5,1.0017680273468151e+38,0.26,-1.3470736479666092
1588,hff19,hff19_3,long-duration_electrical_50.0~-1.0_1.0,hff19_3_long-duration_electrical_50.0~-1.0_1.0_0,M,FA,19.745486271016695,88.5,2.7230878250681117e+38,0.28,-1.2729656758128873
1589,hff19,hff19_3,long-duration_electrical_50.0~-1.0_1.0,hff19_3_long-duration_electrical_50.0~-1.0_1.0_0,M,FA,19.745486271016695,89.5,7.402120152180711e+38,0.22,-1.5141277326297755
1590,hff19,hff19_3,long-duration_electrical_50.0~-1.0_1.0,hff19_3_long-duration_electrical_50.0~-1.0_1.0_0,M,FA,19.745486271016695,90.5,2.012104870174333e+39,0.24,-1.4271163556401458
1591,hff19,hff19_3,long-duration_electrical_50.0~-1.0_1.0,hff19_3_long-duration_electrical_50.0~-1.0_1.0_0,M,FA,19.745486271016695,91.5,5.469468105548836e+39,0.26,-1.3470736479666092
1592,hff19,hff19_3,long-duration_electrical_50.0~-1.0_1.0,hff19_3_long-duration_electrical_50.0~-1.0_1.0_0,M,FA,19.745486271016695,92.5,1.486755576264972e+40,0.2,-1.6094379124341003
1593,hff19,hff19_3,long-duration_electrical_50.0~-1.0_1.0,hff19_3_long-duration_electrical_50.0~-1.0_1.0_0,M,FA,19.745486271016695,93.5,4.041420666321229e+40,0.22,-1.5141277326297755
1594,hff19,hff19_3,long-duration_electrical_50.0~-1.0_1.0,hff19_3_long-duration_electrical_50.0~-1.0_1.0_0,M,FA,19.745486271016695,94.5,1.0985720358419844e+41,0.18,-1.7147984280919266
1595,hff19,hff19_3,long-duration_electrical_50.0~-1.0_1.0,hff19_3_long-duration_electrical_50.0~-1.0_1.0_0,M,FA,19.745486271016695,95.5,2.9862284022825254e+41,0.22,-1.5141277326297755
1596,hff19,hff19_3,long-duration_electrical_50.0~-1.0_1.0,hff19_3_long-duration_electrical_50.0~-1.0_1.0_0,M,FA,19.745486271016695,96.5,8.117410401552875e+41,0.24,-1.4271163556401458
1597,hff19,hff19_3,long-duration_electrical_50.0~-1.0_1.0,hff19_3_long-duration_electrical_50.0~-1.0_1.0_0,M,FA,19.745486271016695,97.5,2.2065409188685626e+42,0.26,-1.3470736479666092
1598,hff19,hff19_3,long-duration_electrical_50.0~-1.0_1.0,hff19_3_long-duration_electrical_50.0~-1.0_1.0_0,M,FA,19.745486271016695,98.5,5.998000083511737e+42,0.24,-1.4271163556401458
1599,hff19,hff19_3,long-duration_electrical_50.0~-1.0_1.0,hff19_3_long-duration_electrical_50.0~-1.0_1.0_0,M,FA,19.745486271016695,99.5,1.6304254634105793e+43,0.24,-1.4271163556401458
1600,hff19,hff19_3,long-duration_electrical_50.0~-1.0_1.0,hff19_3_long-duration_electrical_50.0~-1.0_1.0_0,M,FA,19.745486271016695,100.5,4.4319559098458955e+43,0.24,-1.4271163556401458
1601,hff19,hff19_3,long-duration_electrical_50.0~-1.0_1.0,hff19_3_long-duration_electrical_50.0~-1.0_1.0_0,M,FA,19.745486271016695,101.5,1.2047305214265772e+44,0.16,-1.8325814637483102
1602,hff19,hff19_3,long-duration_electrical_50.0~-1.0_1.0,hff19_3_long-duration_electrical_50.0~-1.0_1.0_0,M,FA,19.745486271016695,102.5,3.274797084583855e+44,0.32,-1.1394342831883648
1603,hff19,hff19_3,long-duration_electrical_50.0~-1.0_1.0,hff19_3_long-duration_electrical_50.0~-1.0_1.0_0,M,FA,19.745486271016695,103.5,8.901821406914952e+44,0.16,-1.8325814637483102
1604,hff19,hff19_3,long-duration_electrical_50.0~-1.0_1.0,hff19_3_long-duration_electrical_50.0~-1.0_1.0_0,M,FA,19.745486271016695,104.5,2.419765937060465e+45,0.28,-1.2729656758128873
1605,hff19,hff19_3,long-duration_electrical_50.0~-1.0_1.0,hff19_3_long-duration_electrical_50.0~-1.0_1.0_0,M,FA,19.745486271016695,105.5,6.577605775835635e+45,0.26,-1.3470736479666092
1606,hff19,hff19_3,long-duration_electrical_50.0~-1.0_1.0,hff19_3_long-duration_electrical_50.0~-1.0_1.0_0,M,FA,19.745486271016695,106.5,1.7879786255221268e+46,0.1,-2.3025850929940455
1607,hff19,hff19_3,long-duration_electrical_50.0~-1.0_1.0,hff19_3_long-duration_electrical_50.0~-1.0_1.0_0,M,FA,19.745486271016695,107.5,4.860229807429978e+46,0.22,-1.5141277326297755
1608,hff19,hff19_3,long-duration_electrical_50.0~-1.0_1.0,hff19_3_long-duration_electrical_50.0~-1.0_1.0_0,M,FA,19.745486271016695,108.5,1.3211474367671912e+47,0.24,-1.4271163556401458
1609,hff19,hff19_3,long-duration_electrical_50.0~-1.0_1.0,hff19_3_long-duration_electrical_50.0~-1.0_1.0_0,M,FA,19.745486271016695,109.5,3.591251070079501e+47,0.24,-1.4271163556401458
1610,hff19,hff19_3,long-duration_electrical_50.0~-1.0_1.0,hff19_3_long-duration_electrical_50.0~-1.0_1.0_0,M,FA,19.745486271016695,110.5,9.76203252523121e+47,0.22,-1.5141277326297755
1611,hff19,hff19_3,long-duration_electrical_50.0~-1.0_1.0,hff19_3_long-duration_electrical_50.0~-1.0_1.0_0,M,FA,19.745486271016695,111.5,2.6535955622162162e+48,0.22,-1.5141277326297755
1612,hff19,hff19_3,long-duration_electrical_50.0~-1.0_1.0,hff19_3_long-duration_electrical_50.0~-1.0_1.0_0,M,FA,19.745486271016695,112.5,7.213220596851904e+48,0.18,-1.7147984280919266
1613,hff19,hff19_3,long-duration_electrical_50.0~-1.0_1.0,hff19_3_long-duration_electrical_50.0~-1.0_1.0_0,M,FA,19.745486271016695,113.5,1.960756647308904e+49,0.22,-1.5141277326297755
1614,hff19,hff19_3,long-duration_electrical_50.0~-1.0_1.0,hff19_3_long-duration_electrical_50.0~-1.0_1.0_0,M,FA,19.745486271016695,114.5,5.329889164410075e+49,0.22,-1.5141277326297755
1615,hff19,hff19_3,long-duration_electrical_50.0~-1.0_1.0,hff19_3_long-duration_electrical_50.0~-1.0_1.0_0,M,FA,19.745486271016695,115.5,1.4488140863316671e+50,0.26,-1.3470736479666092
1616,hff19,hff19_3,long-duration_electrical_50.0~-1.0_1.0,hff19_3_long-duration_electrical_50.0~-1.0_1.0_0,M,FA,19.745486271016695,116.5,3.9382850036908655e+50,0.22,-1.5141277326297755
1617,hff19,hff19_3,long-duration_electrical_50.0~-1.0_1.0,hff19_3_long-duration_electrical_50.0~-1.0_1.0_0,M,FA,19.745486271016695,117.5,1.0705368560825642e+51,0.26,-1.3470736479666092
1618,hff19,hff19_3,long-duration_electrical_50.0~-1.0_1.0,hff19_3_long-duration_electrical_50.0~-1.0_1.0_0,M,FA,19.745486271016695,118.5,2.9100208825849106e+51,0.24,-1.4271163556401458
1619,hff19,hff19_3,long-duration_electrical_50.0~-1.0_1.0,hff19_3_long-duration_electrical_50.0~-1.0_1.0_0,M,FA,19.745486271016695,119.5,7.910256885566915e+51,0.24,-1.4271163556401458
1620,hff19,hff19_3,long-duration_electrical_50.0~-1.0_1.0,hff19_3_long-duration_electrical_50.0~-1.0_1.0_0,M,FA,19.745486271016695,120.5,2.1502307550479586e+52,0.24,-1.4271163556401458
1621,hff19,hff19_3,long-duration_electrical_50.0~-1.0_1.0,hff19_3_long-duration_electrical_50.0~-1.0_1.0_0,M,FA,19.745486271016695,121.5,5.844933188440638e+52,0.2,-1.6094379124341003
1622,hff19,hff19_3,long-duration_electrical_50.0~-1.0_1.0,hff19_3_long-duration_electrical_50.0~-1.0_1.0_0,M,FA,19.745486271016695,122.5,1.5888175674695377e+53,0.24,-1.4271163556401458
1623,hff19,hff19_3,long-duration_electrical_50.0~-1.0_1.0,hff19_3_long-duration_electrical_50.0~-1.0_1.0_0,M,FA,19.745486271016695,123.5,4.3188539223889476e+53,0.26,-1.3470736479666092
1624,hff19,hff19_3,long-duration_electrical_50.0~-1.0_1.0,hff19_3_long-duration_electrical_50.0~-1.0_1.0_0,M,FA,19.745486271016695,124.5,1.1739862136998947e+54,0.24,-1.4271163556401458
1625,hff19,hff19_3,long-duration_electrical_50.0~-1.0_1.0,hff19_3_long-duration_electrical_50.0~-1.0_1.0_0,M,FA,19.745486271016695,125.5,3.191225391561861e+54,0.28,-1.2729656758128873
1626,hff19,hff19_3,long-duration_electrical_50.0~-1.0_1.0,hff19_3_long-duration_electrical_50.0~-1.0_1.0_0,M,FA,19.745486271016695,126.5,8.674649992399708e+54,0.22,-1.5141277326297755
1627,hff19,hff19_3,long-duration_electrical_50.0~-1.0_1.0,hff19_3_long-duration_electrical_50.0~-1.0_1.0_0,M,FA,19.745486271016695,127.5,2.3580143442582524e+55,0.22,-1.5141277326297755
1628,hff19,hff19_3,long-duration_electrical_50.0~-1.0_1.0,hff19_3_long-duration_electrical_50.0~-1.0_1.0_0,M,FA,19.745486271016695,128.5,6.409747543242979e+55,0.3,-1.2039728043259361
1629,hff19,hff19_3,long-duration_electrical_50.0~-1.0_1.0,hff19_3_long-duration_electrical_50.0~-1.0_1.0_0,M,FA,19.745486271016695,129.5,1.7423500271807397e+56,0.26,-1.3470736479666092
1630,hff19,hff19_3,long-duration_electrical_50.0~-1.0_1.0,hff19_3_long-duration_electrical_50.0~-1.0_1.0_0,M,FA,19.745486271016695,130.5,4.736198417700528e+56,0.24,-1.4271163556401458
1631,hff19,hff19_3,long-duration_electrical_50.0~-1.0_1.0,hff19_3_long-duration_electrical_50.0~-1.0_1.0_0,M,FA,19.745486271016695,131.5,1.287432209481183e+57,0.26,-1.3470736479666092
1632,hff19,hff19_3,long-duration_electrical_50.0~-1.0_1.0,hff19_3_long-duration_electrical_50.0~-1.0_1.0_0,M,FA,19.745486271016695,132.5,3.4996035804055786e+57,0.2,-1.6094379124341003
1633,hff19,hff19_3,long-duration_electrical_50.0~-1.0_1.0,hff19_3_long-duration_electrical_50.0~-1.0_1.0_0,M,FA,19.745486271016695,133.5,9.512908819426697e+57,0.32,-1.1394342831883648
1634,hff19,hff19_3,long-duration_electrical_50.0~-1.0_1.0,hff19_3_long-duration_electrical_50.0~-1.0_1.0_0,M,FA,19.745486271016695,134.5,2.585876717963538e+58,0.24,-1.4271163556401458
1635,hff19,hff19_3,long-duration_electrical_50.0~-1.0_1.0,hff19_3_long-duration_electrical_50.0~-1.0_1.0_0,M,FA,19.745486271016695,135.5,7.029141693075601e+58,0.26,-1.3470736479666092
1636,hff19,hff19_3,long-duration_electrical_50.0~-1.0_1.0,hff19_3_long-duration_electrical_50.0~-1.0_1.0_0,M,FA,19.745486271016695,136.5,1.9107188133951252e+59,0.26,-1.3470736479666092
1637,hff19,hff19_3,long-duration_electrical_50.0~-1.0_1.0,hff19_3_long-duration_electrical_50.0~-1.0_1.0_0,M,FA,19.745486271016695,137.5,5.193872229746799e+59,0.22,-1.5141277326297755
1638,hff19,hff19_3,long-duration_electrical_50.0~-1.0_1.0,hff19_3_long-duration_electrical_50.0~-1.0_1.0_0,M,FA,19.745486271016695,138.5,1.4118408501458785e+60,0.28,-1.2729656758128873
1639,hff19,hff19_3,long-duration_electrical_50.0~-1.0_1.0,hff19_3_long-duration_electrical_50.0~-1.0_1.0_0,M,FA,19.745486271016695,139.5,3.837781327627712e+60,0.22,-1.5141277326297755
1640,hff19,hff19_3,long-duration_electrical_50.0~-1.0_1.0,hff19_3_long-duration_electrical_50.0~-1.0_1.0_0,M,FA,19.745486271016695,140.5,1.0432171244489838e+61,0.26,-1.3470736479666092
1641,hff19,hff19_3,long-duration_electrical_50.0~-1.0_1.0,hff19_3_long-duration_electrical_50.0~-1.0_1.0_0,M,FA,19.745486271016695,141.5,2.835758152526971e+61,0.2,-1.6094379124341003
1642,hff19,hff19_3,long-duration_electrical_50.0~-1.0_1.0,hff19_3_long-duration_electrical_50.0~-1.0_1.0_0,M,FA,19.745486271016695,142.5,7.708389855918659e+61,0.28,-1.2729656758128873
1643,hff19,hff19_3,long-duration_electrical_50.0~-1.0_1.0,hff19_3_long-duration_electrical_50.0~-1.0_1.0_0,M,FA,19.745486271016695,143.5,2.095357607202173e+62,0.22,-1.5141277326297755
1644,hff19,hff19_3,long-duration_electrical_50.0~-1.0_1.0,hff19_3_long-duration_electrical_50.0~-1.0_1.0_0,M,FA,19.745486271016695,144.5,5.6957725077810925e+62,0.24,-1.4271163556401458
1645,hff19,hff19_3,long-duration_electrical_50.0~-1.0_1.0,hff19_3_long-duration_electrical_50.0~-1.0_1.0_0,M,FA,19.745486271016695,145.5,1.548271490693795e+63,0.18,-1.7147984280919266
1646,hff19,hff19_3,long-duration_electrical_50.0~-1.0_1.0,hff19_3_long-duration_electrical_50.0~-1.0_1.0_0,M,FA,19.745486271016695,146.5,4.20863825867414e+63,0.26,-1.3470736479666092
1647,hff19,hff19_3,long-duration_electrical_50.0~-1.0_1.0,hff19_3_long-duration_electrical_50.0~-1.0_1.0_0,M,FA,19.745486271016695,147.5,1.1440264901111434e+64,0.22,-1.5141277326297755
1648,hff19,hff19_3,long-duration_electrical_50.0~-1.0_1.0,hff19_3_long-duration_electrical_50.0~-1.0_1.0_0,M,FA,19.745486271016695,148.5,3.109786419344903e+64,0.18,-1.7147984280919266
1649,hff19,hff19_3,long-duration_electrical_50.0~-1.0_1.0,hff19_3_long-duration_electrical_50.0~-1.0_1.0_0,M,FA,19.745486271016695,149.5,8.45327591409397e+64,0.24,-1.4271163556401458
1650,hff19,hff19_3,long-duration_electrical_50.0~-1.0_1.0,hff19_3_long-duration_electrical_50.0~-1.0_1.0_0,M,FA,19.745486271016695,150.5,2.297838630823216e+65,0.24,-1.4271163556401458
1651,hff19,hff19_3,long-duration_electrical_50.0~-1.0_1.0,hff19_3_long-duration_electrical_50.0~-1.0_1.0_0,M,FA,19.745486271016695,151.5,6.246172994897961e+65,0.22,-1.5141277326297755
1652,hff19,hff19_3,long-duration_electrical_50.0~-1.0_1.0,hff19_3_long-duration_electrical_50.0~-1.0_1.0_0,M,FA,19.745486271016695,152.5,1.6978858549442743e+66,0.22,-1.5141277326297755
1653,hff19,hff19_3,long-duration_electrical_50.0~-1.0_1.0,hff19_3_long-duration_electrical_50.0~-1.0_1.0_0,M,FA,19.745486271016695,153.5,4.6153322662926706e+66,0.24,-1.4271163556401458
1654,hff19,hff19_3,long-duration_electrical_50.0~-1.0_1.0,hff19_3_long-duration_electrical_50.0~-1.0_1.0_0,M,FA,19.745486271016695,154.5,1.254577383176407e+67,0.22,-1.5141277326297755
1655,hff19,hff19_3,long-duration_electrical_50.0~-1.0_1.0,hff19_3_long-duration_electrical_50.0~-1.0_1.0_0,M,FA,19.745486271016695,155.5,3.4102949030841276e+67,0.22,-1.5141277326297755
1656,hff19,hff19_3,long-duration_electrical_50.0~-1.0_1.0,hff19_3_long-duration_electrical_50.0~-1.0_1.0_0,M,FA,19.745486271016695,156.5,9.270142664740085e+67,0.24,-1.4271163556401458
1657,hff19,hff19_3,long-duration_electrical_50.0~-1.0_1.0,hff19_3_long-duration_electrical_50.0~-1.0_1.0_0,M,FA,19.745486271016695,157.5,2.5198860352785887e+68,0.24,-1.4271163556401458
1658,hff19,hff19_3,long-duration_electrical_50.0~-1.0_1.0,hff19_3_long-duration_electrical_50.0~-1.0_1.0_0,M,FA,19.745486271016695,158.5,6.849760419485496e+68,0.24,-1.4271163556401458
1659,hff19,hff19_3,long-duration_electrical_50.0~-1.0_1.0,hff19_3_long-duration_electrical_50.0~-1.0_1.0_0,M,FA,19.745486271016695,159.5,1.861957927758543e+69,0.24,-1.4271163556401458
1660,hff19,hff19_3,long-duration_electrical_50.0~-1.0_1.0,hff19_3_long-duration_electrical_50.0~-1.0_1.0_0,M,FA,19.745486271016695,160.5,5.0613264003813075e+69,0.2,-1.6094379124341003
1661,hff19,hff19_3,long-duration_electrical_50.0~-1.0_1.0,hff19_3_long-duration_electrical_50.0~-1.0_1.0_0,M,FA,19.745486271016695,161.5,1.3758111582056537e+70,0.2,-1.6094379124341003
1662,hff19,hff19_3,long-duration_electrical_50.0~-1.0_1.0,hff19_3_long-duration_electrical_50.0~-1.0_1.0_0,M,FA,19.745486271016695,162.5,3.7398424707416215e+70,0.2,-1.6094379124341003
1663,hff19,hff19_3,long-duration_electrical_50.0~-1.0_1.0,hff19_3_long-duration_electrical_50.0~-1.0_1.0_0,M,FA,19.745486271016695,163.5,1.0165945829516327e+71,0.26,-1.3470736479666092
1664,hff19,hff19_3,long-duration_electrical_50.0~-1.0_1.0,hff19_3_long-duration_electrical_50.0~-1.0_1.0_0,M,FA,19.745486271016695,164.5,2.763390581747325e+71,0.2,-1.6094379124341003
1665,hff19,hff19_3,long-duration_electrical_50.0~-1.0_1.0,hff19_3_long-duration_electrical_50.0~-1.0_1.0_0,M,FA,19.745486271016695,165.5,7.511674403298623e+71,0.16,-1.8325814637483102
1666,hff19,hff19_3,long-duration_electrical_50.0~-1.0_1.0,hff19_3_long-duration_electrical_50.0~-1.0_1.0_0,M,FA,19.745486271016695,166.5,2.0418848031787588e+72,0.22,-1.5141277326297755
1667,hff19,hff19_3,long-duration_electrical_50.0~-1.0_1.0,hff19_3_long-duration_electrical_50.0~-1.0_1.0_0,M,FA,19.745486271016695,167.5,5.550418356287494e+72,0.24,-1.4271163556401458
1668,hff19,hff19_3,long-duration_electrical_50.0~-1.0_1.0,hff19_3_long-duration_electrical_50.0~-1.0_1.0_0,M,FA,19.745486271016695,168.5,1.5087601358241818e+73,0.2,-1.6094379124341003
1669,hff19,hff19_3,long-duration_electrical_50.0~-1.0_1.0,hff19_3_long-duration_electrical_50.0~-1.0_1.0_0,M,FA,19.745486271016695,169.5,4.101235260714274e+73,0.26,-1.3470736479666092
1670,hff19,hff19_3,long-duration_electrical_50.0~-1.0_1.0,hff19_3_long-duration_electrical_50.0~-1.0_1.0_0,M,FA,19.745486271016695,170.5,1.1148313283435107e+74,0.28,-1.2729656758128873
1671,hff19,hff19_3,long-duration_electrical_50.0~-1.0_1.0,hff19_3_long-duration_electrical_50.0~-1.0_1.0_0,M,FA,19.745486271016695,171.5,3.030425741633024e+74,0.2,-1.6094379124341003
1672,hff19,hff19_3,long-duration_electrical_50.0~-1.0_1.0,hff19_3_long-duration_electrical_50.0~-1.0_1.0_0,M,FA,19.745486271016695,172.5,8.237551225975576e+74,0.26,-1.3470736479666092
1673,hff19,hff19_3,long-duration_electrical_50.0~-1.0_1.0,hff19_3_long-duration_electrical_50.0~-1.0_1.0_0,M,FA,19.745486271016695,173.5,2.239198580856994e+75,0.26,-1.3470736479666092
1674,hff19,hff19_3,long-duration_electrical_50.0~-1.0_1.0,hff19_3_long-duration_electrical_50.0~-1.0_1.0_0,M,FA,19.745486271016695,174.5,6.0867728126548485e+75,0.24,-1.4271163556401458
1675,hff19,hff19_3,long-duration_electrical_50.0~-1.0_1.0,hff19_3_long-duration_electrical_50.0~-1.0_1.0_0,M,FA,19.745486271016695,175.5,1.6545563930598225e+76,0.18,-1.7147984280919266
1676,hff19,hff19_3,long-duration_electrical_50.0~-1.0_1.0,hff19_3_long-duration_electrical_50.0~-1.0_1.0_0,M,FA,19.745486271016695,176.5,4.4975505774152577e+76,0.22,-1.5141277326297755
1677,hff19,hff19_3,long-duration_electrical_50.0~-1.0_1.0,hff19_3_long-duration_electrical_50.0~-1.0_1.0_0,M,FA,19.745486271016695,177.5,1.222561000716338e+77,0.18,-1.7147984280919266
1678,hff19,hff19_3,long-duration_electrical_50.0~-1.0_1.0,hff19_3_long-duration_electrical_50.0~-1.0_1.0_0,M,FA,19.745486271016695,178.5,3.323265352429928e+77,0.18,-1.7147984280919266
1679,hff19,hff19_3,long-duration_electrical_50.0~-1.0_1.0,hff19_3_long-duration_electrical_50.0~-1.0_1.0_0,M,FA,19.745486271016695,179.5,9.033571818657817e+77,0.26,-1.3470736479666092
1680,hff19,hff19_3,long-duration_electrical_50.0~-1.0_1.0,hff19_3_long-duration_electrical_50.0~-1.0_1.0_0,M,FA,19.745486271016695,180.5,2.455579412073727e+78,0.22,-1.5141277326297755
1681,hff19,hff19_3,long-duration_electrical_50.0~-1.0_1.0,hff19_3_long-duration_electrical_50.0~-1.0_1.0_0,M,FA,19.745486271016695,181.5,6.674956894178159e+78,0.28,-1.2729656758128873
1682,hff19,hff19_3,long-duration_electrical_50.0~-1.0_1.0,hff19_3_long-duration_electrical_50.0~-1.0_1.0_0,M,FA,19.745486271016695,182.5,1.8144414031191914e+79,0.28,-1.2729656758128873
1683,hff19,hff19_3,long-duration_electrical_50.0~-1.0_1.0,hff19_3_long-duration_electrical_50.0~-1.0_1.0_0,M,FA,19.745486271016695,183.5,4.932163094902632e+79,0.26,-1.3470736479666092
1684,hff19,hff19_3,long-duration_electrical_50.0~-1.0_1.0,hff19_3_long-duration_electrical_50.0~-1.0_1.0_0,M,FA,19.745486271016695,184.5,1.3407009315870148e+80,0.18,-1.7147984280919266
1685,hff19,hff19_3,long-duration_electrical_50.0~-1.0_1.0,hff19_3_long-duration_electrical_50.0~-1.0_1.0_0,M,FA,19.745486271016695,185.5,3.6444029797310963e+80,0.26,-1.3470736479666092
1686,hff19,hff19_3,long-duration_electrical_50.0~-1.0_1.0,hff19_3_long-duration_electrical_50.0~-1.0_1.0_0,M,FA,19.745486271016695,186.5,9.906514395385036e+80,0.2,-1.6094379124341003
1687,hff19,hff19_3,long-duration_electrical_50.0~-1.0_1.0,hff19_3_long-duration_electrical_50.0~-1.0_1.0_0,M,FA,19.745486271016695,187.5,2.692869806434309e+81,0.18,-1.7147984280919266
1688,hff19,hff19_3,long-duration_electrical_50.0~-1.0_1.0,hff19_3_long-duration_electrical_50.0~-1.0_1.0_0,M,FA,19.745486271016695,188.5,7.319979061236409e+81,0.24,-1.4271163556401458
1689,hff19,hff19_3,long-duration_electrical_50.0~-1.0_1.0,hff19_3_long-duration_electrical_50.0~-1.0_1.0_0,M,FA,19.745486271016695,189.5,1.989776606685963e+82,0.3,-1.2039728043259361
1690,hff19,hff19_3,long-duration_electrical_50.0~-1.0_1.0,hff19_3_long-duration_electrical_50.0~-1.0_1.0_0,M,FA,19.745486271016695,190.5,5.408773592647354e+82,0.28,-1.2729656758128873
1691,hff19,hff19_3,long-duration_electrical_50.0~-1.0_1.0,hff19_3_long-duration_electrical_50.0~-1.0_1.0_0,M,FA,19.745486271016695,191.5,1.470257097114245e+83,0.22,-1.5141277326297755
1692,hff19,hff19_3,long-duration_electrical_50.0~-1.0_1.0,hff19_3_long-duration_electrical_50.0~-1.0_1.0_0,M,FA,19.745486271016695,192.5,3.9965731502485976e+83,0.2,-1.6094379124341003
1693,hff19,hff19_3,long-duration_electrical_50.0~-1.0_1.0,hff19_3_long-duration_electrical_50.0~-1.0_1.0_0,M,FA,19.745486271016695,193.5,1.0863812170428086e+84,0.24,-1.4271163556401458
1694,hff19,hff19_3,long-duration_electrical_50.0~-1.0_1.0,hff19_3_long-duration_electrical_50.0~-1.0_1.0_0,M,FA,19.745486271016695,194.5,2.9530903210666885e+84,0.28,-1.2729656758128873
1695,hff19,hff19_3,long-duration_electrical_50.0~-1.0_1.0,hff19_3_long-duration_electrical_50.0~-1.0_1.0_0,M,FA,19.745486271016695,195.5,8.027331757553867e+84,0.24,-1.4271163556401458
1696,hff19,hff19_3,long-duration_electrical_50.0~-1.0_1.0,hff19_3_long-duration_electrical_50.0~-1.0_1.0_0,M,FA,19.745486271016695,196.5,2.1820550047570884e+85,0.22,-1.5141277326297755
1697,hff19,hff19_3,long-duration_electrical_50.0~-1.0_1.0,hff19_3_long-duration_electrical_50.0~-1.0_1.0_0,M,FA,19.745486271016695,197.5,5.931440468129309e+85,0.18,-1.7147984280919266
1698,hff19,hff19_3,long-duration_electrical_50.0~-1.0_1.0,hff19_3_long-duration_electrical_50.0~-1.0_1.0_0,M,FA,19.745486271016695,198.5,1.6123326841102515e+86,0.22,-1.5141277326297755
1699,hff19,hff19_3,long-duration_electrical_50.0~-1.0_1.0,hff19_3_long-duration_electrical_50.0~-1.0_1.0_0,M,FA,19.745486271016695,199.5,4.3827746366474943e+86,0.22,-1.5141277326297755
1700,hff19,hff19_3,long-duration_electrical_50.0~-1.0_1.0,hff19_3_long-duration_electrical_50.0~-1.0_1.0_0,M,FA,19.745486271016695,200.5,1.1913616653030078e+87,0.24,-1.4271163556401458
1701,hff19,hff19_3,long-duration_electrical_50.0~-1.0_1.0,hff19_3_long-duration_electrical_50.0~-1.0_1.0_0,M,FA,19.745486271016695,201.5,3.238456765915873e+87,0.22,-1.5141277326297755
1702,hff19,hff19_3,long-duration_electrical_50.0~-1.0_1.0,hff19_3_long-duration_electrical_50.0~-1.0_1.0_0,M,FA,19.745486271016695,202.5,8.803038179039366e+87,0.24,-1.4271163556401458
1703,hff19,hff19_3,long-duration_electrical_50.0~-1.0_1.0,hff19_3_long-duration_electrical_50.0~-1.0_1.0_0,M,FA,19.745486271016695,203.5,2.392913871731391e+88,0.26,-1.3470736479666092
1704,hff19,hff19_3,long-duration_electrical_50.0~-1.0_1.0,hff19_3_long-duration_electrical_50.0~-1.0_1.0_0,M,FA,19.745486271016695,204.5,6.50461429459502e+88,0.26,-1.3470736479666092
1705,hff19,hff19_3,long-duration_electrical_50.0~-1.0_1.0,hff19_3_long-duration_electrical_50.0~-1.0_1.0_0,M,FA,19.745486271016695,205.5,1.7681374838132593e+89,0.16,-1.8325814637483102
1706,hff19,hff19_3,long-duration_electrical_50.0~-1.0_1.0,hff19_3_long-duration_electrical_50.0~-1.0_1.0_0,M,FA,19.745486271016695,206.5,4.806295992466882e+89,0.22,-1.5141277326297755
1707,hff19,hff19_3,long-duration_electrical_50.0~-1.0_1.0,hff19_3_long-duration_electrical_50.0~-1.0_1.0_0,M,FA,19.745486271016695,207.5,1.3064867058518258e+90,0.2,-1.6094379124341003
1708,hff19,hff19_3,long-duration_electrical_50.0~-1.0_1.0,hff19_3_long-duration_electrical_50.0~-1.0_1.0_0,M,FA,19.745486271016695,208.5,3.5513990716403354e+90,0.24,-1.4271163556401458
1709,hff19,hff19_3,long-duration_electrical_50.0~-1.0_1.0,hff19_3_long-duration_electrical_50.0~-1.0_1.0_0,M,FA,19.745486271016695,209.5,9.653703562046247e+90,0.2,-1.6094379124341003
1710,hff19,hff19_3,long-duration_electrical_50.0~-1.0_1.0,hff19_3_long-duration_electrical_50.0~-1.0_1.0_0,M,FA,19.745486271016695,210.5,2.624148697004067e+91,0.28,-1.2729656758128873
1711,hff19,hff19_3,long-duration_electrical_50.0~-1.0_1.0,hff19_3_long-duration_electrical_50.0~-1.0_1.0_0,M,FA,19.745486271016695,211.5,7.133175718240636e+91,0.2,-1.6094379124341003
1712,hff19,hff19_3,long-duration_electrical_50.0~-1.0_1.0,hff19_3_long-duration_electrical_50.0~-1.0_1.0_0,M,FA,19.745486271016695,212.5,1.938998193409882e+92,0.22,-1.5141277326297755
1713,hff19,hff19_3,long-duration_electrical_50.0~-1.0_1.0,hff19_3_long-duration_electrical_50.0~-1.0_1.0_0,M,FA,19.745486271016695,213.5,5.270743554560999e+92,0.26,-1.3470736479666092
1714,hff19,hff19_3,long-duration_electrical_50.0~-1.0_1.0,hff19_3_long-duration_electrical_50.0~-1.0_1.0_0,M,FA,19.745486271016695,214.5,1.4327366426830802e+93,0.26,-1.3470736479666092
1715,hff19,hff19_3,long-duration_electrical_50.0~-1.0_1.0,hff19_3_long-duration_electrical_50.0~-1.0_1.0_0,M,FA,19.745486271016695,215.5,3.894581980772837e+93,0.26,-1.3470736479666092
1716,hff19,hff19_3,long-duration_electrical_50.0~-1.0_1.0,hff19_3_long-duration_electrical_50.0~-1.0_1.0_0,M,FA,19.745486271016695,216.5,1.0586571427778838e+94,0.18,-1.7147984280919266
1717,hff19,hff19_3,long-duration_electrical_50.0~-1.0_1.0,hff19_3_long-duration_electrical_50.0~-1.0_1.0_0,M,FA,19.745486271016695,217.5,2.877728473781494e+94,0.24,-1.4271163556401458
1718,hff19,hff19_3,long-duration_electrical_50.0~-1.0_1.0,hff19_3_long-duration_electrical_50.0~-1.0_1.0_0,M,FA,19.745486271016695,218.5,7.822477017519418e+94,0.22,-1.5141277326297755
1719,hff19,hff19_3,long-duration_electrical_50.0~-1.0_1.0,hff19_3_long-duration_electrical_50.0~-1.0_1.0_0,M,FA,19.745486271016695,219.5,2.126369713026154e+95,0.2,-1.6094379124341003
1720,hff19,hff19_3,long-duration_electrical_50.0~-1.0_1.0,hff19_3_long-duration_electrical_50.0~-1.0_1.0_0,M,FA,19.745486271016695,220.5,5.780072151504669e+95,0.26,-1.3470736479666092
1721,hff19,hff19_3,long-duration_electrical_50.0~-1.0_1.0,hff19_3_long-duration_electrical_50.0~-1.0_1.0_0,M,FA,19.745486271016695,221.5,1.5711865096617322e+96,0.22,-1.5141277326297755
1722,hff19,hff19_3,long-duration_electrical_50.0~-1.0_1.0,hff19_3_long-duration_electrical_50.0~-1.0_1.0_0,M,FA,19.745486271016695,222.5,4.2709277383334783e+96,0.28,-1.2729656758128873
1723,hff19,hff19_3,long-duration_electrical_50.0~-1.0_1.0,hff19_3_long-duration_electrical_50.0~-1.0_1.0_0,M,FA,19.745486271016695,223.5,1.1609585261773583e+97,0.2,-1.6094379124341003
1724,hff19,hff19_3,long-duration_electrical_50.0~-1.0_1.0,hff19_3_long-duration_electrical_50.0~-1.0_1.0_0,M,FA,19.745486271016695,224.5,3.1558124653025077e+97,0.2,-1.6094379124341003
1725,hff19,hff19_3,long-duration_electrical_50.0~-1.0_1.0,hff19_3_long-duration_electrical_50.0~-1.0_1.0_0,M,FA,19.745486271016695,225.5,8.578387678456348e+97,0.24,-1.4271163556401458
1726,hff19,hff19_3,long-duration_electrical_50.0~-1.0_1.0,hff19_3_long-duration_electrical_50.0~-1.0_1.0_0,M,FA,19.745486271016695,226.5,2.3318475343824867e+98,0.24,-1.4271163556401458
1727,hff19,hff19_3,long-duration_electrical_50.0~-1.0_1.0,hff19_3_long-duration_electrical_50.0~-1.0_1.0_0,M,FA,19.745486271016695,227.5,6.338618779448942e+98,0.32,-1.1394342831883648
1728,hff19,hff19_3,long-duration_electrical_50.0~-1.0_1.0,hff19_3_long-duration_electrical_50.0~-1.0_1.0_0,M,FA,19.745486271016695,228.5,1.723015224570531e+99,0.2,-1.6094379124341003
1729,hff19,hff19_3,long-duration_electrical_50.0~-1.0_1.0,hff19_3_long-duration_electrical_50.0~-1.0_1.0_0,M,FA,19.745486271016695,229.5,4.683640975108356e+99,0.24,-1.4271163556401458
1730,hff19,hff19_3,long-duration_electrical_50.0~-1.0_1.0,hff19_3_long-duration_electrical_50.0~-1.0_1.0_0,M,FA,19.745486271016695,230.5,1.2731456153663248e+100,0.22,-1.5141277326297755
1731,hff19,hff19_3,long-duration_electrical_50.0~-1.0_1.0,hff19_3_long-duration_electrical_50.0~-1.0_1.0_0,M,FA,19.745486271016695,231.5,3.4607685912325894e+100,0.24,-1.4271163556401458
1732,hff19,hff19_3,long-duration_electrical_50.0~-1.0_1.0,hff19_3_long-duration_electrical_50.0~-1.0_1.0_0,M,FA,19.745486271016695,232.5,9.407344374049358e+100,0.26,-1.3470736479666092
1733,hff19,hff19_3,long-duration_electrical_50.0~-1.0_1.0,hff19_3_long-duration_electrical_50.0~-1.0_1.0_0,M,FA,19.745486271016695,233.5,2.55718132660348e+101,0.22,-1.5141277326297755
1734,hff19,hff19_3,long-duration_electrical_50.0~-1.0_1.0,hff19_3_long-duration_electrical_50.0~-1.0_1.0_0,M,FA,19.745486271016695,234.5,6.951139532181034e+101,0.24,-1.4271163556401458
1735,hff19,hff19_3,long-duration_electrical_50.0~-1.0_1.0,hff19_3_long-duration_electrical_50.0~-1.0_1.0_0,M,FA,19.745486271016695,235.5,1.8895156277411014e+102,0.22,-1.5141277326297755
1736,hff19,hff19_3,long-duration_electrical_50.0~-1.0_1.0,hff19_3_long-duration_electrical_50.0~-1.0_1.0_0,M,FA,19.745486271016695,236.5,5.136235995478022e+102,0.22,-1.5141277326297755
1737,hff19,hff19_3,long-duration_electrical_50.0~-1.0_1.0,hff19_3_long-duration_electrical_50.0~-1.0_1.0_0,M,FA,19.745486271016695,237.5,1.3961736973185161e+103,0.26,-1.3470736479666092
1738,hff19,hff19_3,long-duration_electrical_50.0~-1.0_1.0,hff19_3_long-duration_electrical_50.0~-1.0_1.0_0,M,FA,19.745486271016695,238.5,3.795193590793402e+103,0.22,-1.5141277326297755
1739,hff19,hff19_3,long-duration_electrical_50.0~-1.0_1.0,hff19_3_long-duration_electrical_50.0~-1.0_1.0_0,M,FA,19.745486271016695,239.5,1.0316405773337937e+104,0.24,-1.4271163556401458
1740,hff19,hff19_3,long-duration_electrical_50.0~-1.0_1.0,hff19_3_long-duration_electrical_50.0~-1.0_1.0_0,M,FA,19.745486271016695,240.5,2.80428983486745e+104,0.18,-1.7147984280919266
1741,hff19,hff19_3,long-duration_electrical_50.0~-1.0_1.0,hff19_3_long-duration_electrical_50.0~-1.0_1.0_0,M,FA,19.745486271016695,241.5,7.622850099852606e+104,0.26,-1.3470736479666092
1742,hff19,hff19_3,long-duration_electrical_50.0~-1.0_1.0,hff19_3_long-duration_electrical_50.0~-1.0_1.0_0,M,FA,19.745486271016695,242.5,2.0721054907496557e+105,0.24,-1.4271163556401458
1743,hff19,hff19_3,long-duration_electrical_50.0~-1.0_1.0,hff19_3_long-duration_electrical_50.0~-1.0_1.0_0,M,FA,19.745486271016695,243.5,5.632566702155002e+105,0.2,-1.6094379124341003
1744,hff19,hff19_3,long-duration_electrical_50.0~-1.0_1.0,hff19_3_long-duration_electrical_50.0~-1.0_1.0_0,M,FA,19.745486271016695,244.5,1.531090371405143e+106,0.22,-1.5141277326297755
1745,hff19,hff19_3,long-duration_electrical_50.0~-1.0_1.0,hff19_3_long-duration_electrical_50.0~-1.0_1.0_0,M,FA,19.745486271016695,245.5,4.161935134319211e+106,0.24,-1.4271163556401458
1746,hff19,hff19_3,long-duration_electrical_50.0~-1.0_1.0,hff19_3_long-duration_electrical_50.0~-1.0_1.0_0,M,FA,19.745486271016695,246.5,1.1313312646845167e+107,0.24,-1.4271163556401458
1747,hff19,hff19_3,long-duration_electrical_50.0~-1.0_1.0,hff19_3_long-duration_electrical_50.0~-1.0_1.0_0,M,FA,19.745486271016695,247.5,3.0752772187595124e+107,0.2,-1.6094379124341003
1748,hff19,hff19_3,long-duration_electrical_50.0~-1.0_1.0,hff19_3_long-duration_electrical_50.0~-1.0_1.0_0,M,FA,19.745486271016695,248.5,8.359470181228054e+107,0.18,-1.7147984280919266
1749,hff19,hff19_3,long-duration_electrical_50.0~-1.0_1.0,hff19_3_long-duration_electrical_50.0~-1.0_1.0_0,M,FA,19.745486271016695,249.5,2.272339588917746e+108,0.24,-1.4271163556401458
1750,hff19,hff19_3,long-duration_electrical_50.0~-1.0_1.0,hff19_3_long-duration_electrical_50.0~-1.0_1.0_0,M,FA,19.745486271016695,250.5,6.176859412643206e+108,0.3,-1.2039728043259361
1751,hff19,hff19_3,long-duration_electrical_50.0~-1.0_1.0,hff19_3_long-duration_electrical_50.0~-1.0_1.0_0,M,FA,19.745486271016695,251.5,1.679044469833424e+109,0.18,-1.7147984280919266
1752,hff19,hff19_3,long-duration_electrical_50.0~-1.0_1.0,hff19_3_long-duration_electrical_50.0~-1.0_1.0_0,M,FA,19.745486271016695,252.5,4.564116071522848e+109,0.22,-1.5141277326297755
1753,hff19,hff19_3,long-duration_electrical_50.0~-1.0_1.0,hff19_3_long-duration_electrical_50.0~-1.0_1.0_0,M,FA,19.745486271016695,253.5,1.240655378019844e+110,0.24,-1.4271163556401458
1754,hff19,hff19_3,long-duration_electrical_50.0~-1.0_1.0,hff19_3_long-duration_electrical_50.0~-1.0_1.0_0,M,FA,19.745486271016695,254.5,3.37245096945133e+110,0.26,-1.3470736479666092
1755,hff19,hff19_3,long-duration_electrical_50.0~-1.0_1.0,hff19_3_long-duration_electrical_50.0~-1.0_1.0_0,M,FA,19.745486271016695,255.5,9.16727218762864e+110,0.24,-1.4271163556401458
1756,hff19,hff19_3,long-duration_electrical_50.0~-1.0_1.0,hff19_3_long-duration_electrical_50.0~-1.0_1.0_0,M,FA,19.745486271016695,256.5,2.491922940416893e+111,0.3,-1.2039728043259361
1757,hff19,hff19_3,long-duration_electrical_50.0~-1.0_1.0,hff19_3_long-duration_electrical_50.0~-1.0_1.0_0,M,FA,19.745486271016695,257.5,6.773748846855472e+111,0.18,-1.7147984280919266
1758,hff19,hff19_3,long-duration_electrical_50.0~-1.0_1.0,hff19_3_long-duration_electrical_50.0~-1.0_1.0_0,M,FA,19.745486271016695,258.5,1.8412958400952643e+112,0.24,-1.4271163556401458
1759,hff19,hff19_3,long-duration_electrical_50.0~-1.0_1.0,hff19_3_long-duration_electrical_50.0~-1.0_1.0_0,M,FA,19.745486271016695,259.5,5.005161022948189e+112,0.24,-1.4271163556401458
1760,hff19,hff19_3,long-duration_electrical_50.0~-1.0_1.0,hff19_3_long-duration_electrical_50.0~-1.0_1.0_0,M,FA,19.745486271016695,260.5,1.3605438257191548e+113,0.28,-1.2729656758128873
1761,hff19,hff19_3,long-duration_electrical_50.0~-1.0_1.0,hff19_3_long-duration_electrical_50.0~-1.0_1.0_0,M,FA,19.745486271016695,261.5,3.698341558274529e+113,0.18,-1.7147984280919266
1762,hff19,hff19_3,long-duration_electrical_50.0~-1.0_1.0,hff19_3_long-duration_electrical_50.0~-1.0_1.0_0,M,FA,19.745486271016695,262.5,1.005313465329256e+114,0.24,-1.4271163556401458
1763,hff19,hff19_3,long-duration_electrical_50.0~-1.0_1.0,hff19_3_long-duration_electrical_50.0~-1.0_1.0_0,M,FA,19.745486271016695,263.5,2.732725324709709e+114,0.22,-1.5141277326297755
1764,hff19,hff19_3,long-duration_electrical_50.0~-1.0_1.0,hff19_3_long-duration_electrical_50.0~-1.0_1.0_0,M,FA,19.745486271016695,264.5,7.428317592328247e+114,0.26,-1.3470736479666092
1765,hff19,hff19_3,long-duration_electrical_50.0~-1.0_1.0,hff19_3_long-duration_electrical_50.0~-1.0_1.0_0,M,FA,19.745486271016695,265.5,2.0192260727248517e+115,0.22,-1.5141277326297755
1766,hff19,hff19_3,long-duration_electrical_50.0~-1.0_1.0,hff19_3_long-duration_electrical_50.0~-1.0_1.0_0,M,FA,19.745486271016695,266.5,5.4888255410386875e+115,0.2,-1.6094379124341003
1767,hff19,hff19_3,long-duration_electrical_50.0~-1.0_1.0,hff19_3_long-duration_electrical_50.0~-1.0_1.0_0,M,FA,19.745486271016695,267.5,1.4920174727787351e+116,0.24,-1.4271163556401458
1768,hff19,hff19_3,long-duration_electrical_50.0~-1.0_1.0,hff19_3_long-duration_electrical_50.0~-1.0_1.0_0,M,FA,19.745486271016695,268.5,4.055723983997824e+116,0.26,-1.3470736479666092
1769,hff19,hff19_3,long-duration_electrical_50.0~-1.0_1.0,hff19_3_long-duration_electrical_50.0~-1.0_1.0_0,M,FA,19.745486271016695,269.5,1.1024600806946808e+117,0.16,-1.8325814637483102
1770,hff19,hff19_3,long-duration_electrical_50.0~-1.0_1.0,hff19_3_long-duration_electrical_50.0~-1.0_1.0_0,M,FA,19.745486271016695,270.5,2.9967972039538434e+117,0.24,-1.4271163556401458
1771,hff19,hff19_3,long-duration_electrical_50.0~-1.0_1.0,hff19_3_long-duration_electrical_50.0~-1.0_1.0_0,M,FA,19.745486271016695,271.5,8.146139383084608e+117,0.22,-1.5141277326297755
1772,hff19,hff19_3,long-duration_electrical_50.0~-1.0_1.0,hff19_3_long-duration_electrical_50.0~-1.0_1.0_0,M,FA,19.745486271016695,272.5,2.214350265713347e+118,0.22,-1.5141277326297755
1773,hff19,hff19_3,long-duration_electrical_50.0~-1.0_1.0,hff19_3_long-duration_electrical_50.0~-1.0_1.0_0,M,FA,19.745486271016695,273.5,6.019228089132049e+118,0.26,-1.3470736479666092
1774,hff19,hff19_3,long-duration_electrical_50.0~-1.0_1.0,hff19_3_long-duration_electrical_50.0~-1.0_1.0_0,M,FA,19.745486271016695,274.5,1.636195833603791e+119,0.22,-1.5141277326297755
1775,hff19,hff19_3,long-duration_electrical_50.0~-1.0_1.0,hff19_3_long-duration_electrical_50.0~-1.0_1.0_0,M,FA,19.745486271016695,275.5,4.447641402285585e+119,0.22,-1.5141277326297755
1776,hff19,hff19_3,long-duration_electrical_50.0~-1.0_1.0,hff19_3_long-duration_electrical_50.0~-1.0_1.0_0,M,FA,19.745486271016695,276.5,1.2089942803335012e+120,0.26,-1.3470736479666092
1777,hff19,hff19_3,long-duration_electrical_50.0~-1.0_1.0,hff19_3_long-duration_electrical_50.0~-1.0_1.0_0,M,FA,19.745486271016695,277.5,3.286387182941477e+120,0.16,-1.8325814637483102
1778,hff19,hff19_3,long-duration_electrical_50.0~-1.0_1.0,hff19_3_long-duration_electrical_50.0~-1.0_1.0_0,M,FA,19.745486271016695,278.5,8.933326560670529e+120,0.26,-1.3470736479666092
1779,hff19,hff19_3,long-duration_electrical_50.0~-1.0_1.0,hff19_3_long-duration_electrical_50.0~-1.0_1.0_0,M,FA,19.745486271016695,279.5,2.428329925756124e+121,0.28,-1.2729656758128873
1780,hff19,hff19_3,long-duration_electrical_50.0~-1.0_1.0,hff19_3_long-duration_electrical_50.0~-1.0_1.0_0,M,FA,19.745486271016695,280.5,6.600885110686175e+121,0.24,-1.4271163556401458
1781,hff19,hff19_3,long-duration_electrical_50.0~-1.0_1.0,hff19_3_long-duration_electrical_50.0~-1.0_1.0_0,M,FA,19.745486271016695,281.5,1.79430660481241e+122,0.26,-1.3470736479666092
1782,hff19,hff19_3,long-duration_electrical_50.0~-1.0_1.0,hff19_3_long-duration_electrical_50.0~-1.0_1.0_0,M,FA,19.745486271016695,282.5,4.877431038545619e+122,0.2,-1.6094379124341003
1783,hff19,hff19_3,long-duration_electrical_50.0~-1.0_1.0,hff19_3_long-duration_electrical_50.0~-1.0_1.0_0,M,FA,19.745486271016695,283.5,1.3258232161640687e+123,0.2,-1.6094379124341003
1784,hff19,hff19_3,long-duration_electrical_50.0~-1.0_1.0,hff19_3_long-duration_electrical_50.0~-1.0_1.0_0,M,FA,19.745486271016695,284.5,3.603961156247916e+123,0.28,-1.2729656758128873
1785,hff19,hff19_3,long-duration_electrical_50.0~-1.0_1.0,hff19_3_long-duration_electrical_50.0~-1.0_1.0_0,M,FA,19.745486271016695,285.5,9.796582121500962e+123,0.16,-1.8325814637483102
1786,hff19,hff19_3,long-duration_electrical_50.0~-1.0_1.0,hff19_3_long-duration_electrical_50.0~-1.0_1.0_0,M,FA,19.745486271016695,286.5,2.6629871161882825e+124,0.2,-1.6094379124341003
1787,hff19,hff19_3,long-duration_electrical_50.0~-1.0_1.0,hff19_3_long-duration_electrical_50.0~-1.0_1.0_0,M,FA,19.745486271016695,287.5,7.238749487355165e+124,0.24,-1.4271163556401458
1788,hff19,hff19_3,long-duration_electrical_50.0~-1.0_1.0,hff19_3_long-duration_electrical_50.0~-1.0_1.0_0,M,FA,19.745486271016695,288.5,1.9676961192244775e+125,0.24,-1.4271163556401458
1789,hff19,hff19_3,long-duration_electrical_50.0~-1.0_1.0,hff19_3_long-duration_electrical_50.0~-1.0_1.0_0,M,FA,19.745486271016695,289.5,5.3487526048172796e+125,0.28,-1.2729656758128873
1790,hff19,hff19_3,long-duration_electrical_50.0~-1.0_1.0,hff19_3_long-duration_electrical_50.0~-1.0_1.0_0,M,FA,19.745486271016695,290.5,1.4539417010597797e+126,0.22,-1.5141277326297755
1791,hff19,hff19_3,long-duration_electrical_50.0~-1.0_1.0,hff19_3_long-duration_electrical_50.0~-1.0_1.0_0,M,FA,19.745486271016695,291.5,3.952223305629632e+126,0.2,-1.6094379124341003
1792,hff19,hff19_3,long-duration_electrical_50.0~-1.0_1.0,hff19_3_long-duration_electrical_50.0~-1.0_1.0_0,M,FA,19.745486271016695,292.5,1.0743256793705369e+127,0.26,-1.3470736479666092
1793,hff19,hff19_3,long-duration_electrical_50.0~-1.0_1.0,hff19_3_long-duration_electrical_50.0~-1.0_1.0_0,M,FA,19.745486271016695,293.5,2.920319972079849e+127,0.16,-1.8325814637483102
1794,hff19,hff19_3,long-duration_electrical_50.0~-1.0_1.0,hff19_3_long-duration_electrical_50.0~-1.0_1.0_0,M,FA,19.745486271016695,294.5,7.93825271339068e+127,0.24,-1.4271163556401458
1795,hff19,hff19_3,long-duration_electrical_50.0~-1.0_1.0,hff19_3_long-duration_electrical_50.0~-1.0_1.0_0,M,FA,19.745486271016695,295.5,2.1578408100525594e+128,0.2,-1.6094379124341003
1796,hff19,hff19_3,long-duration_electrical_50.0~-1.0_1.0,hff19_3_long-duration_electrical_50.0~-1.0_1.0_0,M,FA,19.745486271016695,296.5,5.865619462673218e+128,0.26,-1.3470736479666092
1797,hff19,hff19_3,long-duration_electrical_50.0~-1.0_1.0,hff19_3_long-duration_electrical_50.0~-1.0_1.0_0,M,FA,19.745486271016695,297.5,1.594440679804032e+129,0.22,-1.5141277326297755
1798,hff19,hff19_3,long-duration_electrical_50.0~-1.0_1.0,hff19_3_long-duration_electrical_50.0~-1.0_1.0_0,M,FA,19.745486271016695,298.5,4.334139126467187e+129,0.26,-1.3470736479666092
1799,hff19,hff19_3,long-duration_electrical_50.0~-1.0_1.0,hff19_3_long-duration_electrical_50.0~-1.0_1.0_0,M,FA,19.745486271016695,299.5,1.1781411629489113e+130,0.26,-1.3470736479666092
1800,hff11,hff11_2,long-duration_electrical_50.0~-1.0_1.0,hff11_2_long-duration_electrical_50.0~-1.0_1.0_0,F,FA,22.135128780021784,0.5,1.6487212707001282,0.58,-0.5447271754416722
1801,hff11,hff11_2,long-duration_electrical_50.0~-1.0_1.0,hff11_2_long-duration_electrical_50.0~-1.0_1.0_0,F,FA,22.135128780021784,1.5,4.4816890703380645,0.44,-0.8209805520698302
1802,hff11,hff11_2,long-duration_electrical_50.0~-1.0_1.0,hff11_2_long-duration_electrical_50.0~-1.0_1.0_0,F,FA,22.135128780021784,2.5,12.182493960703473,0.42,-0.8675005677047231
1803,hff11,hff11_2,long-duration_electrical_50.0~-1.0_1.0,hff11_2_long-duration_electrical_50.0~-1.0_1.0_0,F,FA,22.135128780021784,3.5,33.11545195869231,0.46,-0.7765287894989963
1804,hff11,hff11_2,long-duration_electrical_50.0~-1.0_1.0,hff11_2_long-duration_electrical_50.0~-1.0_1.0_0,F,FA,22.135128780021784,4.5,90.01713130052181,0.42,-0.8675005677047231
1805,hff11,hff11_2,long-duration_electrical_50.0~-1.0_1.0,hff11_2_long-duration_electrical_50.0~-1.0_1.0_0,F,FA,22.135128780021784,5.5,244.69193226422038,0.42,-0.8675005677047231
1806,hff11,hff11_2,long-duration_electrical_50.0~-1.0_1.0,hff11_2_long-duration_electrical_50.0~-1.0_1.0_0,F,FA,22.135128780021784,6.5,665.1416330443618,0.44,-0.8209805520698302
1807,hff11,hff11_2,long-duration_electrical_50.0~-1.0_1.0,hff11_2_long-duration_electrical_50.0~-1.0_1.0_0,F,FA,22.135128780021784,7.5,1808.0424144560632,0.4,-0.916290731874155
1808,hff11,hff11_2,long-duration_electrical_50.0~-1.0_1.0,hff11_2_long-duration_electrical_50.0~-1.0_1.0_0,F,FA,22.135128780021784,8.5,4914.768840299134,0.38,-0.9675840262617056
1809,hff11,hff11_2,long-duration_electrical_50.0~-1.0_1.0,hff11_2_long-duration_electrical_50.0~-1.0_1.0_0,F,FA,22.135128780021784,9.5,13359.726829661873,0.38,-0.9675840262617056
1810,hff11,hff11_2,long-duration_electrical_50.0~-1.0_1.0,hff11_2_long-duration_electrical_50.0~-1.0_1.0_0,F,FA,22.135128780021784,10.5,36315.502674246636,0.3,-1.2039728043259361
1811,hff11,hff11_2,long-duration_electrical_50.0~-1.0_1.0,hff11_2_long-duration_electrical_50.0~-1.0_1.0_0,F,FA,22.135128780021784,11.5,98715.7710107605,0.34,-1.0788096613719298
1812,hff11,hff11_2,long-duration_electrical_50.0~-1.0_1.0,hff11_2_long-duration_electrical_50.0~-1.0_1.0_0,F,FA,22.135128780021784,12.5,268337.2865208745,0.36,-1.0216512475319814
1813,hff11,hff11_2,long-duration_electrical_50.0~-1.0_1.0,hff11_2_long-duration_electrical_50.0~-1.0_1.0_0,F,FA,22.135128780021784,13.5,729416.3698477013,0.42,-0.8675005677047231
1814,hff11,hff11_2,long-duration_electrical_50.0~-1.0_1.0,hff11_2_long-duration_electrical_50.0~-1.0_1.0_0,F,FA,22.135128780021784,14.5,1982759.2635375687,0.42,-0.8675005677047231
1815,hff11,hff11_2,long-duration_electrical_50.0~-1.0_1.0,hff11_2_long-duration_electrical_50.0~-1.0_1.0_0,F,FA,22.135128780021784,15.5,5389698.476283012,0.36,-1.0216512475319814
1816,hff11,hff11_2,long-duration_electrical_50.0~-1.0_1.0,hff11_2_long-duration_electrical_50.0~-1.0_1.0_0,F,FA,22.135128780021784,16.5,14650719.428953517,0.38,-0.9675840262617056
1817,hff11,hff11_2,long-duration_electrical_50.0~-1.0_1.0,hff11_2_long-duration_electrical_50.0~-1.0_1.0_0,F,FA,22.135128780021784,17.5,39824784.39757623,0.38,-0.9675840262617056
1818,hff11,hff11_2,long-duration_electrical_50.0~-1.0_1.0,hff11_2_long-duration_electrical_50.0~-1.0_1.0_0,F,FA,22.135128780021784,18.5,108254987.75023076,0.34,-1.0788096613719298
1819,hff11,hff11_2,long-duration_electrical_50.0~-1.0_1.0,hff11_2_long-duration_electrical_50.0~-1.0_1.0_0,F,FA,22.135128780021784,19.5,294267566.0415088,0.32,-1.1394342831883648
1820,hff11,hff11_2,long-duration_electrical_50.0~-1.0_1.0,hff11_2_long-duration_electrical_50.0~-1.0_1.0_0,F,FA,22.135128780021784,20.5,799902177.4755054,0.32,-1.1394342831883648
1821,hff11,hff11_2,long-duration_electrical_50.0~-1.0_1.0,hff11_2_long-duration_electrical_50.0~-1.0_1.0_0,F,FA,22.135128780021784,21.5,2174359553.5764885,0.28,-1.2729656758128873
1822,hff11,hff11_2,long-duration_electrical_50.0~-1.0_1.0,hff11_2_long-duration_electrical_50.0~-1.0_1.0_0,F,FA,22.135128780021784,22.5,5910522063.023291,0.3,-1.2039728043259361
1823,hff11,hff11_2,long-duration_electrical_50.0~-1.0_1.0,hff11_2_long-duration_electrical_50.0~-1.0_1.0_0,F,FA,22.135128780021784,23.5,16066464720.622478,0.3,-1.2039728043259361
1824,hff11,hff11_2,long-duration_electrical_50.0~-1.0_1.0,hff11_2_long-duration_electrical_50.0~-1.0_1.0_0,F,FA,22.135128780021784,24.5,43673179097.646416,0.36,-1.0216512475319814
1825,hff11,hff11_2,long-duration_electrical_50.0~-1.0_1.0,hff11_2_long-duration_electrical_50.0~-1.0_1.0_0,F,FA,22.135128780021784,25.5,118716009132.16965,0.32,-1.1394342831883648
1826,hff11,hff11_2,long-duration_electrical_50.0~-1.0_1.0,hff11_2_long-duration_electrical_50.0~-1.0_1.0_0,F,FA,22.135128780021784,26.5,322703570371.15485,0.4,-0.916290731874155
1827,hff11,hff11_2,long-duration_electrical_50.0~-1.0_1.0,hff11_2_long-duration_electrical_50.0~-1.0_1.0_0,F,FA,22.135128780021784,27.5,877199251318.7649,0.28,-1.2729656758128873
1828,hff11,hff11_2,long-duration_electrical_50.0~-1.0_1.0,hff11_2_long-duration_electrical_50.0~-1.0_1.0_0,F,FA,22.135128780021784,28.5,2384474784797.6777,0.38,-0.9675840262617056
1829,hff11,hff11_2,long-duration_electrical_50.0~-1.0_1.0,hff11_2_long-duration_electrical_50.0~-1.0_1.0_0,F,FA,22.135128780021784,29.5,6481674477934.32,0.28,-1.2729656758128873
1830,hff11,hff11_2,long-duration_electrical_50.0~-1.0_1.0,hff11_2_long-duration_electrical_50.0~-1.0_1.0_0,F,FA,22.135128780021784,30.5,17619017951355.633,0.36,-1.0216512475319814
1831,hff11,hff11_2,long-duration_electrical_50.0~-1.0_1.0,hff11_2_long-duration_electrical_50.0~-1.0_1.0_0,F,FA,22.135128780021784,31.5,47893456332463.73,0.28,-1.2729656758128873
1832,hff11,hff11_2,long-duration_electrical_50.0~-1.0_1.0,hff11_2_long-duration_electrical_50.0~-1.0_1.0_0,F,FA,22.135128780021784,32.5,130187912050632.94,0.3,-1.2039728043259361
1833,hff11,hff11_2,long-duration_electrical_50.0~-1.0_1.0,hff11_2_long-duration_electrical_50.0~-1.0_1.0_0,F,FA,22.135128780021784,33.5,353887435612259.9,0.3,-1.2039728043259361
1834,hff11,hff11_2,long-duration_electrical_50.0~-1.0_1.0,hff11_2_long-duration_electrical_50.0~-1.0_1.0_0,F,FA,22.135128780021784,34.5,961965785544776.4,0.32,-1.1394342831883648
1835,hff11,hff11_2,long-duration_electrical_50.0~-1.0_1.0,hff11_2_long-duration_electrical_50.0~-1.0_1.0_0,F,FA,22.135128780021784,35.5,2614894114445696.5,0.28,-1.2729656758128873
1836,hff11,hff11_2,long-duration_electrical_50.0~-1.0_1.0,hff11_2_long-duration_electrical_50.0~-1.0_1.0_0,F,FA,22.135128780021784,36.5,7108019154642244.0,0.3,-1.2039728043259361
1837,hff11,hff11_2,long-duration_electrical_50.0~-1.0_1.0,hff11_2_long-duration_electrical_50.0~-1.0_1.0_0,F,FA,22.135128780021784,37.5,1.9321599304402836e+16,0.38,-0.9675840262617056
1838,hff11,hff11_2,long-duration_electrical_50.0~-1.0_1.0,hff11_2_long-duration_electrical_50.0~-1.0_1.0_0,F,FA,22.135128780021784,38.5,5.252155228592516e+16,0.36,-1.0216512475319814
1839,hff11,hff11_2,long-duration_electrical_50.0~-1.0_1.0,hff11_2_long-duration_electrical_50.0~-1.0_1.0_0,F,FA,22.135128780021784,39.5,1.4276838118129198e+17,0.32,-1.1394342831883648
1840,hff11,hff11_2,long-duration_electrical_50.0~-1.0_1.0,hff11_2_long-duration_electrical_50.0~-1.0_1.0_0,F,FA,22.135128780021784,40.5,3.8808469624362035e+17,0.36,-1.0216512475319814
1841,hff11,hff11_2,long-duration_electrical_50.0~-1.0_1.0,hff11_2_long-duration_electrical_50.0~-1.0_1.0_0,F,FA,22.135128780021784,41.5,1.0549235777020814e+18,0.34,-1.0788096613719298
1842,hff11,hff11_2,long-duration_electrical_50.0~-1.0_1.0,hff11_2_long-duration_electrical_50.0~-1.0_1.0_0,F,FA,22.135128780021784,42.5,2.8675795916805714e+18,0.34,-1.0788096613719298
1843,hff11,hff11_2,long-duration_electrical_50.0~-1.0_1.0,hff11_2_long-duration_electrical_50.0~-1.0_1.0_0,F,FA,22.135128780021784,43.5,7.794889495725307e+18,0.34,-1.0788096613719298
1844,hff11,hff11_2,long-duration_electrical_50.0~-1.0_1.0,hff11_2_long-duration_electrical_50.0~-1.0_1.0_0,F,FA,22.135128780021784,44.5,2.118870647107639e+19,0.28,-1.2729656758128873
1845,hff11,hff11_2,long-duration_electrical_50.0~-1.0_1.0,hff11_2_long-duration_electrical_50.0~-1.0_1.0_0,F,FA,22.135128780021784,45.5,5.759687576887954e+19,0.32,-1.1394342831883648
1846,hff11,hff11_2,long-duration_electrical_50.0~-1.0_1.0,hff11_2_long-duration_electrical_50.0~-1.0_1.0_0,F,FA,22.135128780021784,46.5,1.5656454077855836e+20,0.34,-1.0788096613719298
1847,hff11,hff11_2,long-duration_electrical_50.0~-1.0_1.0,hff11_2_long-duration_electrical_50.0~-1.0_1.0_0,F,FA,22.135128780021784,47.5,4.255865461793903e+20,0.32,-1.1394342831883648
1848,hff11,hff11_2,long-duration_electrical_50.0~-1.0_1.0,hff11_2_long-duration_electrical_50.0~-1.0_1.0_0,F,FA,22.135128780021784,48.5,1.156864174916083e+21,0.34,-1.0788096613719298
1849,hff11,hff11_2,long-duration_electrical_50.0~-1.0_1.0,hff11_2_long-duration_electrical_50.0~-1.0_1.0_0,F,FA,22.135128780021784,49.5,3.144682864669655e+21,0.34,-1.0788096613719298
1850,hff11,hff11_2,long-duration_electrical_50.0~-1.0_1.0,hff11_2_long-duration_electrical_50.0~-1.0_1.0_0,F,FA,22.135128780021784,50.5,8.548134287298057e+21,0.36,-1.0216512475319814
1851,hff11,hff11_2,long-duration_electrical_50.0~-1.0_1.0,hff11_2_long-duration_electrical_50.0~-1.0_1.0_0,F,FA,22.135128780021784,51.5,2.3236238100390023e+22,0.36,-1.0216512475319814
1852,hff11,hff11_2,long-duration_electrical_50.0~-1.0_1.0,hff11_2_long-duration_electrical_50.0~-1.0_1.0_0,F,FA,22.135128780021784,52.5,6.316264379003792e+22,0.32,-1.1394342831883648
1853,hff11,hff11_2,long-duration_electrical_50.0~-1.0_1.0,hff11_2_long-duration_electrical_50.0~-1.0_1.0_0,F,FA,22.135128780021784,53.5,1.7169386685189163e+23,0.34,-1.0788096613719298
1854,hff11,hff11_2,long-duration_electrical_50.0~-1.0_1.0,hff11_2_long-duration_electrical_50.0~-1.0_1.0_0,F,FA,22.135128780021784,54.5,4.667123183213639e+23,0.36,-1.0216512475319814
1855,hff11,hff11_2,long-duration_electrical_50.0~-1.0_1.0,hff11_2_long-duration_electrical_50.0~-1.0_1.0_0,F,FA,22.135128780021784,55.5,1.2686556140109568e+24,0.36,-1.0216512475319814
1856,hff11,hff11_2,long-duration_electrical_50.0~-1.0_1.0,hff11_2_long-duration_electrical_50.0~-1.0_1.0_0,F,FA,22.135128780021784,56.5,3.4485635021385364e+24,0.42,-0.8675005677047231
1857,hff11,hff11_2,long-duration_electrical_50.0~-1.0_1.0,hff11_2_long-duration_electrical_50.0~-1.0_1.0_0,F,FA,22.135128780021784,57.5,9.37416750215027e+24,0.4,-0.916290731874155
1858,hff11,hff11_2,long-duration_electrical_50.0~-1.0_1.0,hff11_2_long-duration_electrical_50.0~-1.0_1.0_0,F,FA,22.135128780021784,58.5,2.5481629178026397e+25,0.38,-0.9675840262617056
1859,hff11,hff11_2,long-duration_electrical_50.0~-1.0_1.0,hff11_2_long-duration_electrical_50.0~-1.0_1.0_0,F,FA,22.135128780021784,59.5,6.926624955416095e+25,0.4,-0.916290731874155
1860,hff11,hff11_2,long-duration_electrical_50.0~-1.0_1.0,hff11_2_long-duration_electrical_50.0~-1.0_1.0_0,F,FA,22.135128780021784,60.5,1.8828518748858514e+26,0.36,-1.0216512475319814
1861,hff11,hff11_2,long-duration_electrical_50.0~-1.0_1.0,hff11_2_long-duration_electrical_50.0~-1.0_1.0_0,F,FA,22.135128780021784,61.5,5.118122037182254e+26,0.4,-0.916290731874155
1862,hff11,hff11_2,long-duration_electrical_50.0~-1.0_1.0,hff11_2_long-duration_electrical_50.0~-1.0_1.0_0,F,FA,22.135128780021784,62.5,1.391249812950831e+27,0.36,-1.0216512475319814
1863,hff11,hff11_2,long-duration_electrical_50.0~-1.0_1.0,hff11_2_long-duration_electrical_50.0~-1.0_1.0_0,F,FA,22.135128780021784,63.5,3.7818090853912897e+27,0.38,-0.9675840262617056
1864,hff11,hff11_2,long-duration_electrical_50.0~-1.0_1.0,hff11_2_long-duration_electrical_50.0~-1.0_1.0_0,F,FA,22.135128780021784,64.5,1.0280022915520465e+28,0.36,-1.0216512475319814
1865,hff11,hff11_2,long-duration_electrical_50.0~-1.0_1.0,hff11_2_long-duration_electrical_50.0~-1.0_1.0_0,F,FA,22.135128780021784,65.5,2.7943999487401853e+28,0.42,-0.8675005677047231
1866,hff11,hff11_2,long-duration_electrical_50.0~-1.0_1.0,hff11_2_long-duration_electrical_50.0~-1.0_1.0_0,F,FA,22.135128780021784,66.5,7.595966602107334e+28,0.32,-1.1394342831883648
1867,hff11,hff11_2,long-duration_electrical_50.0~-1.0_1.0,hff11_2_long-duration_electrical_50.0~-1.0_1.0_0,F,FA,22.135128780021784,67.5,2.0647977984090163e+29,0.38,-0.9675840262617056
1868,hff11,hff11_2,long-duration_electrical_50.0~-1.0_1.0,hff11_2_long-duration_electrical_50.0~-1.0_1.0_0,F,FA,22.135128780021784,68.5,5.612702334857472e+29,0.36,-1.0216512475319814
1869,hff11,hff11_2,long-duration_electrical_50.0~-1.0_1.0,hff11_2_long-duration_electrical_50.0~-1.0_1.0_0,F,FA,22.135128780021784,69.5,1.5256906765392722e+30,0.38,-0.9675840262617056
1870,hff11,hff11_2,long-duration_electrical_50.0~-1.0_1.0,hff11_2_long-duration_electrical_50.0~-1.0_1.0_0,F,FA,22.135128780021784,70.5,4.1472572418860906e+30,0.44,-0.8209805520698302
1871,hff11,hff11_2,long-duration_electrical_50.0~-1.0_1.0,hff11_2_long-duration_electrical_50.0~-1.0_1.0_0,F,FA,22.135128780021784,71.5,1.1273413998564138e+31,0.42,-0.8675005677047231
1872,hff11,hff11_2,long-duration_electrical_50.0~-1.0_1.0,hff11_2_long-duration_electrical_50.0~-1.0_1.0_0,F,FA,22.135128780021784,72.5,3.0644316416992722e+31,0.44,-0.8209805520698302
1873,hff11,hff11_2,long-duration_electrical_50.0~-1.0_1.0,hff11_2_long-duration_electrical_50.0~-1.0_1.0_0,F,FA,22.135128780021784,73.5,8.329988846186052e+31,0.42,-0.8675005677047231
1874,hff11,hff11_2,long-duration_electrical_50.0~-1.0_1.0,hff11_2_long-duration_electrical_50.0~-1.0_1.0_0,F,FA,22.135128780021784,74.5,2.2643257311854073e+32,0.4,-0.916290731874155
1875,hff11,hff11_2,long-duration_electrical_50.0~-1.0_1.0,hff11_2_long-duration_electrical_50.0~-1.0_1.0_0,F,FA,22.135128780021784,75.5,6.155075488793534e+32,0.4,-0.916290731874155
1876,hff11,hff11_2,long-duration_electrical_50.0~-1.0_1.0,hff11_2_long-duration_electrical_50.0~-1.0_1.0_0,F,FA,22.135128780021784,76.5,1.6731229853981137e+33,0.44,-0.8209805520698302
1877,hff11,hff11_2,long-duration_electrical_50.0~-1.0_1.0,hff11_2_long-duration_electrical_50.0~-1.0_1.0_0,F,FA,22.135128780021784,77.5,4.5480198079848415e+33,0.34,-1.0788096613719298
1878,hff11,hff11_2,long-duration_electrical_50.0~-1.0_1.0,hff11_2_long-duration_electrical_50.0~-1.0_1.0_0,F,FA,22.135128780021784,78.5,1.236279959951699e+34,0.46,-0.7765287894989963
1879,hff11,hff11_2,long-duration_electrical_50.0~-1.0_1.0,hff11_2_long-duration_electrical_50.0~-1.0_1.0_0,F,FA,22.135128780021784,79.5,3.36055735002478e+34,0.42,-0.8675005677047231
1880,hff11,hff11_2,long-duration_electrical_50.0~-1.0_1.0,hff11_2_long-duration_electrical_50.0~-1.0_1.0_0,F,FA,22.135128780021784,80.5,9.134941978066843e+34,0.42,-0.8675005677047231
1881,hff11,hff11_2,long-duration_electrical_50.0~-1.0_1.0,hff11_2_long-duration_electrical_50.0~-1.0_1.0_0,F,FA,22.135128780021784,81.5,2.4831346783006824e+35,0.38,-0.9675840262617056
1882,hff11,hff11_2,long-duration_electrical_50.0~-1.0_1.0,hff11_2_long-duration_electrical_50.0~-1.0_1.0_0,F,FA,22.135128780021784,82.5,6.749859873641241e+35,0.42,-0.8675005677047231
1883,hff11,hff11_2,long-duration_electrical_50.0~-1.0_1.0,hff11_2_long-duration_electrical_50.0~-1.0_1.0_0,F,FA,22.135128780021784,83.5,1.8348021439163853e+36,0.42,-0.8675005677047231
1884,hff11,hff11_2,long-duration_electrical_50.0~-1.0_1.0,hff11_2_long-duration_electrical_50.0~-1.0_1.0_0,F,FA,22.135128780021784,84.5,4.9875093266256084e+36,0.32,-1.1394342831883648
1885,hff11,hff11_2,long-duration_electrical_50.0~-1.0_1.0,hff11_2_long-duration_electrical_50.0~-1.0_1.0_0,F,FA,22.135128780021784,85.5,1.35574559718364e+37,0.42,-0.8675005677047231
1886,hff11,hff11_2,long-duration_electrical_50.0~-1.0_1.0,hff11_2_long-duration_electrical_50.0~-1.0_1.0_0,F,FA,22.135128780021784,86.5,3.685298620837645e+37,0.4,-0.916290731874155
1887,hff11,hff11_2,long-duration_electrical_50.0~-1.0_1.0,hff11_2_long-duration_electrical_50.0~-1.0_1.0_0,F,FA,22.135128780021784,87.5,1.0017680273468151e+38,0.32,-1.1394342831883648
1888,hff11,hff11_2,long-duration_electrical_50.0~-1.0_1.0,hff11_2_long-duration_electrical_50.0~-1.0_1.0_0,F,FA,22.135128780021784,88.5,2.7230878250681117e+38,0.46,-0.7765287894989963
1889,hff11,hff11_2,long-duration_electrical_50.0~-1.0_1.0,hff11_2_long-duration_electrical_50.0~-1.0_1.0_0,F,FA,22.135128780021784,89.5,7.402120152180711e+38,0.4,-0.916290731874155
1890,hff11,hff11_2,long-duration_electrical_50.0~-1.0_1.0,hff11_2_long-duration_electrical_50.0~-1.0_1.0_0,F,FA,22.135128780021784,90.5,2.012104870174333e+39,0.38,-0.9675840262617056
1891,hff11,hff11_2,long-duration_electrical_50.0~-1.0_1.0,hff11_2_long-duration_electrical_50.0~-1.0_1.0_0,F,FA,22.135128780021784,91.5,5.469468105548836e+39,0.4,-0.916290731874155
1892,hff11,hff11_2,long-duration_electrical_50.0~-1.0_1.0,hff11_2_long-duration_electrical_50.0~-1.0_1.0_0,F,FA,22.135128780021784,92.5,1.486755576264972e+40,0.42,-0.8675005677047231
1893,hff11,hff11_2,long-duration_electrical_50.0~-1.0_1.0,hff11_2_long-duration_electrical_50.0~-1.0_1.0_0,F,FA,22.135128780021784,93.5,4.041420666321229e+40,0.36,-1.0216512475319814
1894,hff11,hff11_2,long-duration_electrical_50.0~-1.0_1.0,hff11_2_long-duration_electrical_50.0~-1.0_1.0_0,F,FA,22.135128780021784,94.5,1.0985720358419844e+41,0.44,-0.8209805520698302
1895,hff11,hff11_2,long-duration_electrical_50.0~-1.0_1.0,hff11_2_long-duration_electrical_50.0~-1.0_1.0_0,F,FA,22.135128780021784,95.5,2.9862284022825254e+41,0.38,-0.9675840262617056
1896,hff11,hff11_2,long-duration_electrical_50.0~-1.0_1.0,hff11_2_long-duration_electrical_50.0~-1.0_1.0_0,F,FA,22.135128780021784,96.5,8.117410401552875e+41,0.4,-0.916290731874155
1897,hff11,hff11_2,long-duration_electrical_50.0~-1.0_1.0,hff11_2_long-duration_electrical_50.0~-1.0_1.0_0,F,FA,22.135128780021784,97.5,2.2065409188685626e+42,0.36,-1.0216512475319814
1898,hff11,hff11_2,long-duration_electrical_50.0~-1.0_1.0,hff11_2_long-duration_electrical_50.0~-1.0_1.0_0,F,FA,22.135128780021784,98.5,5.998000083511737e+42,0.38,-0.9675840262617056
1899,hff11,hff11_2,long-duration_electrical_50.0~-1.0_1.0,hff11_2_long-duration_electrical_50.0~-1.0_1.0_0,F,FA,22.135128780021784,99.5,1.6304254634105793e+43,0.4,-0.916290731874155
1900,hff11,hff11_2,long-duration_electrical_50.0~-1.0_1.0,hff11_2_long-duration_electrical_50.0~-1.0_1.0_0,F,FA,22.135128780021784,100.5,4.4319559098458955e+43,0.32,-1.1394342831883648
1901,hff11,hff11_2,long-duration_electrical_50.0~-1.0_1.0,hff11_2_long-duration_electrical_50.0~-1.0_1.0_0,F,FA,22.135128780021784,101.5,1.2047305214265772e+44,0.38,-0.9675840262617056
1902,hff11,hff11_2,long-duration_electrical_50.0~-1.0_1.0,hff11_2_long-duration_electrical_50.0~-1.0_1.0_0,F,FA,22.135128780021784,102.5,3.274797084583855e+44,0.42,-0.8675005677047231
1903,hff11,hff11_2,long-duration_electrical_50.0~-1.0_1.0,hff11_2_long-duration_electrical_50.0~-1.0_1.0_0,F,FA,22.135128780021784,103.5,8.901821406914952e+44,0.4,-0.916290731874155
1904,hff11,hff11_2,long-duration_electrical_50.0~-1.0_1.0,hff11_2_long-duration_electrical_50.0~-1.0_1.0_0,F,FA,22.135128780021784,104.5,2.419765937060465e+45,0.38,-0.9675840262617056
1905,hff11,hff11_2,long-duration_electrical_50.0~-1.0_1.0,hff11_2_long-duration_electrical_50.0~-1.0_1.0_0,F,FA,22.135128780021784,105.5,6.577605775835635e+45,0.36,-1.0216512475319814
1906,hff11,hff11_2,long-duration_electrical_50.0~-1.0_1.0,hff11_2_long-duration_electrical_50.0~-1.0_1.0_0,F,FA,22.135128780021784,106.5,1.7879786255221268e+46,0.4,-0.916290731874155
1907,hff11,hff11_2,long-duration_electrical_50.0~-1.0_1.0,hff11_2_long-duration_electrical_50.0~-1.0_1.0_0,F,FA,22.135128780021784,107.5,4.860229807429978e+46,0.38,-0.9675840262617056
1908,hff11,hff11_2,long-duration_electrical_50.0~-1.0_1.0,hff11_2_long-duration_electrical_50.0~-1.0_1.0_0,F,FA,22.135128780021784,108.5,1.3211474367671912e+47,0.42,-0.8675005677047231
1909,hff11,hff11_2,long-duration_electrical_50.0~-1.0_1.0,hff11_2_long-duration_electrical_50.0~-1.0_1.0_0,F,FA,22.135128780021784,109.5,3.591251070079501e+47,0.38,-0.9675840262617056
1910,hff11,hff11_2,long-duration_electrical_50.0~-1.0_1.0,hff11_2_long-duration_electrical_50.0~-1.0_1.0_0,F,FA,22.135128780021784,110.5,9.76203252523121e+47,0.42,-0.8675005677047231
1911,hff11,hff11_2,long-duration_electrical_50.0~-1.0_1.0,hff11_2_long-duration_electrical_50.0~-1.0_1.0_0,F,FA,22.135128780021784,111.5,2.6535955622162162e+48,0.44,-0.8209805520698302
1912,hff11,hff11_2,long-duration_electrical_50.0~-1.0_1.0,hff11_2_long-duration_electrical_50.0~-1.0_1.0_0,F,FA,22.135128780021784,112.5,7.213220596851904e+48,0.38,-0.9675840262617056
1913,hff11,hff11_2,long-duration_electrical_50.0~-1.0_1.0,hff11_2_long-duration_electrical_50.0~-1.0_1.0_0,F,FA,22.135128780021784,113.5,1.960756647308904e+49,0.4,-0.916290731874155
1914,hff11,hff11_2,long-duration_electrical_50.0~-1.0_1.0,hff11_2_long-duration_electrical_50.0~-1.0_1.0_0,F,FA,22.135128780021784,114.5,5.329889164410075e+49,0.4,-0.916290731874155
1915,hff11,hff11_2,long-duration_electrical_50.0~-1.0_1.0,hff11_2_long-duration_electrical_50.0~-1.0_1.0_0,F,FA,22.135128780021784,115.5,1.4488140863316671e+50,0.42,-0.8675005677047231
1916,hff11,hff11_2,long-duration_electrical_50.0~-1.0_1.0,hff11_2_long-duration_electrical_50.0~-1.0_1.0_0,F,FA,22.135128780021784,116.5,3.9382850036908655e+50,0.42,-0.8675005677047231
1917,hff11,hff11_2,long-duration_electrical_50.0~-1.0_1.0,hff11_2_long-duration_electrical_50.0~-1.0_1.0_0,F,FA,22.135128780021784,117.5,1.0705368560825642e+51,0.4,-0.916290731874155
1918,hff11,hff11_2,long-duration_electrical_50.0~-1.0_1.0,hff11_2_long-duration_electrical_50.0~-1.0_1.0_0,F,FA,22.135128780021784,118.5,2.9100208825849106e+51,0.36,-1.0216512475319814
1919,hff11,hff11_2,long-duration_electrical_50.0~-1.0_1.0,hff11_2_long-duration_electrical_50.0~-1.0_1.0_0,F,FA,22.135128780021784,119.5,7.910256885566915e+51,0.3,-1.2039728043259361
1920,hff11,hff11_2,long-duration_electrical_50.0~-1.0_1.0,hff11_2_long-duration_electrical_50.0~-1.0_1.0_0,F,FA,22.135128780021784,120.5,2.1502307550479586e+52,0.4,-0.916290731874155
1921,hff11,hff11_2,long-duration_electrical_50.0~-1.0_1.0,hff11_2_long-duration_electrical_50.0~-1.0_1.0_0,F,FA,22.135128780021784,121.5,5.844933188440638e+52,0.4,-0.916290731874155
1922,hff11,hff11_2,long-duration_electrical_50.0~-1.0_1.0,hff11_2_long-duration_electrical_50.0~-1.0_1.0_0,F,FA,22.135128780021784,122.5,1.5888175674695377e+53,0.36,-1.0216512475319814
1923,hff11,hff11_2,long-duration_electrical_50.0~-1.0_1.0,hff11_2_long-duration_electrical_50.0~-1.0_1.0_0,F,FA,22.135128780021784,123.5,4.3188539223889476e+53,0.4,-0.916290731874155
1924,hff11,hff11_2,long-duration_electrical_50.0~-1.0_1.0,hff11_2_long-duration_electrical_50.0~-1.0_1.0_0,F,FA,22.135128780021784,124.5,1.1739862136998947e+54,0.36,-1.0216512475319814
1925,hff11,hff11_2,long-duration_electrical_50.0~-1.0_1.0,hff11_2_long-duration_electrical_50.0~-1.0_1.0_0,F,FA,22.135128780021784,125.5,3.191225391561861e+54,0.36,-1.0216512475319814
1926,hff11,hff11_2,long-duration_electrical_50.0~-1.0_1.0,hff11_2_long-duration_electrical_50.0~-1.0_1.0_0,F,FA,22.135128780021784,126.5,8.674649992399708e+54,0.36,-1.0216512475319814
1927,hff11,hff11_2,long-duration_electrical_50.0~-1.0_1.0,hff11_2_long-duration_electrical_50.0~-1.0_1.0_0,F,FA,22.135128780021784,127.5,2.3580143442582524e+55,0.34,-1.0788096613719298
1928,hff11,hff11_2,long-duration_electrical_50.0~-1.0_1.0,hff11_2_long-duration_electrical_50.0~-1.0_1.0_0,F,FA,22.135128780021784,128.5,6.409747543242979e+55,0.36,-1.0216512475319814
1929,hff11,hff11_2,long-duration_electrical_50.0~-1.0_1.0,hff11_2_long-duration_electrical_50.0~-1.0_1.0_0,F,FA,22.135128780021784,129.5,1.7423500271807397e+56,0.34,-1.0788096613719298
1930,hff11,hff11_2,long-duration_electrical_50.0~-1.0_1.0,hff11_2_long-duration_electrical_50.0~-1.0_1.0_0,F,FA,22.135128780021784,130.5,4.736198417700528e+56,0.38,-0.9675840262617056
1931,hff11,hff11_2,long-duration_electrical_50.0~-1.0_1.0,hff11_2_long-duration_electrical_50.0~-1.0_1.0_0,F,FA,22.135128780021784,131.5,1.287432209481183e+57,0.32,-1.1394342831883648
1932,hff11,hff11_2,long-duration_electrical_50.0~-1.0_1.0,hff11_2_long-duration_electrical_50.0~-1.0_1.0_0,F,FA,22.135128780021784,132.5,3.4996035804055786e+57,0.38,-0.9675840262617056
1933,hff11,hff11_2,long-duration_electrical_50.0~-1.0_1.0,hff11_2_long-duration_electrical_50.0~-1.0_1.0_0,F,FA,22.135128780021784,133.5,9.512908819426697e+57,0.38,-0.9675840262617056
1934,hff11,hff11_2,long-duration_electrical_50.0~-1.0_1.0,hff11_2_long-duration_electrical_50.0~-1.0_1.0_0,F,FA,22.135128780021784,134.5,2.585876717963538e+58,0.42,-0.8675005677047231
1935,hff11,hff11_2,long-duration_electrical_50.0~-1.0_1.0,hff11_2_long-duration_electrical_50.0~-1.0_1.0_0,F,FA,22.135128780021784,135.5,7.029141693075601e+58,0.4,-0.916290731874155
1936,hff11,hff11_2,long-duration_electrical_50.0~-1.0_1.0,hff11_2_long-duration_electrical_50.0~-1.0_1.0_0,F,FA,22.135128780021784,136.5,1.9107188133951252e+59,0.4,-0.916290731874155
1937,hff11,hff11_2,long-duration_electrical_50.0~-1.0_1.0,hff11_2_long-duration_electrical_50.0~-1.0_1.0_0,F,FA,22.135128780021784,137.5,5.193872229746799e+59,0.4,-0.916290731874155
1938,hff11,hff11_2,long-duration_electrical_50.0~-1.0_1.0,hff11_2_long-duration_electrical_50.0~-1.0_1.0_0,F,FA,22.135128780021784,138.5,1.4118408501458785e+60,0.36,-1.0216512475319814
1939,hff11,hff11_2,long-duration_electrical_50.0~-1.0_1.0,hff11_2_long-duration_electrical_50.0~-1.0_1.0_0,F,FA,22.135128780021784,139.5,3.837781327627712e+60,0.38,-0.9675840262617056
1940,hff11,hff11_2,long-duration_electrical_50.0~-1.0_1.0,hff11_2_long-duration_electrical_50.0~-1.0_1.0_0,F,FA,22.135128780021784,140.5,1.0432171244489838e+61,0.4,-0.916290731874155
1941,hff11,hff11_2,long-duration_electrical_50.0~-1.0_1.0,hff11_2_long-duration_electrical_50.0~-1.0_1.0_0,F,FA,22.135128780021784,141.5,2.835758152526971e+61,0.3,-1.2039728043259361
1942,hff11,hff11_2,long-duration_electrical_50.0~-1.0_1.0,hff11_2_long-duration_electrical_50.0~-1.0_1.0_0,F,FA,22.135128780021784,142.5,7.708389855918659e+61,0.38,-0.9675840262617056
1943,hff11,hff11_2,long-duration_electrical_50.0~-1.0_1.0,hff11_2_long-duration_electrical_50.0~-1.0_1.0_0,F,FA,22.135128780021784,143.5,2.095357607202173e+62,0.38,-0.9675840262617056
1944,hff11,hff11_2,long-duration_electrical_50.0~-1.0_1.0,hff11_2_long-duration_electrical_50.0~-1.0_1.0_0,F,FA,22.135128780021784,144.5,5.6957725077810925e+62,0.38,-0.9675840262617056
1945,hff11,hff11_2,long-duration_electrical_50.0~-1.0_1.0,hff11_2_long-duration_electrical_50.0~-1.0_1.0_0,F,FA,22.135128780021784,145.5,1.548271490693795e+63,0.36,-1.0216512475319814
1946,hff11,hff11_2,long-duration_electrical_50.0~-1.0_1.0,hff11_2_long-duration_electrical_50.0~-1.0_1.0_0,F,FA,22.135128780021784,146.5,4.20863825867414e+63,0.4,-0.916290731874155
1947,hff11,hff11_2,long-duration_electrical_50.0~-1.0_1.0,hff11_2_long-duration_electrical_50.0~-1.0_1.0_0,F,FA,22.135128780021784,147.5,1.1440264901111434e+64,0.44,-0.8209805520698302
1948,hff11,hff11_2,long-duration_electrical_50.0~-1.0_1.0,hff11_2_long-duration_electrical_50.0~-1.0_1.0_0,F,FA,22.135128780021784,148.5,3.109786419344903e+64,0.38,-0.9675840262617056
1949,hff11,hff11_2,long-duration_electrical_50.0~-1.0_1.0,hff11_2_long-duration_electrical_50.0~-1.0_1.0_0,F,FA,22.135128780021784,149.5,8.45327591409397e+64,0.44,-0.8209805520698302
1950,hff11,hff11_2,long-duration_electrical_50.0~-1.0_1.0,hff11_2_long-duration_electrical_50.0~-1.0_1.0_0,F,FA,22.135128780021784,150.5,2.297838630823216e+65,0.42,-0.8675005677047231
1951,hff11,hff11_2,long-duration_electrical_50.0~-1.0_1.0,hff11_2_long-duration_electrical_50.0~-1.0_1.0_0,F,FA,22.135128780021784,151.5,6.246172994897961e+65,0.46,-0.7765287894989963
1952,hff11,hff11_2,long-duration_electrical_50.0~-1.0_1.0,hff11_2_long-duration_electrical_50.0~-1.0_1.0_0,F,FA,22.135128780021784,152.5,1.6978858549442743e+66,0.44,-0.8209805520698302
1953,hff11,hff11_2,long-duration_electrical_50.0~-1.0_1.0,hff11_2_long-duration_electrical_50.0~-1.0_1.0_0,F,FA,22.135128780021784,153.5,4.6153322662926706e+66,0.42,-0.8675005677047231
1954,hff11,hff11_2,long-duration_electrical_50.0~-1.0_1.0,hff11_2_long-duration_electrical_50.0~-1.0_1.0_0,F,FA,22.135128780021784,154.5,1.254577383176407e+67,0.42,-0.8675005677047231
1955,hff11,hff11_2,long-duration_electrical_50.0~-1.0_1.0,hff11_2_long-duration_electrical_50.0~-1.0_1.0_0,F,FA,22.135128780021784,155.5,3.4102949030841276e+67,0.44,-0.8209805520698302
1956,hff11,hff11_2,long-duration_electrical_50.0~-1.0_1.0,hff11_2_long-duration_electrical_50.0~-1.0_1.0_0,F,FA,22.135128780021784,156.5,9.270142664740085e+67,0.5,-0.6931471805599453
1957,hff11,hff11_2,long-duration_electrical_50.0~-1.0_1.0,hff11_2_long-duration_electrical_50.0~-1.0_1.0_0,F,FA,22.135128780021784,157.5,2.5198860352785887e+68,0.4,-0.916290731874155
1958,hff11,hff11_2,long-duration_electrical_50.0~-1.0_1.0,hff11_2_long-duration_electrical_50.0~-1.0_1.0_0,F,FA,22.135128780021784,158.5,6.849760419485496e+68,0.42,-0.8675005677047231
1959,hff11,hff11_2,long-duration_electrical_50.0~-1.0_1.0,hff11_2_long-duration_electrical_50.0~-1.0_1.0_0,F,FA,22.135128780021784,159.5,1.861957927758543e+69,0.4,-0.916290731874155
1960,hff11,hff11_2,long-duration_electrical_50.0~-1.0_1.0,hff11_2_long-duration_electrical_50.0~-1.0_1.0_0,F,FA,22.135128780021784,160.5,5.0613264003813075e+69,0.4,-0.916290731874155
1961,hff11,hff11_2,long-duration_electrical_50.0~-1.0_1.0,hff11_2_long-duration_electrical_50.0~-1.0_1.0_0,F,FA,22.135128780021784,161.5,1.3758111582056537e+70,0.46,-0.7765287894989963
1962,hff11,hff11_2,long-duration_electrical_50.0~-1.0_1.0,hff11_2_long-duration_electrical_50.0~-1.0_1.0_0,F,FA,22.135128780021784,162.5,3.7398424707416215e+70,0.36,-1.0216512475319814
1963,hff11,hff11_2,long-duration_electrical_50.0~-1.0_1.0,hff11_2_long-duration_electrical_50.0~-1.0_1.0_0,F,FA,22.135128780021784,163.5,1.0165945829516327e+71,0.46,-0.7765287894989963
1964,hff11,hff11_2,long-duration_electrical_50.0~-1.0_1.0,hff11_2_long-duration_electrical_50.0~-1.0_1.0_0,F,FA,22.135128780021784,164.5,2.763390581747325e+71,0.4,-0.916290731874155
1965,hff11,hff11_2,long-duration_electrical_50.0~-1.0_1.0,hff11_2_long-duration_electrical_50.0~-1.0_1.0_0,F,FA,22.135128780021784,165.5,7.511674403298623e+71,0.42,-0.8675005677047231
1966,hff11,hff11_2,long-duration_electrical_50.0~-1.0_1.0,hff11_2_long-duration_electrical_50.0~-1.0_1.0_0,F,FA,22.135128780021784,166.5,2.0418848031787588e+72,0.48,-0.7339691750802004
1967,hff11,hff11_2,long-duration_electrical_50.0~-1.0_1.0,hff11_2_long-duration_electrical_50.0~-1.0_1.0_0,F,FA,22.135128780021784,167.5,5.550418356287494e+72,0.4,-0.916290731874155
1968,hff11,hff11_2,long-duration_electrical_50.0~-1.0_1.0,hff11_2_long-duration_electrical_50.0~-1.0_1.0_0,F,FA,22.135128780021784,168.5,1.5087601358241818e+73,0.42,-0.8675005677047231
1969,hff11,hff11_2,long-duration_electrical_50.0~-1.0_1.0,hff11_2_long-duration_electrical_50.0~-1.0_1.0_0,F,FA,22.135128780021784,169.5,4.101235260714274e+73,0.46,-0.7765287894989963
1970,hff11,hff11_2,long-duration_electrical_50.0~-1.0_1.0,hff11_2_long-duration_electrical_50.0~-1.0_1.0_0,F,FA,22.135128780021784,170.5,1.1148313283435107e+74,0.46,-0.7765287894989963
1971,hff11,hff11_2,long-duration_electrical_50.0~-1.0_1.0,hff11_2_long-duration_electrical_50.0~-1.0_1.0_0,F,FA,22.135128780021784,171.5,3.030425741633024e+74,0.48,-0.7339691750802004
1972,hff11,hff11_2,long-duration_electrical_50.0~-1.0_1.0,hff11_2_long-duration_electrical_50.0~-1.0_1.0_0,F,FA,22.135128780021784,172.5,8.237551225975576e+74,0.44,-0.8209805520698302
1973,hff11,hff11_2,long-duration_electrical_50.0~-1.0_1.0,hff11_2_long-duration_electrical_50.0~-1.0_1.0_0,F,FA,22.135128780021784,173.5,2.239198580856994e+75,0.46,-0.7765287894989963
1974,hff11,hff11_2,long-duration_electrical_50.0~-1.0_1.0,hff11_2_long-duration_electrical_50.0~-1.0_1.0_0,F,FA,22.135128780021784,174.5,6.0867728126548485e+75,0.46,-0.7765287894989963
1975,hff11,hff11_2,long-duration_electrical_50.0~-1.0_1.0,hff11_2_long-duration_electrical_50.0~-1.0_1.0_0,F,FA,22.135128780021784,175.5,1.6545563930598225e+76,0.42,-0.8675005677047231
1976,hff11,hff11_2,long-duration_electrical_50.0~-1.0_1.0,hff11_2_long-duration_electrical_50.0~-1.0_1.0_0,F,FA,22.135128780021784,176.5,4.4975505774152577e+76,0.48,-0.7339691750802004
1977,hff11,hff11_2,long-duration_electrical_50.0~-1.0_1.0,hff11_2_long-duration_electrical_50.0~-1.0_1.0_0,F,FA,22.135128780021784,177.5,1.222561000716338e+77,0.46,-0.7765287894989963
1978,hff11,hff11_2,long-duration_electrical_50.0~-1.0_1.0,hff11_2_long-duration_electrical_50.0~-1.0_1.0_0,F,FA,22.135128780021784,178.5,3.323265352429928e+77,0.48,-0.7339691750802004
1979,hff11,hff11_2,long-duration_electrical_50.0~-1.0_1.0,hff11_2_long-duration_electrical_50.0~-1.0_1.0_0,F,FA,22.135128780021784,179.5,9.033571818657817e+77,0.42,-0.8675005677047231
1980,hff11,hff11_2,long-duration_electrical_50.0~-1.0_1.0,hff11_2_long-duration_electrical_50.0~-1.0_1.0_0,F,FA,22.135128780021784,180.5,2.455579412073727e+78,0.48,-0.7339691750802004
1981,hff11,hff11_2,long-duration_electrical_50.0~-1.0_1.0,hff11_2_long-duration_electrical_50.0~-1.0_1.0_0,F,FA,22.135128780021784,181.5,6.674956894178159e+78,0.5,-0.6931471805599453
1982,hff11,hff11_2,long-duration_electrical_50.0~-1.0_1.0,hff11_2_long-duration_electrical_50.0~-1.0_1.0_0,F,FA,22.135128780021784,182.5,1.8144414031191914e+79,0.44,-0.8209805520698302
1983,hff11,hff11_2,long-duration_electrical_50.0~-1.0_1.0,hff11_2_long-duration_electrical_50.0~-1.0_1.0_0,F,FA,22.135128780021784,183.5,4.932163094902632e+79,0.4,-0.916290731874155
1984,hff11,hff11_2,long-duration_electrical_50.0~-1.0_1.0,hff11_2_long-duration_electrical_50.0~-1.0_1.0_0,F,FA,22.135128780021784,184.5,1.3407009315870148e+80,0.44,-0.8209805520698302
1985,hff11,hff11_2,long-duration_electrical_50.0~-1.0_1.0,hff11_2_long-duration_electrical_50.0~-1.0_1.0_0,F,FA,22.135128780021784,185.5,3.6444029797310963e+80,0.4,-0.916290731874155
1986,hff11,hff11_2,long-duration_electrical_50.0~-1.0_1.0,hff11_2_long-duration_electrical_50.0~-1.0_1.0_0,F,FA,22.135128780021784,186.5,9.906514395385036e+80,0.42,-0.8675005677047231
1987,hff11,hff11_2,long-duration_electrical_50.0~-1.0_1.0,hff11_2_long-duration_electrical_50.0~-1.0_1.0_0,F,FA,22.135128780021784,187.5,2.692869806434309e+81,0.42,-0.8675005677047231
1988,hff11,hff11_2,long-duration_electrical_50.0~-1.0_1.0,hff11_2_long-duration_electrical_50.0~-1.0_1.0_0,F,FA,22.135128780021784,188.5,7.319979061236409e+81,0.46,-0.7765287894989963
1989,hff11,hff11_2,long-duration_electrical_50.0~-1.0_1.0,hff11_2_long-duration_electrical_50.0~-1.0_1.0_0,F,FA,22.135128780021784,189.5,1.989776606685963e+82,0.46,-0.7765287894989963
1990,hff11,hff11_2,long-duration_electrical_50.0~-1.0_1.0,hff11_2_long-duration_electrical_50.0~-1.0_1.0_0,F,FA,22.135128780021784,190.5,5.408773592647354e+82,0.42,-0.8675005677047231
1991,hff11,hff11_2,long-duration_electrical_50.0~-1.0_1.0,hff11_2_long-duration_electrical_50.0~-1.0_1.0_0,F,FA,22.135128780021784,191.5,1.470257097114245e+83,0.44,-0.8209805520698302
1992,hff11,hff11_2,long-duration_electrical_50.0~-1.0_1.0,hff11_2_long-duration_electrical_50.0~-1.0_1.0_0,F,FA,22.135128780021784,192.5,3.9965731502485976e+83,0.44,-0.8209805520698302
1993,hff11,hff11_2,long-duration_electrical_50.0~-1.0_1.0,hff11_2_long-duration_electrical_50.0~-1.0_1.0_0,F,FA,22.135128780021784,193.5,1.0863812170428086e+84,0.42,-0.8675005677047231
1994,hff11,hff11_2,long-duration_electrical_50.0~-1.0_1.0,hff11_2_long-duration_electrical_50.0~-1.0_1.0_0,F,FA,22.135128780021784,194.5,2.9530903210666885e+84,0.48,-0.7339691750802004
1995,hff11,hff11_2,long-duration_electrical_50.0~-1.0_1.0,hff11_2_long-duration_electrical_50.0~-1.0_1.0_0,F,FA,22.135128780021784,195.5,8.027331757553867e+84,0.46,-0.7765287894989963
1996,hff11,hff11_2,long-duration_electrical_50.0~-1.0_1.0,hff11_2_long-duration_electrical_50.0~-1.0_1.0_0,F,FA,22.135128780021784,196.5,2.1820550047570884e+85,0.4,-0.916290731874155
1997,hff11,hff11_2,long-duration_electrical_50.0~-1.0_1.0,hff11_2_long-duration_electrical_50.0~-1.0_1.0_0,F,FA,22.135128780021784,197.5,5.931440468129309e+85,0.44,-0.8209805520698302
1998,hff11,hff11_2,long-duration_electrical_50.0~-1.0_1.0,hff11_2_long-duration_electrical_50.0~-1.0_1.0_0,F,FA,22.135128780021784,198.5,1.6123326841102515e+86,0.46,-0.7765287894989963
1999,hff11,hff11_2,long-duration_electrical_50.0~-1.0_1.0,hff11_2_long-duration_electrical_50.0~-1.0_1.0_0,F,FA,22.135128780021784,199.5,4.3827746366474943e+86,0.44,-0.8209805520698302
2000,hff11,hff11_2,long-duration_electrical_50.0~-1.0_1.0,hff11_2_long-duration_electrical_50.0~-1.0_1.0_0,F,FA,22.135128780021784,200.5,1.1913616653030078e+87,0.46,-0.7765287894989963
2001,hff11,hff11_2,long-duration_electrical_50.0~-1.0_1.0,hff11_2_long-duration_electrical_50.0~-1.0_1.0_0,F,FA,22.135128780021784,201.5,3.238456765915873e+87,0.44,-0.8209805520698302
2002,hff11,hff11_2,long-duration_electrical_50.0~-1.0_1.0,hff11_2_long-duration_electrical_50.0~-1.0_1.0_0,F,FA,22.135128780021784,202.5,8.803038179039366e+87,0.46,-0.7765287894989963
2003,hff11,hff11_2,long-duration_electrical_50.0~-1.0_1.0,hff11_2_long-duration_electrical_50.0~-1.0_1.0_0,F,FA,22.135128780021784,203.5,2.392913871731391e+88,0.44,-0.8209805520698302
2004,hff11,hff11_2,long-duration_electrical_50.0~-1.0_1.0,hff11_2_long-duration_electrical_50.0~-1.0_1.0_0,F,FA,22.135128780021784,204.5,6.50461429459502e+88,0.46,-0.7765287894989963
2005,hff11,hff11_2,long-duration_electrical_50.0~-1.0_1.0,hff11_2_long-duration_electrical_50.0~-1.0_1.0_0,F,FA,22.135128780021784,205.5,1.7681374838132593e+89,0.44,-0.8209805520698302
2006,hff11,hff11_2,long-duration_electrical_50.0~-1.0_1.0,hff11_2_long-duration_electrical_50.0~-1.0_1.0_0,F,FA,22.135128780021784,206.5,4.806295992466882e+89,0.48,-0.7339691750802004
2007,hff11,hff11_2,long-duration_electrical_50.0~-1.0_1.0,hff11_2_long-duration_electrical_50.0~-1.0_1.0_0,F,FA,22.135128780021784,207.5,1.3064867058518258e+90,0.48,-0.7339691750802004
2008,hff11,hff11_2,long-duration_electrical_50.0~-1.0_1.0,hff11_2_long-duration_electrical_50.0~-1.0_1.0_0,F,FA,22.135128780021784,208.5,3.5513990716403354e+90,0.4,-0.916290731874155
2009,hff11,hff11_2,long-duration_electrical_50.0~-1.0_1.0,hff11_2_long-duration_electrical_50.0~-1.0_1.0_0,F,FA,22.135128780021784,209.5,9.653703562046247e+90,0.42,-0.8675005677047231
2010,hff11,hff11_2,long-duration_electrical_50.0~-1.0_1.0,hff11_2_long-duration_electrical_50.0~-1.0_1.0_0,F,FA,22.135128780021784,210.5,2.624148697004067e+91,0.36,-1.0216512475319814
2011,hff11,hff11_2,long-duration_electrical_50.0~-1.0_1.0,hff11_2_long-duration_electrical_50.0~-1.0_1.0_0,F,FA,22.135128780021784,211.5,7.133175718240636e+91,0.4,-0.916290731874155
2012,hff11,hff11_2,long-duration_electrical_50.0~-1.0_1.0,hff11_2_long-duration_electrical_50.0~-1.0_1.0_0,F,FA,22.135128780021784,212.5,1.938998193409882e+92,0.42,-0.8675005677047231
2013,hff11,hff11_2,long-duration_electrical_50.0~-1.0_1.0,hff11_2_long-duration_electrical_50.0~-1.0_1.0_0,F,FA,22.135128780021784,213.5,5.270743554560999e+92,0.42,-0.8675005677047231
2014,hff11,hff11_2,long-duration_electrical_50.0~-1.0_1.0,hff11_2_long-duration_electrical_50.0~-1.0_1.0_0,F,FA,22.135128780021784,214.5,1.4327366426830802e+93,0.44,-0.8209805520698302
2015,hff11,hff11_2,long-duration_electrical_50.0~-1.0_1.0,hff11_2_long-duration_electrical_50.0~-1.0_1.0_0,F,FA,22.135128780021784,215.5,3.894581980772837e+93,0.46,-0.7765287894989963
2016,hff11,hff11_2,long-duration_electrical_50.0~-1.0_1.0,hff11_2_long-duration_electrical_50.0~-1.0_1.0_0,F,FA,22.135128780021784,216.5,1.0586571427778838e+94,0.46,-0.7765287894989963
2017,hff11,hff11_2,long-duration_electrical_50.0~-1.0_1.0,hff11_2_long-duration_electrical_50.0~-1.0_1.0_0,F,FA,22.135128780021784,217.5,2.877728473781494e+94,0.48,-0.7339691750802004
2018,hff11,hff11_2,long-duration_electrical_50.0~-1.0_1.0,hff11_2_long-duration_electrical_50.0~-1.0_1.0_0,F,FA,22.135128780021784,218.5,7.822477017519418e+94,0.46,-0.7765287894989963
2019,hff11,hff11_2,long-duration_electrical_50.0~-1.0_1.0,hff11_2_long-duration_electrical_50.0~-1.0_1.0_0,F,FA,22.135128780021784,219.5,2.126369713026154e+95,0.44,-0.8209805520698302
2020,hff11,hff11_2,long-duration_electrical_50.0~-1.0_1.0,hff11_2_long-duration_electrical_50.0~-1.0_1.0_0,F,FA,22.135128780021784,220.5,5.780072151504669e+95,0.42,-0.8675005677047231
2021,hff11,hff11_2,long-duration_electrical_50.0~-1.0_1.0,hff11_2_long-duration_electrical_50.0~-1.0_1.0_0,F,FA,22.135128780021784,221.5,1.5711865096617322e+96,0.48,-0.7339691750802004
2022,hff11,hff11_2,long-duration_electrical_50.0~-1.0_1.0,hff11_2_long-duration_electrical_50.0~-1.0_1.0_0,F,FA,22.135128780021784,222.5,4.2709277383334783e+96,0.44,-0.8209805520698302
2023,hff11,hff11_2,long-duration_electrical_50.0~-1.0_1.0,hff11_2_long-duration_electrical_50.0~-1.0_1.0_0,F,FA,22.135128780021784,223.5,1.1609585261773583e+97,0.42,-0.8675005677047231
2024,hff11,hff11_2,long-duration_electrical_50.0~-1.0_1.0,hff11_2_long-duration_electrical_50.0~-1.0_1.0_0,F,FA,22.135128780021784,224.5,3.1558124653025077e+97,0.46,-0.7765287894989963
2025,hff11,hff11_2,long-duration_electrical_50.0~-1.0_1.0,hff11_2_long-duration_electrical_50.0~-1.0_1.0_0,F,FA,22.135128780021784,225.5,8.578387678456348e+97,0.46,-0.7765287894989963
2026,hff11,hff11_2,long-duration_electrical_50.0~-1.0_1.0,hff11_2_long-duration_electrical_50.0~-1.0_1.0_0,F,FA,22.135128780021784,226.5,2.3318475343824867e+98,0.4,-0.916290731874155
2027,hff11,hff11_2,long-duration_electrical_50.0~-1.0_1.0,hff11_2_long-duration_electrical_50.0~-1.0_1.0_0,F,FA,22.135128780021784,227.5,6.338618779448942e+98,0.4,-0.916290731874155
2028,hff11,hff11_2,long-duration_electrical_50.0~-1.0_1.0,hff11_2_long-duration_electrical_50.0~-1.0_1.0_0,F,FA,22.135128780021784,228.5,1.723015224570531e+99,0.4,-0.916290731874155
2029,hff11,hff11_2,long-duration_electrical_50.0~-1.0_1.0,hff11_2_long-duration_electrical_50.0~-1.0_1.0_0,F,FA,22.135128780021784,229.5,4.683640975108356e+99,0.42,-0.8675005677047231
2030,hff11,hff11_2,long-duration_electrical_50.0~-1.0_1.0,hff11_2_long-duration_electrical_50.0~-1.0_1.0_0,F,FA,22.135128780021784,230.5,1.2731456153663248e+100,0.44,-0.8209805520698302
2031,hff11,hff11_2,long-duration_electrical_50.0~-1.0_1.0,hff11_2_long-duration_electrical_50.0~-1.0_1.0_0,F,FA,22.135128780021784,231.5,3.4607685912325894e+100,0.46,-0.7765287894989963
2032,hff11,hff11_2,long-duration_electrical_50.0~-1.0_1.0,hff11_2_long-duration_electrical_50.0~-1.0_1.0_0,F,FA,22.135128780021784,232.5,9.407344374049358e+100,0.48,-0.7339691750802004
2033,hff11,hff11_2,long-duration_electrical_50.0~-1.0_1.0,hff11_2_long-duration_electrical_50.0~-1.0_1.0_0,F,FA,22.135128780021784,233.5,2.55718132660348e+101,0.44,-0.8209805520698302
2034,hff11,hff11_2,long-duration_electrical_50.0~-1.0_1.0,hff11_2_long-duration_electrical_50.0~-1.0_1.0_0,F,FA,22.135128780021784,234.5,6.951139532181034e+101,0.38,-0.9675840262617056
2035,hff11,hff11_2,long-duration_electrical_50.0~-1.0_1.0,hff11_2_long-duration_electrical_50.0~-1.0_1.0_0,F,FA,22.135128780021784,235.5,1.8895156277411014e+102,0.42,-0.8675005677047231
2036,hff11,hff11_2,long-duration_electrical_50.0~-1.0_1.0,hff11_2_long-duration_electrical_50.0~-1.0_1.0_0,F,FA,22.135128780021784,236.5,5.136235995478022e+102,0.44,-0.8209805520698302
2037,hff11,hff11_2,long-duration_electrical_50.0~-1.0_1.0,hff11_2_long-duration_electrical_50.0~-1.0_1.0_0,F,FA,22.135128780021784,237.5,1.3961736973185161e+103,0.42,-0.8675005677047231
2038,hff11,hff11_2,long-duration_electrical_50.0~-1.0_1.0,hff11_2_long-duration_electrical_50.0~-1.0_1.0_0,F,FA,22.135128780021784,238.5,3.795193590793402e+103,0.4,-0.916290731874155
2039,hff11,hff11_2,long-duration_electrical_50.0~-1.0_1.0,hff11_2_long-duration_electrical_50.0~-1.0_1.0_0,F,FA,22.135128780021784,239.5,1.0316405773337937e+104,0.4,-0.916290731874155
2040,hff11,hff11_2,long-duration_electrical_50.0~-1.0_1.0,hff11_2_long-duration_electrical_50.0~-1.0_1.0_0,F,FA,22.135128780021784,240.5,2.80428983486745e+104,0.38,-0.9675840262617056
2041,hff11,hff11_2,long-duration_electrical_50.0~-1.0_1.0,hff11_2_long-duration_electrical_50.0~-1.0_1.0_0,F,FA,22.135128780021784,241.5,7.622850099852606e+104,0.38,-0.9675840262617056
2042,hff11,hff11_2,long-duration_electrical_50.0~-1.0_1.0,hff11_2_long-duration_electrical_50.0~-1.0_1.0_0,F,FA,22.135128780021784,242.5,2.0721054907496557e+105,0.4,-0.916290731874155
2043,hff11,hff11_2,long-duration_electrical_50.0~-1.0_1.0,hff11_2_long-duration_electrical_50.0~-1.0_1.0_0,F,FA,22.135128780021784,243.5,5.632566702155002e+105,0.4,-0.916290731874155
2044,hff11,hff11_2,long-duration_electrical_50.0~-1.0_1.0,hff11_2_long-duration_electrical_50.0~-1.0_1.0_0,F,FA,22.135128780021784,244.5,1.531090371405143e+106,0.4,-0.916290731874155
2045,hff11,hff11_2,long-duration_electrical_50.0~-1.0_1.0,hff11_2_long-duration_electrical_50.0~-1.0_1.0_0,F,FA,22.135128780021784,245.5,4.161935134319211e+106,0.38,-0.9675840262617056
2046,hff11,hff11_2,long-duration_electrical_50.0~-1.0_1.0,hff11_2_long-duration_electrical_50.0~-1.0_1.0_0,F,FA,22.135128780021784,246.5,1.1313312646845167e+107,0.4,-0.916290731874155
2047,hff11,hff11_2,long-duration_electrical_50.0~-1.0_1.0,hff11_2_long-duration_electrical_50.0~-1.0_1.0_0,F,FA,22.135128780021784,247.5,3.0752772187595124e+107,0.4,-0.916290731874155
2048,hff11,hff11_2,long-duration_electrical_50.0~-1.0_1.0,hff11_2_long-duration_electrical_50.0~-1.0_1.0_0,F,FA,22.135128780021784,248.5,8.359470181228054e+107,0.38,-0.9675840262617056
2049,hff11,hff11_2,long-duration_electrical_50.0~-1.0_1.0,hff11_2_long-duration_electrical_50.0~-1.0_1.0_0,F,FA,22.135128780021784,249.5,2.272339588917746e+108,0.44,-0.8209805520698302
2050,hff11,hff11_2,long-duration_electrical_50.0~-1.0_1.0,hff11_2_long-duration_electrical_50.0~-1.0_1.0_0,F,FA,22.135128780021784,250.5,6.176859412643206e+108,0.42,-0.8675005677047231
2051,hff11,hff11_2,long-duration_electrical_50.0~-1.0_1.0,hff11_2_long-duration_electrical_50.0~-1.0_1.0_0,F,FA,22.135128780021784,251.5,1.679044469833424e+109,0.46,-0.7765287894989963
2052,hff11,hff11_2,long-duration_electrical_50.0~-1.0_1.0,hff11_2_long-duration_electrical_50.0~-1.0_1.0_0,F,FA,22.135128780021784,252.5,4.564116071522848e+109,0.4,-0.916290731874155
2053,hff11,hff11_2,long-duration_electrical_50.0~-1.0_1.0,hff11_2_long-duration_electrical_50.0~-1.0_1.0_0,F,FA,22.135128780021784,253.5,1.240655378019844e+110,0.4,-0.916290731874155
2054,hff11,hff11_2,long-duration_electrical_50.0~-1.0_1.0,hff11_2_long-duration_electrical_50.0~-1.0_1.0_0,F,FA,22.135128780021784,254.5,3.37245096945133e+110,0.42,-0.8675005677047231
2055,hff11,hff11_2,long-duration_electrical_50.0~-1.0_1.0,hff11_2_long-duration_electrical_50.0~-1.0_1.0_0,F,FA,22.135128780021784,255.5,9.16727218762864e+110,0.44,-0.8209805520698302
2056,hff11,hff11_2,long-duration_electrical_50.0~-1.0_1.0,hff11_2_long-duration_electrical_50.0~-1.0_1.0_0,F,FA,22.135128780021784,256.5,2.491922940416893e+111,0.48,-0.7339691750802004
2057,hff11,hff11_2,long-duration_electrical_50.0~-1.0_1.0,hff11_2_long-duration_electrical_50.0~-1.0_1.0_0,F,FA,22.135128780021784,257.5,6.773748846855472e+111,0.54,-0.616186139423817
2058,hff11,hff11_2,long-duration_electrical_50.0~-1.0_1.0,hff11_2_long-duration_electrical_50.0~-1.0_1.0_0,F,FA,22.135128780021784,258.5,1.8412958400952643e+112,0.48,-0.7339691750802004
2059,hff11,hff11_2,long-duration_electrical_50.0~-1.0_1.0,hff11_2_long-duration_electrical_50.0~-1.0_1.0_0,F,FA,22.135128780021784,259.5,5.005161022948189e+112,0.48,-0.7339691750802004
2060,hff11,hff11_2,long-duration_electrical_50.0~-1.0_1.0,hff11_2_long-duration_electrical_50.0~-1.0_1.0_0,F,FA,22.135128780021784,260.5,1.3605438257191548e+113,0.44,-0.8209805520698302
2061,hff11,hff11_2,long-duration_electrical_50.0~-1.0_1.0,hff11_2_long-duration_electrical_50.0~-1.0_1.0_0,F,FA,22.135128780021784,261.5,3.698341558274529e+113,0.46,-0.7765287894989963
2062,hff11,hff11_2,long-duration_electrical_50.0~-1.0_1.0,hff11_2_long-duration_electrical_50.0~-1.0_1.0_0,F,FA,22.135128780021784,262.5,1.005313465329256e+114,0.52,-0.6539264674066639
2063,hff11,hff11_2,long-duration_electrical_50.0~-1.0_1.0,hff11_2_long-duration_electrical_50.0~-1.0_1.0_0,F,FA,22.135128780021784,263.5,2.732725324709709e+114,0.46,-0.7765287894989963
2064,hff11,hff11_2,long-duration_electrical_50.0~-1.0_1.0,hff11_2_long-duration_electrical_50.0~-1.0_1.0_0,F,FA,22.135128780021784,264.5,7.428317592328247e+114,0.48,-0.7339691750802004
2065,hff11,hff11_2,long-duration_electrical_50.0~-1.0_1.0,hff11_2_long-duration_electrical_50.0~-1.0_1.0_0,F,FA,22.135128780021784,265.5,2.0192260727248517e+115,0.52,-0.6539264674066639
2066,hff11,hff11_2,long-duration_electrical_50.0~-1.0_1.0,hff11_2_long-duration_electrical_50.0~-1.0_1.0_0,F,FA,22.135128780021784,266.5,5.4888255410386875e+115,0.44,-0.8209805520698302
2067,hff11,hff11_2,long-duration_electrical_50.0~-1.0_1.0,hff11_2_long-duration_electrical_50.0~-1.0_1.0_0,F,FA,22.135128780021784,267.5,1.4920174727787351e+116,0.46,-0.7765287894989963
2068,hff11,hff11_2,long-duration_electrical_50.0~-1.0_1.0,hff11_2_long-duration_electrical_50.0~-1.0_1.0_0,F,FA,22.135128780021784,268.5,4.055723983997824e+116,0.46,-0.7765287894989963
2069,hff11,hff11_2,long-duration_electrical_50.0~-1.0_1.0,hff11_2_long-duration_electrical_50.0~-1.0_1.0_0,F,FA,22.135128780021784,269.5,1.1024600806946808e+117,0.44,-0.8209805520698302
2070,hff11,hff11_2,long-duration_electrical_50.0~-1.0_1.0,hff11_2_long-duration_electrical_50.0~-1.0_1.0_0,F,FA,22.135128780021784,270.5,2.9967972039538434e+117,0.52,-0.6539264674066639
2071,hff11,hff11_2,long-duration_electrical_50.0~-1.0_1.0,hff11_2_long-duration_electrical_50.0~-1.0_1.0_0,F,FA,22.135128780021784,271.5,8.146139383084608e+117,0.48,-0.7339691750802004
2072,hff11,hff11_2,long-duration_electrical_50.0~-1.0_1.0,hff11_2_long-duration_electrical_50.0~-1.0_1.0_0,F,FA,22.135128780021784,272.5,2.214350265713347e+118,0.5,-0.6931471805599453
2073,hff11,hff11_2,long-duration_electrical_50.0~-1.0_1.0,hff11_2_long-duration_electrical_50.0~-1.0_1.0_0,F,FA,22.135128780021784,273.5,6.019228089132049e+118,0.5,-0.6931471805599453
2074,hff11,hff11_2,long-duration_electrical_50.0~-1.0_1.0,hff11_2_long-duration_electrical_50.0~-1.0_1.0_0,F,FA,22.135128780021784,274.5,1.636195833603791e+119,0.46,-0.7765287894989963
2075,hff11,hff11_2,long-duration_electrical_50.0~-1.0_1.0,hff11_2_long-duration_electrical_50.0~-1.0_1.0_0,F,FA,22.135128780021784,275.5,4.447641402285585e+119,0.48,-0.7339691750802004
2076,hff11,hff11_2,long-duration_electrical_50.0~-1.0_1.0,hff11_2_long-duration_electrical_50.0~-1.0_1.0_0,F,FA,22.135128780021784,276.5,1.2089942803335012e+120,0.52,-0.6539264674066639
2077,hff11,hff11_2,long-duration_electrical_50.0~-1.0_1.0,hff11_2_long-duration_electrical_50.0~-1.0_1.0_0,F,FA,22.135128780021784,277.5,3.286387182941477e+120,0.46,-0.7765287894989963
2078,hff11,hff11_2,long-duration_electrical_50.0~-1.0_1.0,hff11_2_long-duration_electrical_50.0~-1.0_1.0_0,F,FA,22.135128780021784,278.5,8.933326560670529e+120,0.5,-0.6931471805599453
2079,hff11,hff11_2,long-duration_electrical_50.0~-1.0_1.0,hff11_2_long-duration_electrical_50.0~-1.0_1.0_0,F,FA,22.135128780021784,279.5,2.428329925756124e+121,0.48,-0.7339691750802004
2080,hff11,hff11_2,long-duration_electrical_50.0~-1.0_1.0,hff11_2_long-duration_electrical_50.0~-1.0_1.0_0,F,FA,22.135128780021784,280.5,6.600885110686175e+121,0.46,-0.7765287894989963
2081,hff11,hff11_2,long-duration_electrical_50.0~-1.0_1.0,hff11_2_long-duration_electrical_50.0~-1.0_1.0_0,F,FA,22.135128780021784,281.5,1.79430660481241e+122,0.46,-0.7765287894989963
2082,hff11,hff11_2,long-duration_electrical_50.0~-1.0_1.0,hff11_2_long-duration_electrical_50.0~-1.0_1.0_0,F,FA,22.135128780021784,282.5,4.877431038545619e+122,0.48,-0.7339691750802004
2083,hff11,hff11_2,long-duration_electrical_50.0~-1.0_1.0,hff11_2_long-duration_electrical_50.0~-1.0_1.0_0,F,FA,22.135128780021784,283.5,1.3258232161640687e+123,0.48,-0.7339691750802004
2084,hff11,hff11_2,long-duration_electrical_50.0~-1.0_1.0,hff11_2_long-duration_electrical_50.0~-1.0_1.0_0,F,FA,22.135128780021784,284.5,3.603961156247916e+123,0.48,-0.7339691750802004
2085,hff11,hff11_2,long-duration_electrical_50.0~-1.0_1.0,hff11_2_long-duration_electrical_50.0~-1.0_1.0_0,F,FA,22.135128780021784,285.5,9.796582121500962e+123,0.4,-0.916290731874155
2086,hff11,hff11_2,long-duration_electrical_50.0~-1.0_1.0,hff11_2_long-duration_electrical_50.0~-1.0_1.0_0,F,FA,22.135128780021784,286.5,2.6629871161882825e+124,0.48,-0.7339691750802004
2087,hff11,hff11_2,long-duration_electrical_50.0~-1.0_1.0,hff11_2_long-duration_electrical_50.0~-1.0_1.0_0,F,FA,22.135128780021784,287.5,7.238749487355165e+124,0.52,-0.6539264674066639
2088,hff11,hff11_2,long-duration_electrical_50.0~-1.0_1.0,hff11_2_long-duration_electrical_50.0~-1.0_1.0_0,F,FA,22.135128780021784,288.5,1.9676961192244775e+125,0.46,-0.7765287894989963
2089,hff11,hff11_2,long-duration_electrical_50.0~-1.0_1.0,hff11_2_long-duration_electrical_50.0~-1.0_1.0_0,F,FA,22.135128780021784,289.5,5.3487526048172796e+125,0.52,-0.6539264674066639
2090,hff11,hff11_2,long-duration_electrical_50.0~-1.0_1.0,hff11_2_long-duration_electrical_50.0~-1.0_1.0_0,F,FA,22.135128780021784,290.5,1.4539417010597797e+126,0.5,-0.6931471805599453
2091,hff11,hff11_2,long-duration_electrical_50.0~-1.0_1.0,hff11_2_long-duration_electrical_50.0~-1.0_1.0_0,F,FA,22.135128780021784,291.5,3.952223305629632e+126,0.48,-0.7339691750802004
2092,hff11,hff11_2,long-duration_electrical_50.0~-1.0_1.0,hff11_2_long-duration_electrical_50.0~-1.0_1.0_0,F,FA,22.135128780021784,292.5,1.0743256793705369e+127,0.42,-0.8675005677047231
2093,hff11,hff11_2,long-duration_electrical_50.0~-1.0_1.0,hff11_2_long-duration_electrical_50.0~-1.0_1.0_0,F,FA,22.135128780021784,293.5,2.920319972079849e+127,0.46,-0.7765287894989963
2094,hff11,hff11_2,long-duration_electrical_50.0~-1.0_1.0,hff11_2_long-duration_electrical_50.0~-1.0_1.0_0,F,FA,22.135128780021784,294.5,7.93825271339068e+127,0.48,-0.7339691750802004
2095,hff11,hff11_2,long-duration_electrical_50.0~-1.0_1.0,hff11_2_long-duration_electrical_50.0~-1.0_1.0_0,F,FA,22.135128780021784,295.5,2.1578408100525594e+128,0.52,-0.6539264674066639
2096,hff11,hff11_2,long-duration_electrical_50.0~-1.0_1.0,hff11_2_long-duration_electrical_50.0~-1.0_1.0_0,F,FA,22.135128780021784,296.5,5.865619462673218e+128,0.48,-0.7339691750802004
2097,hff11,hff11_2,long-duration_electrical_50.0~-1.0_1.0,hff11_2_long-duration_electrical_50.0~-1.0_1.0_0,F,FA,22.135128780021784,297.5,1.594440679804032e+129,0.5,-0.6931471805599453
2098,hff11,hff11_2,long-duration_electrical_50.0~-1.0_1.0,hff11_2_long-duration_electrical_50.0~-1.0_1.0_0,F,FA,22.135128780021784,298.5,4.334139126467187e+129,0.52,-0.6539264674066639
2099,hff11,hff11_2,long-duration_electrical_50.0~-1.0_1.0,hff11_2_long-duration_electrical_50.0~-1.0_1.0_0,F,FA,22.135128780021784,299.5,1.1781411629489113e+130,0.46,-0.7765287894989963
2100,hff11,hff11_2,long-duration_electrical_50.0~-1.0_1.0,hff11_2_long-duration_electrical_50.0~-1.0_1.0_1,F,FA,22.135128780021784,0.5,1.6487212707001282,1.0,0.0
2101,hff11,hff11_2,long-duration_electrical_50.0~-1.0_1.0,hff11_2_long-duration_electrical_50.0~-1.0_1.0_1,F,FA,22.135128780021784,1.5,4.4816890703380645,1.0,0.0
2102,hff11,hff11_2,long-duration_electrical_50.0~-1.0_1.0,hff11_2_long-duration_electrical_50.0~-1.0_1.0_1,F,FA,22.135128780021784,2.5,12.182493960703473,1.0,0.0
2103,hff11,hff11_2,long-duration_electrical_50.0~-1.0_1.0,hff11_2_long-duration_electrical_50.0~-1.0_1.0_1,F,FA,22.135128780021784,3.5,33.11545195869231,1.0,0.0
2104,hff11,hff11_2,long-duration_electrical_50.0~-1.0_1.0,hff11_2_long-duration_electrical_50.0~-1.0_1.0_1,F,FA,22.135128780021784,4.5,90.01713130052181,0.96,-0.040821994520255166
2105,hff11,hff11_2,long-duration_electrical_50.0~-1.0_1.0,hff11_2_long-duration_electrical_50.0~-1.0_1.0_1,F,FA,22.135128780021784,5.5,244.69193226422038,0.98,-0.020202707317519466
2106,hff11,hff11_2,long-duration_electrical_50.0~-1.0_1.0,hff11_2_long-duration_electrical_50.0~-1.0_1.0_1,F,FA,22.135128780021784,6.5,665.1416330443618,0.9,-0.10536051565782628
2107,hff11,hff11_2,long-duration_electrical_50.0~-1.0_1.0,hff11_2_long-duration_electrical_50.0~-1.0_1.0_1,F,FA,22.135128780021784,7.5,1808.0424144560632,0.92,-0.08338160893905101
2108,hff11,hff11_2,long-duration_electrical_50.0~-1.0_1.0,hff11_2_long-duration_electrical_50.0~-1.0_1.0_1,F,FA,22.135128780021784,8.5,4914.768840299134,0.88,-0.12783337150988489
2109,hff11,hff11_2,long-duration_electrical_50.0~-1.0_1.0,hff11_2_long-duration_electrical_50.0~-1.0_1.0_1,F,FA,22.135128780021784,9.5,13359.726829661873,0.92,-0.08338160893905101
2110,hff11,hff11_2,long-duration_electrical_50.0~-1.0_1.0,hff11_2_long-duration_electrical_50.0~-1.0_1.0_1,F,FA,22.135128780021784,10.5,36315.502674246636,0.92,-0.08338160893905101
2111,hff11,hff11_2,long-duration_electrical_50.0~-1.0_1.0,hff11_2_long-duration_electrical_50.0~-1.0_1.0_1,F,FA,22.135128780021784,11.5,98715.7710107605,0.9,-0.10536051565782628
2112,hff11,hff11_2,long-duration_electrical_50.0~-1.0_1.0,hff11_2_long-duration_electrical_50.0~-1.0_1.0_1,F,FA,22.135128780021784,12.5,268337.2865208745,0.84,-0.1743533871447778
2113,hff11,hff11_2,long-duration_electrical_50.0~-1.0_1.0,hff11_2_long-duration_electrical_50.0~-1.0_1.0_1,F,FA,22.135128780021784,13.5,729416.3698477013,0.82,-0.19845093872383832
2114,hff11,hff11_2,long-duration_electrical_50.0~-1.0_1.0,hff11_2_long-duration_electrical_50.0~-1.0_1.0_1,F,FA,22.135128780021784,14.5,1982759.2635375687,0.86,-0.15082288973458366
2115,hff11,hff11_2,long-duration_electrical_50.0~-1.0_1.0,hff11_2_long-duration_electrical_50.0~-1.0_1.0_1,F,FA,22.135128780021784,15.5,5389698.476283012,0.82,-0.19845093872383832
2116,hff11,hff11_2,long-duration_electrical_50.0~-1.0_1.0,hff11_2_long-duration_electrical_50.0~-1.0_1.0_1,F,FA,22.135128780021784,16.5,14650719.428953517,0.82,-0.19845093872383832
2117,hff11,hff11_2,long-duration_electrical_50.0~-1.0_1.0,hff11_2_long-duration_electrical_50.0~-1.0_1.0_1,F,FA,22.135128780021784,17.5,39824784.39757623,0.84,-0.1743533871447778
2118,hff11,hff11_2,long-duration_electrical_50.0~-1.0_1.0,hff11_2_long-duration_electrical_50.0~-1.0_1.0_1,F,FA,22.135128780021784,18.5,108254987.75023076,0.82,-0.19845093872383832
2119,hff11,hff11_2,long-duration_electrical_50.0~-1.0_1.0,hff11_2_long-duration_electrical_50.0~-1.0_1.0_1,F,FA,22.135128780021784,19.5,294267566.0415088,0.8,-0.2231435513142097
2120,hff11,hff11_2,long-duration_electrical_50.0~-1.0_1.0,hff11_2_long-duration_electrical_50.0~-1.0_1.0_1,F,FA,22.135128780021784,20.5,799902177.4755054,0.72,-0.3285040669720361
2121,hff11,hff11_2,long-duration_electrical_50.0~-1.0_1.0,hff11_2_long-duration_electrical_50.0~-1.0_1.0_1,F,FA,22.135128780021784,21.5,2174359553.5764885,0.8,-0.2231435513142097
2122,hff11,hff11_2,long-duration_electrical_50.0~-1.0_1.0,hff11_2_long-duration_electrical_50.0~-1.0_1.0_1,F,FA,22.135128780021784,22.5,5910522063.023291,0.82,-0.19845093872383832
2123,hff11,hff11_2,long-duration_electrical_50.0~-1.0_1.0,hff11_2_long-duration_electrical_50.0~-1.0_1.0_1,F,FA,22.135128780021784,23.5,16066464720.622478,0.86,-0.15082288973458366
2124,hff11,hff11_2,long-duration_electrical_50.0~-1.0_1.0,hff11_2_long-duration_electrical_50.0~-1.0_1.0_1,F,FA,22.135128780021784,24.5,43673179097.646416,0.82,-0.19845093872383832
2125,hff11,hff11_2,long-duration_electrical_50.0~-1.0_1.0,hff11_2_long-duration_electrical_50.0~-1.0_1.0_1,F,FA,22.135128780021784,25.5,118716009132.16965,0.72,-0.3285040669720361
2126,hff11,hff11_2,long-duration_electrical_50.0~-1.0_1.0,hff11_2_long-duration_electrical_50.0~-1.0_1.0_1,F,FA,22.135128780021784,26.5,322703570371.15485,0.76,-0.2744368457017603
2127,hff11,hff11_2,long-duration_electrical_50.0~-1.0_1.0,hff11_2_long-duration_electrical_50.0~-1.0_1.0_1,F,FA,22.135128780021784,27.5,877199251318.7649,0.8,-0.2231435513142097
2128,hff11,hff11_2,long-duration_electrical_50.0~-1.0_1.0,hff11_2_long-duration_electrical_50.0~-1.0_1.0_1,F,FA,22.135128780021784,28.5,2384474784797.6777,0.78,-0.2484613592984996
2129,hff11,hff11_2,long-duration_electrical_50.0~-1.0_1.0,hff11_2_long-duration_electrical_50.0~-1.0_1.0_1,F,FA,22.135128780021784,29.5,6481674477934.32,0.78,-0.2484613592984996
2130,hff11,hff11_2,long-duration_electrical_50.0~-1.0_1.0,hff11_2_long-duration_electrical_50.0~-1.0_1.0_1,F,FA,22.135128780021784,30.5,17619017951355.633,0.76,-0.2744368457017603
2131,hff11,hff11_2,long-duration_electrical_50.0~-1.0_1.0,hff11_2_long-duration_electrical_50.0~-1.0_1.0_1,F,FA,22.135128780021784,31.5,47893456332463.73,0.76,-0.2744368457017603
2132,hff11,hff11_2,long-duration_electrical_50.0~-1.0_1.0,hff11_2_long-duration_electrical_50.0~-1.0_1.0_1,F,FA,22.135128780021784,32.5,130187912050632.94,0.74,-0.3011050927839216
2133,hff11,hff11_2,long-duration_electrical_50.0~-1.0_1.0,hff11_2_long-duration_electrical_50.0~-1.0_1.0_1,F,FA,22.135128780021784,33.5,353887435612259.9,0.74,-0.3011050927839216
2134,hff11,hff11_2,long-duration_electrical_50.0~-1.0_1.0,hff11_2_long-duration_electrical_50.0~-1.0_1.0_1,F,FA,22.135128780021784,34.5,961965785544776.4,0.72,-0.3285040669720361
2135,hff11,hff11_2,long-duration_electrical_50.0~-1.0_1.0,hff11_2_long-duration_electrical_50.0~-1.0_1.0_1,F,FA,22.135128780021784,35.5,2614894114445696.5,0.74,-0.3011050927839216
2136,hff11,hff11_2,long-duration_electrical_50.0~-1.0_1.0,hff11_2_long-duration_electrical_50.0~-1.0_1.0_1,F,FA,22.135128780021784,36.5,7108019154642244.0,0.7,-0.35667494393873245
2137,hff11,hff11_2,long-duration_electrical_50.0~-1.0_1.0,hff11_2_long-duration_electrical_50.0~-1.0_1.0_1,F,FA,22.135128780021784,37.5,1.9321599304402836e+16,0.76,-0.2744368457017603
2138,hff11,hff11_2,long-duration_electrical_50.0~-1.0_1.0,hff11_2_long-duration_electrical_50.0~-1.0_1.0_1,F,FA,22.135128780021784,38.5,5.252155228592516e+16,0.8,-0.2231435513142097
2139,hff11,hff11_2,long-duration_electrical_50.0~-1.0_1.0,hff11_2_long-duration_electrical_50.0~-1.0_1.0_1,F,FA,22.135128780021784,39.5,1.4276838118129198e+17,0.76,-0.2744368457017603
2140,hff11,hff11_2,long-duration_electrical_50.0~-1.0_1.0,hff11_2_long-duration_electrical_50.0~-1.0_1.0_1,F,FA,22.135128780021784,40.5,3.8808469624362035e+17,0.74,-0.3011050927839216
2141,hff11,hff11_2,long-duration_electrical_50.0~-1.0_1.0,hff11_2_long-duration_electrical_50.0~-1.0_1.0_1,F,FA,22.135128780021784,41.5,1.0549235777020814e+18,0.7,-0.35667494393873245
2142,hff11,hff11_2,long-duration_electrical_50.0~-1.0_1.0,hff11_2_long-duration_electrical_50.0~-1.0_1.0_1,F,FA,22.135128780021784,42.5,2.8675795916805714e+18,0.68,-0.3856624808119846
2143,hff11,hff11_2,long-duration_electrical_50.0~-1.0_1.0,hff11_2_long-duration_electrical_50.0~-1.0_1.0_1,F,FA,22.135128780021784,43.5,7.794889495725307e+18,0.68,-0.3856624808119846
2144,hff11,hff11_2,long-duration_electrical_50.0~-1.0_1.0,hff11_2_long-duration_electrical_50.0~-1.0_1.0_1,F,FA,22.135128780021784,44.5,2.118870647107639e+19,0.7,-0.35667494393873245
2145,hff11,hff11_2,long-duration_electrical_50.0~-1.0_1.0,hff11_2_long-duration_electrical_50.0~-1.0_1.0_1,F,FA,22.135128780021784,45.5,5.759687576887954e+19,0.76,-0.2744368457017603
2146,hff11,hff11_2,long-duration_electrical_50.0~-1.0_1.0,hff11_2_long-duration_electrical_50.0~-1.0_1.0_1,F,FA,22.135128780021784,46.5,1.5656454077855836e+20,0.7,-0.35667494393873245
2147,hff11,hff11_2,long-duration_electrical_50.0~-1.0_1.0,hff11_2_long-duration_electrical_50.0~-1.0_1.0_1,F,FA,22.135128780021784,47.5,4.255865461793903e+20,0.66,-0.4155154439616658
2148,hff11,hff11_2,long-duration_electrical_50.0~-1.0_1.0,hff11_2_long-duration_electrical_50.0~-1.0_1.0_1,F,FA,22.135128780021784,48.5,1.156864174916083e+21,0.74,-0.3011050927839216
2149,hff11,hff11_2,long-duration_electrical_50.0~-1.0_1.0,hff11_2_long-duration_electrical_50.0~-1.0_1.0_1,F,FA,22.135128780021784,49.5,3.144682864669655e+21,0.68,-0.3856624808119846
2150,hff11,hff11_2,long-duration_electrical_50.0~-1.0_1.0,hff11_2_long-duration_electrical_50.0~-1.0_1.0_1,F,FA,22.135128780021784,50.5,8.548134287298057e+21,0.68,-0.3856624808119846
2151,hff11,hff11_2,long-duration_electrical_50.0~-1.0_1.0,hff11_2_long-duration_electrical_50.0~-1.0_1.0_1,F,FA,22.135128780021784,51.5,2.3236238100390023e+22,0.72,-0.3285040669720361
2152,hff11,hff11_2,long-duration_electrical_50.0~-1.0_1.0,hff11_2_long-duration_electrical_50.0~-1.0_1.0_1,F,FA,22.135128780021784,52.5,6.316264379003792e+22,0.68,-0.3856624808119846
2153,hff11,hff11_2,long-duration_electrical_50.0~-1.0_1.0,hff11_2_long-duration_electrical_50.0~-1.0_1.0_1,F,FA,22.135128780021784,53.5,1.7169386685189163e+23,0.68,-0.3856624808119846
2154,hff11,hff11_2,long-duration_electrical_50.0~-1.0_1.0,hff11_2_long-duration_electrical_50.0~-1.0_1.0_1,F,FA,22.135128780021784,54.5,4.667123183213639e+23,0.72,-0.3285040669720361
2155,hff11,hff11_2,long-duration_electrical_50.0~-1.0_1.0,hff11_2_long-duration_electrical_50.0~-1.0_1.0_1,F,FA,22.135128780021784,55.5,1.2686556140109568e+24,0.7,-0.35667494393873245
2156,hff11,hff11_2,long-duration_electrical_50.0~-1.0_1.0,hff11_2_long-duration_electrical_50.0~-1.0_1.0_1,F,FA,22.135128780021784,56.5,3.4485635021385364e+24,0.7,-0.35667494393873245
2157,hff11,hff11_2,long-duration_electrical_50.0~-1.0_1.0,hff11_2_long-duration_electrical_50.0~-1.0_1.0_1,F,FA,22.135128780021784,57.5,9.37416750215027e+24,0.68,-0.3856624808119846
2158,hff11,hff11_2,long-duration_electrical_50.0~-1.0_1.0,hff11_2_long-duration_electrical_50.0~-1.0_1.0_1,F,FA,22.135128780021784,58.5,2.5481629178026397e+25,0.64,-0.4462871026284195
2159,hff11,hff11_2,long-duration_electrical_50.0~-1.0_1.0,hff11_2_long-duration_electrical_50.0~-1.0_1.0_1,F,FA,22.135128780021784,59.5,6.926624955416095e+25,0.68,-0.3856624808119846
2160,hff11,hff11_2,long-duration_electrical_50.0~-1.0_1.0,hff11_2_long-duration_electrical_50.0~-1.0_1.0_1,F,FA,22.135128780021784,60.5,1.8828518748858514e+26,0.66,-0.4155154439616658
2161,hff11,hff11_2,long-duration_electrical_50.0~-1.0_1.0,hff11_2_long-duration_electrical_50.0~-1.0_1.0_1,F,FA,22.135128780021784,61.5,5.118122037182254e+26,0.7,-0.35667494393873245
2162,hff11,hff11_2,long-duration_electrical_50.0~-1.0_1.0,hff11_2_long-duration_electrical_50.0~-1.0_1.0_1,F,FA,22.135128780021784,62.5,1.391249812950831e+27,0.6,-0.5108256237659907
2163,hff11,hff11_2,long-duration_electrical_50.0~-1.0_1.0,hff11_2_long-duration_electrical_50.0~-1.0_1.0_1,F,FA,22.135128780021784,63.5,3.7818090853912897e+27,0.66,-0.4155154439616658
2164,hff11,hff11_2,long-duration_electrical_50.0~-1.0_1.0,hff11_2_long-duration_electrical_50.0~-1.0_1.0_1,F,FA,22.135128780021784,64.5,1.0280022915520465e+28,0.66,-0.4155154439616658
2165,hff11,hff11_2,long-duration_electrical_50.0~-1.0_1.0,hff11_2_long-duration_electrical_50.0~-1.0_1.0_1,F,FA,22.135128780021784,65.5,2.7943999487401853e+28,0.58,-0.5447271754416722
2166,hff11,hff11_2,long-duration_electrical_50.0~-1.0_1.0,hff11_2_long-duration_electrical_50.0~-1.0_1.0_1,F,FA,22.135128780021784,66.5,7.595966602107334e+28,0.7,-0.35667494393873245
2167,hff11,hff11_2,long-duration_electrical_50.0~-1.0_1.0,hff11_2_long-duration_electrical_50.0~-1.0_1.0_1,F,FA,22.135128780021784,67.5,2.0647977984090163e+29,0.64,-0.4462871026284195
2168,hff11,hff11_2,long-duration_electrical_50.0~-1.0_1.0,hff11_2_long-duration_electrical_50.0~-1.0_1.0_1,F,FA,22.135128780021784,68.5,5.612702334857472e+29,0.62,-0.4780358009429998
2169,hff11,hff11_2,long-duration_electrical_50.0~-1.0_1.0,hff11_2_long-duration_electrical_50.0~-1.0_1.0_1,F,FA,22.135128780021784,69.5,1.5256906765392722e+30,0.62,-0.4780358009429998
2170,hff11,hff11_2,long-duration_electrical_50.0~-1.0_1.0,hff11_2_long-duration_electrical_50.0~-1.0_1.0_1,F,FA,22.135128780021784,70.5,4.1472572418860906e+30,0.6,-0.5108256237659907
2171,hff11,hff11_2,long-duration_electrical_50.0~-1.0_1.0,hff11_2_long-duration_electrical_50.0~-1.0_1.0_1,F,FA,22.135128780021784,71.5,1.1273413998564138e+31,0.58,-0.5447271754416722
2172,hff11,hff11_2,long-duration_electrical_50.0~-1.0_1.0,hff11_2_long-duration_electrical_50.0~-1.0_1.0_1,F,FA,22.135128780021784,72.5,3.0644316416992722e+31,0.64,-0.4462871026284195
2173,hff11,hff11_2,long-duration_electrical_50.0~-1.0_1.0,hff11_2_long-duration_electrical_50.0~-1.0_1.0_1,F,FA,22.135128780021784,73.5,8.329988846186052e+31,0.72,-0.3285040669720361
2174,hff11,hff11_2,long-duration_electrical_50.0~-1.0_1.0,hff11_2_long-duration_electrical_50.0~-1.0_1.0_1,F,FA,22.135128780021784,74.5,2.2643257311854073e+32,0.72,-0.3285040669720361
2175,hff11,hff11_2,long-duration_electrical_50.0~-1.0_1.0,hff11_2_long-duration_electrical_50.0~-1.0_1.0_1,F,FA,22.135128780021784,75.5,6.155075488793534e+32,0.56,-0.579818495252942
2176,hff11,hff11_2,long-duration_electrical_50.0~-1.0_1.0,hff11_2_long-duration_electrical_50.0~-1.0_1.0_1,F,FA,22.135128780021784,76.5,1.6731229853981137e+33,0.62,-0.4780358009429998
2177,hff11,hff11_2,long-duration_electrical_50.0~-1.0_1.0,hff11_2_long-duration_electrical_50.0~-1.0_1.0_1,F,FA,22.135128780021784,77.5,4.5480198079848415e+33,0.64,-0.4462871026284195
2178,hff11,hff11_2,long-duration_electrical_50.0~-1.0_1.0,hff11_2_long-duration_electrical_50.0~-1.0_1.0_1,F,FA,22.135128780021784,78.5,1.236279959951699e+34,0.6,-0.5108256237659907
2179,hff11,hff11_2,long-duration_electrical_50.0~-1.0_1.0,hff11_2_long-duration_electrical_50.0~-1.0_1.0_1,F,FA,22.135128780021784,79.5,3.36055735002478e+34,0.62,-0.4780358009429998
2180,hff11,hff11_2,long-duration_electrical_50.0~-1.0_1.0,hff11_2_long-duration_electrical_50.0~-1.0_1.0_1,F,FA,22.135128780021784,80.5,9.134941978066843e+34,0.62,-0.4780358009429998
2181,hff11,hff11_2,long-duration_electrical_50.0~-1.0_1.0,hff11_2_long-duration_electrical_50.0~-1.0_1.0_1,F,FA,22.135128780021784,81.5,2.4831346783006824e+35,0.66,-0.4155154439616658
2182,hff11,hff11_2,long-duration_electrical_50.0~-1.0_1.0,hff11_2_long-duration_electrical_50.0~-1.0_1.0_1,F,FA,22.135128780021784,82.5,6.749859873641241e+35,0.56,-0.579818495252942
2183,hff11,hff11_2,long-duration_electrical_50.0~-1.0_1.0,hff11_2_long-duration_electrical_50.0~-1.0_1.0_1,F,FA,22.135128780021784,83.5,1.8348021439163853e+36,0.56,-0.579818495252942
2184,hff11,hff11_2,long-duration_electrical_50.0~-1.0_1.0,hff11_2_long-duration_electrical_50.0~-1.0_1.0_1,F,FA,22.135128780021784,84.5,4.9875093266256084e+36,0.64,-0.4462871026284195
2185,hff11,hff11_2,long-duration_electrical_50.0~-1.0_1.0,hff11_2_long-duration_electrical_50.0~-1.0_1.0_1,F,FA,22.135128780021784,85.5,1.35574559718364e+37,0.6,-0.5108256237659907
2186,hff11,hff11_2,long-duration_electrical_50.0~-1.0_1.0,hff11_2_long-duration_electrical_50.0~-1.0_1.0_1,F,FA,22.135128780021784,86.5,3.685298620837645e+37,0.66,-0.4155154439616658
2187,hff11,hff11_2,long-duration_electrical_50.0~-1.0_1.0,hff11_2_long-duration_electrical_50.0~-1.0_1.0_1,F,FA,22.135128780021784,87.5,1.0017680273468151e+38,0.54,-0.616186139423817
2188,hff11,hff11_2,long-duration_electrical_50.0~-1.0_1.0,hff11_2_long-duration_electrical_50.0~-1.0_1.0_1,F,FA,22.135128780021784,88.5,2.7230878250681117e+38,0.58,-0.5447271754416722
2189,hff11,hff11_2,long-duration_electrical_50.0~-1.0_1.0,hff11_2_long-duration_electrical_50.0~-1.0_1.0_1,F,FA,22.135128780021784,89.5,7.402120152180711e+38,0.58,-0.5447271754416722
2190,hff11,hff11_2,long-duration_electrical_50.0~-1.0_1.0,hff11_2_long-duration_electrical_50.0~-1.0_1.0_1,F,FA,22.135128780021784,90.5,2.012104870174333e+39,0.58,-0.5447271754416722
2191,hff11,hff11_2,long-duration_electrical_50.0~-1.0_1.0,hff11_2_long-duration_electrical_50.0~-1.0_1.0_1,F,FA,22.135128780021784,91.5,5.469468105548836e+39,0.56,-0.579818495252942
2192,hff11,hff11_2,long-duration_electrical_50.0~-1.0_1.0,hff11_2_long-duration_electrical_50.0~-1.0_1.0_1,F,FA,22.135128780021784,92.5,1.486755576264972e+40,0.54,-0.616186139423817
2193,hff11,hff11_2,long-duration_electrical_50.0~-1.0_1.0,hff11_2_long-duration_electrical_50.0~-1.0_1.0_1,F,FA,22.135128780021784,93.5,4.041420666321229e+40,0.66,-0.4155154439616658
2194,hff11,hff11_2,long-duration_electrical_50.0~-1.0_1.0,hff11_2_long-duration_electrical_50.0~-1.0_1.0_1,F,FA,22.135128780021784,94.5,1.0985720358419844e+41,0.62,-0.4780358009429998
2195,hff11,hff11_2,long-duration_electrical_50.0~-1.0_1.0,hff11_2_long-duration_electrical_50.0~-1.0_1.0_1,F,FA,22.135128780021784,95.5,2.9862284022825254e+41,0.6,-0.5108256237659907
2196,hff11,hff11_2,long-duration_electrical_50.0~-1.0_1.0,hff11_2_long-duration_electrical_50.0~-1.0_1.0_1,F,FA,22.135128780021784,96.5,8.117410401552875e+41,0.62,-0.4780358009429998
2197,hff11,hff11_2,long-duration_electrical_50.0~-1.0_1.0,hff11_2_long-duration_electrical_50.0~-1.0_1.0_1,F,FA,22.135128780021784,97.5,2.2065409188685626e+42,0.58,-0.5447271754416722
2198,hff11,hff11_2,long-duration_electrical_50.0~-1.0_1.0,hff11_2_long-duration_electrical_50.0~-1.0_1.0_1,F,FA,22.135128780021784,98.5,5.998000083511737e+42,0.62,-0.4780358009429998
2199,hff11,hff11_2,long-duration_electrical_50.0~-1.0_1.0,hff11_2_long-duration_electrical_50.0~-1.0_1.0_1,F,FA,22.135128780021784,99.5,1.6304254634105793e+43,0.62,-0.4780358009429998
2200,hff11,hff11_2,long-duration_electrical_50.0~-1.0_1.0,hff11_2_long-duration_electrical_50.0~-1.0_1.0_1,F,FA,22.135128780021784,100.5,4.4319559098458955e+43,0.58,-0.5447271754416722
2201,hff11,hff11_2,long-duration_electrical_50.0~-1.0_1.0,hff11_2_long-duration_electrical_50.0~-1.0_1.0_1,F,FA,22.135128780021784,101.5,1.2047305214265772e+44,0.56,-0.579818495252942
2202,hff11,hff11_2,long-duration_electrical_50.0~-1.0_1.0,hff11_2_long-duration_electrical_50.0~-1.0_1.0_1,F,FA,22.135128780021784,102.5,3.274797084583855e+44,0.58,-0.5447271754416722
2203,hff11,hff11_2,long-duration_electrical_50.0~-1.0_1.0,hff11_2_long-duration_electrical_50.0~-1.0_1.0_1,F,FA,22.135128780021784,103.5,8.901821406914952e+44,0.58,-0.5447271754416722
2204,hff11,hff11_2,long-duration_electrical_50.0~-1.0_1.0,hff11_2_long-duration_electrical_50.0~-1.0_1.0_1,F,FA,22.135128780021784,104.5,2.419765937060465e+45,0.5,-0.6931471805599453
2205,hff11,hff11_2,long-duration_electrical_50.0~-1.0_1.0,hff11_2_long-duration_electrical_50.0~-1.0_1.0_1,F,FA,22.135128780021784,105.5,6.577605775835635e+45,0.6,-0.5108256237659907
2206,hff11,hff11_2,long-duration_electrical_50.0~-1.0_1.0,hff11_2_long-duration_electrical_50.0~-1.0_1.0_1,F,FA,22.135128780021784,106.5,1.7879786255221268e+46,0.64,-0.4462871026284195
2207,hff11,hff11_2,long-duration_electrical_50.0~-1.0_1.0,hff11_2_long-duration_electrical_50.0~-1.0_1.0_1,F,FA,22.135128780021784,107.5,4.860229807429978e+46,0.56,-0.579818495252942
2208,hff11,hff11_2,long-duration_electrical_50.0~-1.0_1.0,hff11_2_long-duration_electrical_50.0~-1.0_1.0_1,F,FA,22.135128780021784,108.5,1.3211474367671912e+47,0.52,-0.6539264674066639
2209,hff11,hff11_2,long-duration_electrical_50.0~-1.0_1.0,hff11_2_long-duration_electrical_50.0~-1.0_1.0_1,F,FA,22.135128780021784,109.5,3.591251070079501e+47,0.58,-0.5447271754416722
2210,hff11,hff11_2,long-duration_electrical_50.0~-1.0_1.0,hff11_2_long-duration_electrical_50.0~-1.0_1.0_1,F,FA,22.135128780021784,110.5,9.76203252523121e+47,0.64,-0.4462871026284195
2211,hff11,hff11_2,long-duration_electrical_50.0~-1.0_1.0,hff11_2_long-duration_electrical_50.0~-1.0_1.0_1,F,FA,22.135128780021784,111.5,2.6535955622162162e+48,0.52,-0.6539264674066639
2212,hff11,hff11_2,long-duration_electrical_50.0~-1.0_1.0,hff11_2_long-duration_electrical_50.0~-1.0_1.0_1,F,FA,22.135128780021784,112.5,7.213220596851904e+48,0.64,-0.4462871026284195
2213,hff11,hff11_2,long-duration_electrical_50.0~-1.0_1.0,hff11_2_long-duration_electrical_50.0~-1.0_1.0_1,F,FA,22.135128780021784,113.5,1.960756647308904e+49,0.64,-0.4462871026284195
2214,hff11,hff11_2,long-duration_electrical_50.0~-1.0_1.0,hff11_2_long-duration_electrical_50.0~-1.0_1.0_1,F,FA,22.135128780021784,114.5,5.329889164410075e+49,0.64,-0.4462871026284195
2215,hff11,hff11_2,long-duration_electrical_50.0~-1.0_1.0,hff11_2_long-duration_electrical_50.0~-1.0_1.0_1,F,FA,22.135128780021784,115.5,1.4488140863316671e+50,0.58,-0.5447271754416722
2216,hff11,hff11_2,long-duration_electrical_50.0~-1.0_1.0,hff11_2_long-duration_electrical_50.0~-1.0_1.0_1,F,FA,22.135128780021784,116.5,3.9382850036908655e+50,0.66,-0.4155154439616658
2217,hff11,hff11_2,long-duration_electrical_50.0~-1.0_1.0,hff11_2_long-duration_electrical_50.0~-1.0_1.0_1,F,FA,22.135128780021784,117.5,1.0705368560825642e+51,0.64,-0.4462871026284195
2218,hff11,hff11_2,long-duration_electrical_50.0~-1.0_1.0,hff11_2_long-duration_electrical_50.0~-1.0_1.0_1,F,FA,22.135128780021784,118.5,2.9100208825849106e+51,0.56,-0.579818495252942
2219,hff11,hff11_2,long-duration_electrical_50.0~-1.0_1.0,hff11_2_long-duration_electrical_50.0~-1.0_1.0_1,F,FA,22.135128780021784,119.5,7.910256885566915e+51,0.58,-0.5447271754416722
2220,hff11,hff11_2,long-duration_electrical_50.0~-1.0_1.0,hff11_2_long-duration_electrical_50.0~-1.0_1.0_1,F,FA,22.135128780021784,120.5,2.1502307550479586e+52,0.62,-0.4780358009429998
2221,hff11,hff11_2,long-duration_electrical_50.0~-1.0_1.0,hff11_2_long-duration_electrical_50.0~-1.0_1.0_1,F,FA,22.135128780021784,121.5,5.844933188440638e+52,0.6,-0.5108256237659907
2222,hff11,hff11_2,long-duration_electrical_50.0~-1.0_1.0,hff11_2_long-duration_electrical_50.0~-1.0_1.0_1,F,FA,22.135128780021784,122.5,1.5888175674695377e+53,0.64,-0.4462871026284195
2223,hff11,hff11_2,long-duration_electrical_50.0~-1.0_1.0,hff11_2_long-duration_electrical_50.0~-1.0_1.0_1,F,FA,22.135128780021784,123.5,4.3188539223889476e+53,0.54,-0.616186139423817
2224,hff11,hff11_2,long-duration_electrical_50.0~-1.0_1.0,hff11_2_long-duration_electrical_50.0~-1.0_1.0_1,F,FA,22.135128780021784,124.5,1.1739862136998947e+54,0.64,-0.4462871026284195
2225,hff11,hff11_2,long-duration_electrical_50.0~-1.0_1.0,hff11_2_long-duration_electrical_50.0~-1.0_1.0_1,F,FA,22.135128780021784,125.5,3.191225391561861e+54,0.64,-0.4462871026284195
2226,hff11,hff11_2,long-duration_electrical_50.0~-1.0_1.0,hff11_2_long-duration_electrical_50.0~-1.0_1.0_1,F,FA,22.135128780021784,126.5,8.674649992399708e+54,0.56,-0.579818495252942
2227,hff11,hff11_2,long-duration_electrical_50.0~-1.0_1.0,hff11_2_long-duration_electrical_50.0~-1.0_1.0_1,F,FA,22.135128780021784,127.5,2.3580143442582524e+55,0.56,-0.579818495252942
2228,hff11,hff11_2,long-duration_electrical_50.0~-1.0_1.0,hff11_2_long-duration_electrical_50.0~-1.0_1.0_1,F,FA,22.135128780021784,128.5,6.409747543242979e+55,0.64,-0.4462871026284195
2229,hff11,hff11_2,long-duration_electrical_50.0~-1.0_1.0,hff11_2_long-duration_electrical_50.0~-1.0_1.0_1,F,FA,22.135128780021784,129.5,1.7423500271807397e+56,0.6,-0.5108256237659907
2230,hff11,hff11_2,long-duration_electrical_50.0~-1.0_1.0,hff11_2_long-duration_electrical_50.0~-1.0_1.0_1,F,FA,22.135128780021784,130.5,4.736198417700528e+56,0.58,-0.5447271754416722
2231,hff11,hff11_2,long-duration_electrical_50.0~-1.0_1.0,hff11_2_long-duration_electrical_50.0~-1.0_1.0_1,F,FA,22.135128780021784,131.5,1.287432209481183e+57,0.64,-0.4462871026284195
2232,hff11,hff11_2,long-duration_electrical_50.0~-1.0_1.0,hff11_2_long-duration_electrical_50.0~-1.0_1.0_1,F,FA,22.135128780021784,132.5,3.4996035804055786e+57,0.6,-0.5108256237659907
2233,hff11,hff11_2,long-duration_electrical_50.0~-1.0_1.0,hff11_2_long-duration_electrical_50.0~-1.0_1.0_1,F,FA,22.135128780021784,133.5,9.512908819426697e+57,0.66,-0.4155154439616658
2234,hff11,hff11_2,long-duration_electrical_50.0~-1.0_1.0,hff11_2_long-duration_electrical_50.0~-1.0_1.0_1,F,FA,22.135128780021784,134.5,2.585876717963538e+58,0.6,-0.5108256237659907
2235,hff11,hff11_2,long-duration_electrical_50.0~-1.0_1.0,hff11_2_long-duration_electrical_50.0~-1.0_1.0_1,F,FA,22.135128780021784,135.5,7.029141693075601e+58,0.56,-0.579818495252942
2236,hff11,hff11_2,long-duration_electrical_50.0~-1.0_1.0,hff11_2_long-duration_electrical_50.0~-1.0_1.0_1,F,FA,22.135128780021784,136.5,1.9107188133951252e+59,0.58,-0.5447271754416722
2237,hff11,hff11_2,long-duration_electrical_50.0~-1.0_1.0,hff11_2_long-duration_electrical_50.0~-1.0_1.0_1,F,FA,22.135128780021784,137.5,5.193872229746799e+59,0.56,-0.579818495252942
2238,hff11,hff11_2,long-duration_electrical_50.0~-1.0_1.0,hff11_2_long-duration_electrical_50.0~-1.0_1.0_1,F,FA,22.135128780021784,138.5,1.4118408501458785e+60,0.6,-0.5108256237659907
2239,hff11,hff11_2,long-duration_electrical_50.0~-1.0_1.0,hff11_2_long-duration_electrical_50.0~-1.0_1.0_1,F,FA,22.135128780021784,139.5,3.837781327627712e+60,0.58,-0.5447271754416722
2240,hff11,hff11_2,long-duration_electrical_50.0~-1.0_1.0,hff11_2_long-duration_electrical_50.0~-1.0_1.0_1,F,FA,22.135128780021784,140.5,1.0432171244489838e+61,0.52,-0.6539264674066639
2241,hff11,hff11_2,long-duration_electrical_50.0~-1.0_1.0,hff11_2_long-duration_electrical_50.0~-1.0_1.0_1,F,FA,22.135128780021784,141.5,2.835758152526971e+61,0.5,-0.6931471805599453
2242,hff11,hff11_2,long-duration_electrical_50.0~-1.0_1.0,hff11_2_long-duration_electrical_50.0~-1.0_1.0_1,F,FA,22.135128780021784,142.5,7.708389855918659e+61,0.56,-0.579818495252942
2243,hff11,hff11_2,long-duration_electrical_50.0~-1.0_1.0,hff11_2_long-duration_electrical_50.0~-1.0_1.0_1,F,FA,22.135128780021784,143.5,2.095357607202173e+62,0.58,-0.5447271754416722
2244,hff11,hff11_2,long-duration_electrical_50.0~-1.0_1.0,hff11_2_long-duration_electrical_50.0~-1.0_1.0_1,F,FA,22.135128780021784,144.5,5.6957725077810925e+62,0.56,-0.579818495252942
2245,hff11,hff11_2,long-duration_electrical_50.0~-1.0_1.0,hff11_2_long-duration_electrical_50.0~-1.0_1.0_1,F,FA,22.135128780021784,145.5,1.548271490693795e+63,0.64,-0.4462871026284195
2246,hff11,hff11_2,long-duration_electrical_50.0~-1.0_1.0,hff11_2_long-duration_electrical_50.0~-1.0_1.0_1,F,FA,22.135128780021784,146.5,4.20863825867414e+63,0.6,-0.5108256237659907
2247,hff11,hff11_2,long-duration_electrical_50.0~-1.0_1.0,hff11_2_long-duration_electrical_50.0~-1.0_1.0_1,F,FA,22.135128780021784,147.5,1.1440264901111434e+64,0.56,-0.579818495252942
2248,hff11,hff11_2,long-duration_electrical_50.0~-1.0_1.0,hff11_2_long-duration_electrical_50.0~-1.0_1.0_1,F,FA,22.135128780021784,148.5,3.109786419344903e+64,0.58,-0.5447271754416722
2249,hff11,hff11_2,long-duration_electrical_50.0~-1.0_1.0,hff11_2_long-duration_electrical_50.0~-1.0_1.0_1,F,FA,22.135128780021784,149.5,8.45327591409397e+64,0.58,-0.5447271754416722
2250,hff11,hff11_2,long-duration_electrical_50.0~-1.0_1.0,hff11_2_long-duration_electrical_50.0~-1.0_1.0_1,F,FA,22.135128780021784,150.5,2.297838630823216e+65,0.52,-0.6539264674066639
2251,hff11,hff11_2,long-duration_electrical_50.0~-1.0_1.0,hff11_2_long-duration_electrical_50.0~-1.0_1.0_1,F,FA,22.135128780021784,151.5,6.246172994897961e+65,0.6,-0.5108256237659907
2252,hff11,hff11_2,long-duration_electrical_50.0~-1.0_1.0,hff11_2_long-duration_electrical_50.0~-1.0_1.0_1,F,FA,22.135128780021784,152.5,1.6978858549442743e+66,0.5,-0.6931471805599453
2253,hff11,hff11_2,long-duration_electrical_50.0~-1.0_1.0,hff11_2_long-duration_electrical_50.0~-1.0_1.0_1,F,FA,22.135128780021784,153.5,4.6153322662926706e+66,0.56,-0.579818495252942
2254,hff11,hff11_2,long-duration_electrical_50.0~-1.0_1.0,hff11_2_long-duration_electrical_50.0~-1.0_1.0_1,F,FA,22.135128780021784,154.5,1.254577383176407e+67,0.54,-0.616186139423817
2255,hff11,hff11_2,long-duration_electrical_50.0~-1.0_1.0,hff11_2_long-duration_electrical_50.0~-1.0_1.0_1,F,FA,22.135128780021784,155.5,3.4102949030841276e+67,0.56,-0.579818495252942
2256,hff11,hff11_2,long-duration_electrical_50.0~-1.0_1.0,hff11_2_long-duration_electrical_50.0~-1.0_1.0_1,F,FA,22.135128780021784,156.5,9.270142664740085e+67,0.58,-0.5447271754416722
2257,hff11,hff11_2,long-duration_electrical_50.0~-1.0_1.0,hff11_2_long-duration_electrical_50.0~-1.0_1.0_1,F,FA,22.135128780021784,157.5,2.5198860352785887e+68,0.54,-0.616186139423817
2258,hff11,hff11_2,long-duration_electrical_50.0~-1.0_1.0,hff11_2_long-duration_electrical_50.0~-1.0_1.0_1,F,FA,22.135128780021784,158.5,6.849760419485496e+68,0.58,-0.5447271754416722
2259,hff11,hff11_2,long-duration_electrical_50.0~-1.0_1.0,hff11_2_long-duration_electrical_50.0~-1.0_1.0_1,F,FA,22.135128780021784,159.5,1.861957927758543e+69,0.56,-0.579818495252942
2260,hff11,hff11_2,long-duration_electrical_50.0~-1.0_1.0,hff11_2_long-duration_electrical_50.0~-1.0_1.0_1,F,FA,22.135128780021784,160.5,5.0613264003813075e+69,0.58,-0.5447271754416722
2261,hff11,hff11_2,long-duration_electrical_50.0~-1.0_1.0,hff11_2_long-duration_electrical_50.0~-1.0_1.0_1,F,FA,22.135128780021784,161.5,1.3758111582056537e+70,0.52,-0.6539264674066639
2262,hff11,hff11_2,long-duration_electrical_50.0~-1.0_1.0,hff11_2_long-duration_electrical_50.0~-1.0_1.0_1,F,FA,22.135128780021784,162.5,3.7398424707416215e+70,0.52,-0.6539264674066639
2263,hff11,hff11_2,long-duration_electrical_50.0~-1.0_1.0,hff11_2_long-duration_electrical_50.0~-1.0_1.0_1,F,FA,22.135128780021784,163.5,1.0165945829516327e+71,0.56,-0.579818495252942
2264,hff11,hff11_2,long-duration_electrical_50.0~-1.0_1.0,hff11_2_long-duration_electrical_50.0~-1.0_1.0_1,F,FA,22.135128780021784,164.5,2.763390581747325e+71,0.54,-0.616186139423817
2265,hff11,hff11_2,long-duration_electrical_50.0~-1.0_1.0,hff11_2_long-duration_electrical_50.0~-1.0_1.0_1,F,FA,22.135128780021784,165.5,7.511674403298623e+71,0.52,-0.6539264674066639
2266,hff11,hff11_2,long-duration_electrical_50.0~-1.0_1.0,hff11_2_long-duration_electrical_50.0~-1.0_1.0_1,F,FA,22.135128780021784,166.5,2.0418848031787588e+72,0.54,-0.616186139423817
2267,hff11,hff11_2,long-duration_electrical_50.0~-1.0_1.0,hff11_2_long-duration_electrical_50.0~-1.0_1.0_1,F,FA,22.135128780021784,167.5,5.550418356287494e+72,0.52,-0.6539264674066639
2268,hff11,hff11_2,long-duration_electrical_50.0~-1.0_1.0,hff11_2_long-duration_electrical_50.0~-1.0_1.0_1,F,FA,22.135128780021784,168.5,1.5087601358241818e+73,0.5,-0.6931471805599453
2269,hff11,hff11_2,long-duration_electrical_50.0~-1.0_1.0,hff11_2_long-duration_electrical_50.0~-1.0_1.0_1,F,FA,22.135128780021784,169.5,4.101235260714274e+73,0.52,-0.6539264674066639
2270,hff11,hff11_2,long-duration_electrical_50.0~-1.0_1.0,hff11_2_long-duration_electrical_50.0~-1.0_1.0_1,F,FA,22.135128780021784,170.5,1.1148313283435107e+74,0.54,-0.616186139423817
2271,hff11,hff11_2,long-duration_electrical_50.0~-1.0_1.0,hff11_2_long-duration_electrical_50.0~-1.0_1.0_1,F,FA,22.135128780021784,171.5,3.030425741633024e+74,0.46,-0.7765287894989963
2272,hff11,hff11_2,long-duration_electrical_50.0~-1.0_1.0,hff11_2_long-duration_electrical_50.0~-1.0_1.0_1,F,FA,22.135128780021784,172.5,8.237551225975576e+74,0.54,-0.616186139423817
2273,hff11,hff11_2,long-duration_electrical_50.0~-1.0_1.0,hff11_2_long-duration_electrical_50.0~-1.0_1.0_1,F,FA,22.135128780021784,173.5,2.239198580856994e+75,0.46,-0.7765287894989963
2274,hff11,hff11_2,long-duration_electrical_50.0~-1.0_1.0,hff11_2_long-duration_electrical_50.0~-1.0_1.0_1,F,FA,22.135128780021784,174.5,6.0867728126548485e+75,0.44,-0.8209805520698302
2275,hff11,hff11_2,long-duration_electrical_50.0~-1.0_1.0,hff11_2_long-duration_electrical_50.0~-1.0_1.0_1,F,FA,22.135128780021784,175.5,1.6545563930598225e+76,0.52,-0.6539264674066639
2276,hff11,hff11_2,long-duration_electrical_50.0~-1.0_1.0,hff11_2_long-duration_electrical_50.0~-1.0_1.0_1,F,FA,22.135128780021784,176.5,4.4975505774152577e+76,0.54,-0.616186139423817
2277,hff11,hff11_2,long-duration_electrical_50.0~-1.0_1.0,hff11_2_long-duration_electrical_50.0~-1.0_1.0_1,F,FA,22.135128780021784,177.5,1.222561000716338e+77,0.48,-0.7339691750802004
2278,hff11,hff11_2,long-duration_electrical_50.0~-1.0_1.0,hff11_2_long-duration_electrical_50.0~-1.0_1.0_1,F,FA,22.135128780021784,178.5,3.323265352429928e+77,0.5,-0.6931471805599453
2279,hff11,hff11_2,long-duration_electrical_50.0~-1.0_1.0,hff11_2_long-duration_electrical_50.0~-1.0_1.0_1,F,FA,22.135128780021784,179.5,9.033571818657817e+77,0.52,-0.6539264674066639
2280,hff11,hff11_2,long-duration_electrical_50.0~-1.0_1.0,hff11_2_long-duration_electrical_50.0~-1.0_1.0_1,F,FA,22.135128780021784,180.5,2.455579412073727e+78,0.5,-0.6931471805599453
2281,hff11,hff11_2,long-duration_electrical_50.0~-1.0_1.0,hff11_2_long-duration_electrical_50.0~-1.0_1.0_1,F,FA,22.135128780021784,181.5,6.674956894178159e+78,0.5,-0.6931471805599453
2282,hff11,hff11_2,long-duration_electrical_50.0~-1.0_1.0,hff11_2_long-duration_electrical_50.0~-1.0_1.0_1,F,FA,22.135128780021784,182.5,1.8144414031191914e+79,0.44,-0.8209805520698302
2283,hff11,hff11_2,long-duration_electrical_50.0~-1.0_1.0,hff11_2_long-duration_electrical_50.0~-1.0_1.0_1,F,FA,22.135128780021784,183.5,4.932163094902632e+79,0.5,-0.6931471805599453
2284,hff11,hff11_2,long-duration_electrical_50.0~-1.0_1.0,hff11_2_long-duration_electrical_50.0~-1.0_1.0_1,F,FA,22.135128780021784,184.5,1.3407009315870148e+80,0.48,-0.7339691750802004
2285,hff11,hff11_2,long-duration_electrical_50.0~-1.0_1.0,hff11_2_long-duration_electrical_50.0~-1.0_1.0_1,F,FA,22.135128780021784,185.5,3.6444029797310963e+80,0.48,-0.7339691750802004
2286,hff11,hff11_2,long-duration_electrical_50.0~-1.0_1.0,hff11_2_long-duration_electrical_50.0~-1.0_1.0_1,F,FA,22.135128780021784,186.5,9.906514395385036e+80,0.52,-0.6539264674066639
2287,hff11,hff11_2,long-duration_electrical_50.0~-1.0_1.0,hff11_2_long-duration_electrical_50.0~-1.0_1.0_1,F,FA,22.135128780021784,187.5,2.692869806434309e+81,0.48,-0.7339691750802004
2288,hff11,hff11_2,long-duration_electrical_50.0~-1.0_1.0,hff11_2_long-duration_electrical_50.0~-1.0_1.0_1,F,FA,22.135128780021784,188.5,7.319979061236409e+81,0.42,-0.8675005677047231
2289,hff11,hff11_2,long-duration_electrical_50.0~-1.0_1.0,hff11_2_long-duration_electrical_50.0~-1.0_1.0_1,F,FA,22.135128780021784,189.5,1.989776606685963e+82,0.46,-0.7765287894989963
2290,hff11,hff11_2,long-duration_electrical_50.0~-1.0_1.0,hff11_2_long-duration_electrical_50.0~-1.0_1.0_1,F,FA,22.135128780021784,190.5,5.408773592647354e+82,0.46,-0.7765287894989963
2291,hff11,hff11_2,long-duration_electrical_50.0~-1.0_1.0,hff11_2_long-duration_electrical_50.0~-1.0_1.0_1,F,FA,22.135128780021784,191.5,1.470257097114245e+83,0.5,-0.6931471805599453
2292,hff11,hff11_2,long-duration_electrical_50.0~-1.0_1.0,hff11_2_long-duration_electrical_50.0~-1.0_1.0_1,F,FA,22.135128780021784,192.5,3.9965731502485976e+83,0.48,-0.7339691750802004
2293,hff11,hff11_2,long-duration_electrical_50.0~-1.0_1.0,hff11_2_long-duration_electrical_50.0~-1.0_1.0_1,F,FA,22.135128780021784,193.5,1.0863812170428086e+84,0.48,-0.7339691750802004
2294,hff11,hff11_2,long-duration_electrical_50.0~-1.0_1.0,hff11_2_long-duration_electrical_50.0~-1.0_1.0_1,F,FA,22.135128780021784,194.5,2.9530903210666885e+84,0.44,-0.8209805520698302
2295,hff11,hff11_2,long-duration_electrical_50.0~-1.0_1.0,hff11_2_long-duration_electrical_50.0~-1.0_1.0_1,F,FA,22.135128780021784,195.5,8.027331757553867e+84,0.44,-0.8209805520698302
2296,hff11,hff11_2,long-duration_electrical_50.0~-1.0_1.0,hff11_2_long-duration_electrical_50.0~-1.0_1.0_1,F,FA,22.135128780021784,196.5,2.1820550047570884e+85,0.48,-0.7339691750802004
2297,hff11,hff11_2,long-duration_electrical_50.0~-1.0_1.0,hff11_2_long-duration_electrical_50.0~-1.0_1.0_1,F,FA,22.135128780021784,197.5,5.931440468129309e+85,0.48,-0.7339691750802004
2298,hff11,hff11_2,long-duration_electrical_50.0~-1.0_1.0,hff11_2_long-duration_electrical_50.0~-1.0_1.0_1,F,FA,22.135128780021784,198.5,1.6123326841102515e+86,0.46,-0.7765287894989963
2299,hff11,hff11_2,long-duration_electrical_50.0~-1.0_1.0,hff11_2_long-duration_electrical_50.0~-1.0_1.0_1,F,FA,22.135128780021784,199.5,4.3827746366474943e+86,0.46,-0.7765287894989963
2300,hff11,hff11_2,long-duration_electrical_50.0~-1.0_1.0,hff11_2_long-duration_electrical_50.0~-1.0_1.0_1,F,FA,22.135128780021784,200.5,1.1913616653030078e+87,0.46,-0.7765287894989963
2301,hff11,hff11_2,long-duration_electrical_50.0~-1.0_1.0,hff11_2_long-duration_electrical_50.0~-1.0_1.0_1,F,FA,22.135128780021784,201.5,3.238456765915873e+87,0.46,-0.7765287894989963
2302,hff11,hff11_2,long-duration_electrical_50.0~-1.0_1.0,hff11_2_long-duration_electrical_50.0~-1.0_1.0_1,F,FA,22.135128780021784,202.5,8.803038179039366e+87,0.5,-0.6931471805599453
2303,hff11,hff11_2,long-duration_electrical_50.0~-1.0_1.0,hff11_2_long-duration_electrical_50.0~-1.0_1.0_1,F,FA,22.135128780021784,203.5,2.392913871731391e+88,0.48,-0.7339691750802004
2304,hff11,hff11_2,long-duration_electrical_50.0~-1.0_1.0,hff11_2_long-duration_electrical_50.0~-1.0_1.0_1,F,FA,22.135128780021784,204.5,6.50461429459502e+88,0.46,-0.7765287894989963
2305,hff11,hff11_2,long-duration_electrical_50.0~-1.0_1.0,hff11_2_long-duration_electrical_50.0~-1.0_1.0_1,F,FA,22.135128780021784,205.5,1.7681374838132593e+89,0.5,-0.6931471805599453
2306,hff11,hff11_2,long-duration_electrical_50.0~-1.0_1.0,hff11_2_long-duration_electrical_50.0~-1.0_1.0_1,F,FA,22.135128780021784,206.5,4.806295992466882e+89,0.44,-0.8209805520698302
2307,hff11,hff11_2,long-duration_electrical_50.0~-1.0_1.0,hff11_2_long-duration_electrical_50.0~-1.0_1.0_1,F,FA,22.135128780021784,207.5,1.3064867058518258e+90,0.42,-0.8675005677047231
2308,hff11,hff11_2,long-duration_electrical_50.0~-1.0_1.0,hff11_2_long-duration_electrical_50.0~-1.0_1.0_1,F,FA,22.135128780021784,208.5,3.5513990716403354e+90,0.48,-0.7339691750802004
2309,hff11,hff11_2,long-duration_electrical_50.0~-1.0_1.0,hff11_2_long-duration_electrical_50.0~-1.0_1.0_1,F,FA,22.135128780021784,209.5,9.653703562046247e+90,0.46,-0.7765287894989963
2310,hff11,hff11_2,long-duration_electrical_50.0~-1.0_1.0,hff11_2_long-duration_electrical_50.0~-1.0_1.0_1,F,FA,22.135128780021784,210.5,2.624148697004067e+91,0.42,-0.8675005677047231
2311,hff11,hff11_2,long-duration_electrical_50.0~-1.0_1.0,hff11_2_long-duration_electrical_50.0~-1.0_1.0_1,F,FA,22.135128780021784,211.5,7.133175718240636e+91,0.46,-0.7765287894989963
2312,hff11,hff11_2,long-duration_electrical_50.0~-1.0_1.0,hff11_2_long-duration_electrical_50.0~-1.0_1.0_1,F,FA,22.135128780021784,212.5,1.938998193409882e+92,0.4,-0.916290731874155
2313,hff11,hff11_2,long-duration_electrical_50.0~-1.0_1.0,hff11_2_long-duration_electrical_50.0~-1.0_1.0_1,F,FA,22.135128780021784,213.5,5.270743554560999e+92,0.44,-0.8209805520698302
2314,hff11,hff11_2,long-duration_electrical_50.0~-1.0_1.0,hff11_2_long-duration_electrical_50.0~-1.0_1.0_1,F,FA,22.135128780021784,214.5,1.4327366426830802e+93,0.44,-0.8209805520698302
2315,hff11,hff11_2,long-duration_electrical_50.0~-1.0_1.0,hff11_2_long-duration_electrical_50.0~-1.0_1.0_1,F,FA,22.135128780021784,215.5,3.894581980772837e+93,0.4,-0.916290731874155
2316,hff11,hff11_2,long-duration_electrical_50.0~-1.0_1.0,hff11_2_long-duration_electrical_50.0~-1.0_1.0_1,F,FA,22.135128780021784,216.5,1.0586571427778838e+94,0.44,-0.8209805520698302
2317,hff11,hff11_2,long-duration_electrical_50.0~-1.0_1.0,hff11_2_long-duration_electrical_50.0~-1.0_1.0_1,F,FA,22.135128780021784,217.5,2.877728473781494e+94,0.42,-0.8675005677047231
2318,hff11,hff11_2,long-duration_electrical_50.0~-1.0_1.0,hff11_2_long-duration_electrical_50.0~-1.0_1.0_1,F,FA,22.135128780021784,218.5,7.822477017519418e+94,0.48,-0.7339691750802004
2319,hff11,hff11_2,long-duration_electrical_50.0~-1.0_1.0,hff11_2_long-duration_electrical_50.0~-1.0_1.0_1,F,FA,22.135128780021784,219.5,2.126369713026154e+95,0.38,-0.9675840262617056
2320,hff11,hff11_2,long-duration_electrical_50.0~-1.0_1.0,hff11_2_long-duration_electrical_50.0~-1.0_1.0_1,F,FA,22.135128780021784,220.5,5.780072151504669e+95,0.44,-0.8209805520698302
2321,hff11,hff11_2,long-duration_electrical_50.0~-1.0_1.0,hff11_2_long-duration_electrical_50.0~-1.0_1.0_1,F,FA,22.135128780021784,221.5,1.5711865096617322e+96,0.42,-0.8675005677047231
2322,hff11,hff11_2,long-duration_electrical_50.0~-1.0_1.0,hff11_2_long-duration_electrical_50.0~-1.0_1.0_1,F,FA,22.135128780021784,222.5,4.2709277383334783e+96,0.44,-0.8209805520698302
2323,hff11,hff11_2,long-duration_electrical_50.0~-1.0_1.0,hff11_2_long-duration_electrical_50.0~-1.0_1.0_1,F,FA,22.135128780021784,223.5,1.1609585261773583e+97,0.42,-0.8675005677047231
2324,hff11,hff11_2,long-duration_electrical_50.0~-1.0_1.0,hff11_2_long-duration_electrical_50.0~-1.0_1.0_1,F,FA,22.135128780021784,224.5,3.1558124653025077e+97,0.4,-0.916290731874155
2325,hff11,hff11_2,long-duration_electrical_50.0~-1.0_1.0,hff11_2_long-duration_electrical_50.0~-1.0_1.0_1,F,FA,22.135128780021784,225.5,8.578387678456348e+97,0.42,-0.8675005677047231
2326,hff11,hff11_2,long-duration_electrical_50.0~-1.0_1.0,hff11_2_long-duration_electrical_50.0~-1.0_1.0_1,F,FA,22.135128780021784,226.5,2.3318475343824867e+98,0.48,-0.7339691750802004
2327,hff11,hff11_2,long-duration_electrical_50.0~-1.0_1.0,hff11_2_long-duration_electrical_50.0~-1.0_1.0_1,F,FA,22.135128780021784,227.5,6.338618779448942e+98,0.44,-0.8209805520698302
2328,hff11,hff11_2,long-duration_electrical_50.0~-1.0_1.0,hff11_2_long-duration_electrical_50.0~-1.0_1.0_1,F,FA,22.135128780021784,228.5,1.723015224570531e+99,0.46,-0.7765287894989963
2329,hff11,hff11_2,long-duration_electrical_50.0~-1.0_1.0,hff11_2_long-duration_electrical_50.0~-1.0_1.0_1,F,FA,22.135128780021784,229.5,4.683640975108356e+99,0.42,-0.8675005677047231
2330,hff11,hff11_2,long-duration_electrical_50.0~-1.0_1.0,hff11_2_long-duration_electrical_50.0~-1.0_1.0_1,F,FA,22.135128780021784,230.5,1.2731456153663248e+100,0.46,-0.7765287894989963
2331,hff11,hff11_2,long-duration_electrical_50.0~-1.0_1.0,hff11_2_long-duration_electrical_50.0~-1.0_1.0_1,F,FA,22.135128780021784,231.5,3.4607685912325894e+100,0.42,-0.8675005677047231
2332,hff11,hff11_2,long-duration_electrical_50.0~-1.0_1.0,hff11_2_long-duration_electrical_50.0~-1.0_1.0_1,F,FA,22.135128780021784,232.5,9.407344374049358e+100,0.38,-0.9675840262617056
2333,hff11,hff11_2,long-duration_electrical_50.0~-1.0_1.0,hff11_2_long-duration_electrical_50.0~-1.0_1.0_1,F,FA,22.135128780021784,233.5,2.55718132660348e+101,0.4,-0.916290731874155
2334,hff11,hff11_2,long-duration_electrical_50.0~-1.0_1.0,hff11_2_long-duration_electrical_50.0~-1.0_1.0_1,F,FA,22.135128780021784,234.5,6.951139532181034e+101,0.42,-0.8675005677047231
2335,hff11,hff11_2,long-duration_electrical_50.0~-1.0_1.0,hff11_2_long-duration_electrical_50.0~-1.0_1.0_1,F,FA,22.135128780021784,235.5,1.8895156277411014e+102,0.38,-0.9675840262617056
2336,hff11,hff11_2,long-duration_electrical_50.0~-1.0_1.0,hff11_2_long-duration_electrical_50.0~-1.0_1.0_1,F,FA,22.135128780021784,236.5,5.136235995478022e+102,0.38,-0.9675840262617056
2337,hff11,hff11_2,long-duration_electrical_50.0~-1.0_1.0,hff11_2_long-duration_electrical_50.0~-1.0_1.0_1,F,FA,22.135128780021784,237.5,1.3961736973185161e+103,0.38,-0.9675840262617056
2338,hff11,hff11_2,long-duration_electrical_50.0~-1.0_1.0,hff11_2_long-duration_electrical_50.0~-1.0_1.0_1,F,FA,22.135128780021784,238.5,3.795193590793402e+103,0.4,-0.916290731874155
2339,hff11,hff11_2,long-duration_electrical_50.0~-1.0_1.0,hff11_2_long-duration_electrical_50.0~-1.0_1.0_1,F,FA,22.135128780021784,239.5,1.0316405773337937e+104,0.44,-0.8209805520698302
2340,hff11,hff11_2,long-duration_electrical_50.0~-1.0_1.0,hff11_2_long-duration_electrical_50.0~-1.0_1.0_1,F,FA,22.135128780021784,240.5,2.80428983486745e+104,0.38,-0.9675840262617056
2341,hff11,hff11_2,long-duration_electrical_50.0~-1.0_1.0,hff11_2_long-duration_electrical_50.0~-1.0_1.0_1,F,FA,22.135128780021784,241.5,7.622850099852606e+104,0.42,-0.8675005677047231
2342,hff11,hff11_2,long-duration_electrical_50.0~-1.0_1.0,hff11_2_long-duration_electrical_50.0~-1.0_1.0_1,F,FA,22.135128780021784,242.5,2.0721054907496557e+105,0.42,-0.8675005677047231
2343,hff11,hff11_2,long-duration_electrical_50.0~-1.0_1.0,hff11_2_long-duration_electrical_50.0~-1.0_1.0_1,F,FA,22.135128780021784,243.5,5.632566702155002e+105,0.4,-0.916290731874155
2344,hff11,hff11_2,long-duration_electrical_50.0~-1.0_1.0,hff11_2_long-duration_electrical_50.0~-1.0_1.0_1,F,FA,22.135128780021784,244.5,1.531090371405143e+106,0.46,-0.7765287894989963
2345,hff11,hff11_2,long-duration_electrical_50.0~-1.0_1.0,hff11_2_long-duration_electrical_50.0~-1.0_1.0_1,F,FA,22.135128780021784,245.5,4.161935134319211e+106,0.42,-0.8675005677047231
2346,hff11,hff11_2,long-duration_electrical_50.0~-1.0_1.0,hff11_2_long-duration_electrical_50.0~-1.0_1.0_1,F,FA,22.135128780021784,246.5,1.1313312646845167e+107,0.38,-0.9675840262617056
2347,hff11,hff11_2,long-duration_electrical_50.0~-1.0_1.0,hff11_2_long-duration_electrical_50.0~-1.0_1.0_1,F,FA,22.135128780021784,247.5,3.0752772187595124e+107,0.48,-0.7339691750802004
2348,hff11,hff11_2,long-duration_electrical_50.0~-1.0_1.0,hff11_2_long-duration_electrical_50.0~-1.0_1.0_1,F,FA,22.135128780021784,248.5,8.359470181228054e+107,0.42,-0.8675005677047231
2349,hff11,hff11_2,long-duration_electrical_50.0~-1.0_1.0,hff11_2_long-duration_electrical_50.0~-1.0_1.0_1,F,FA,22.135128780021784,249.5,2.272339588917746e+108,0.46,-0.7765287894989963
2350,hff11,hff11_2,long-duration_electrical_50.0~-1.0_1.0,hff11_2_long-duration_electrical_50.0~-1.0_1.0_1,F,FA,22.135128780021784,250.5,6.176859412643206e+108,0.4,-0.916290731874155
2351,hff11,hff11_2,long-duration_electrical_50.0~-1.0_1.0,hff11_2_long-duration_electrical_50.0~-1.0_1.0_1,F,FA,22.135128780021784,251.5,1.679044469833424e+109,0.46,-0.7765287894989963
2352,hff11,hff11_2,long-duration_electrical_50.0~-1.0_1.0,hff11_2_long-duration_electrical_50.0~-1.0_1.0_1,F,FA,22.135128780021784,252.5,4.564116071522848e+109,0.44,-0.8209805520698302
2353,hff11,hff11_2,long-duration_electrical_50.0~-1.0_1.0,hff11_2_long-duration_electrical_50.0~-1.0_1.0_1,F,FA,22.135128780021784,253.5,1.240655378019844e+110,0.42,-0.8675005677047231
2354,hff11,hff11_2,long-duration_electrical_50.0~-1.0_1.0,hff11_2_long-duration_electrical_50.0~-1.0_1.0_1,F,FA,22.135128780021784,254.5,3.37245096945133e+110,0.4,-0.916290731874155
2355,hff11,hff11_2,long-duration_electrical_50.0~-1.0_1.0,hff11_2_long-duration_electrical_50.0~-1.0_1.0_1,F,FA,22.135128780021784,255.5,9.16727218762864e+110,0.5,-0.6931471805599453
2356,hff11,hff11_2,long-duration_electrical_50.0~-1.0_1.0,hff11_2_long-duration_electrical_50.0~-1.0_1.0_1,F,FA,22.135128780021784,256.5,2.491922940416893e+111,0.44,-0.8209805520698302
2357,hff11,hff11_2,long-duration_electrical_50.0~-1.0_1.0,hff11_2_long-duration_electrical_50.0~-1.0_1.0_1,F,FA,22.135128780021784,257.5,6.773748846855472e+111,0.46,-0.7765287894989963
2358,hff11,hff11_2,long-duration_electrical_50.0~-1.0_1.0,hff11_2_long-duration_electrical_50.0~-1.0_1.0_1,F,FA,22.135128780021784,258.5,1.8412958400952643e+112,0.44,-0.8209805520698302
2359,hff11,hff11_2,long-duration_electrical_50.0~-1.0_1.0,hff11_2_long-duration_electrical_50.0~-1.0_1.0_1,F,FA,22.135128780021784,259.5,5.005161022948189e+112,0.44,-0.8209805520698302
2360,hff11,hff11_2,long-duration_electrical_50.0~-1.0_1.0,hff11_2_long-duration_electrical_50.0~-1.0_1.0_1,F,FA,22.135128780021784,260.5,1.3605438257191548e+113,0.44,-0.8209805520698302
2361,hff11,hff11_2,long-duration_electrical_50.0~-1.0_1.0,hff11_2_long-duration_electrical_50.0~-1.0_1.0_1,F,FA,22.135128780021784,261.5,3.698341558274529e+113,0.38,-0.9675840262617056
2362,hff11,hff11_2,long-duration_electrical_50.0~-1.0_1.0,hff11_2_long-duration_electrical_50.0~-1.0_1.0_1,F,FA,22.135128780021784,262.5,1.005313465329256e+114,0.44,-0.8209805520698302
2363,hff11,hff11_2,long-duration_electrical_50.0~-1.0_1.0,hff11_2_long-duration_electrical_50.0~-1.0_1.0_1,F,FA,22.135128780021784,263.5,2.732725324709709e+114,0.48,-0.7339691750802004
2364,hff11,hff11_2,long-duration_electrical_50.0~-1.0_1.0,hff11_2_long-duration_electrical_50.0~-1.0_1.0_1,F,FA,22.135128780021784,264.5,7.428317592328247e+114,0.52,-0.6539264674066639
2365,hff11,hff11_2,long-duration_electrical_50.0~-1.0_1.0,hff11_2_long-duration_electrical_50.0~-1.0_1.0_1,F,FA,22.135128780021784,265.5,2.0192260727248517e+115,0.4,-0.916290731874155
2366,hff11,hff11_2,long-duration_electrical_50.0~-1.0_1.0,hff11_2_long-duration_electrical_50.0~-1.0_1.0_1,F,FA,22.135128780021784,266.5,5.4888255410386875e+115,0.38,-0.9675840262617056
2367,hff11,hff11_2,long-duration_electrical_50.0~-1.0_1.0,hff11_2_long-duration_electrical_50.0~-1.0_1.0_1,F,FA,22.135128780021784,267.5,1.4920174727787351e+116,0.38,-0.9675840262617056
2368,hff11,hff11_2,long-duration_electrical_50.0~-1.0_1.0,hff11_2_long-duration_electrical_50.0~-1.0_1.0_1,F,FA,22.135128780021784,268.5,4.055723983997824e+116,0.4,-0.916290731874155
2369,hff11,hff11_2,long-duration_electrical_50.0~-1.0_1.0,hff11_2_long-duration_electrical_50.0~-1.0_1.0_1,F,FA,22.135128780021784,269.5,1.1024600806946808e+117,0.44,-0.8209805520698302
2370,hff11,hff11_2,long-duration_electrical_50.0~-1.0_1.0,hff11_2_long-duration_electrical_50.0~-1.0_1.0_1,F,FA,22.135128780021784,270.5,2.9967972039538434e+117,0.4,-0.916290731874155
2371,hff11,hff11_2,long-duration_electrical_50.0~-1.0_1.0,hff11_2_long-duration_electrical_50.0~-1.0_1.0_1,F,FA,22.135128780021784,271.5,8.146139383084608e+117,0.4,-0.916290731874155
2372,hff11,hff11_2,long-duration_electrical_50.0~-1.0_1.0,hff11_2_long-duration_electrical_50.0~-1.0_1.0_1,F,FA,22.135128780021784,272.5,2.214350265713347e+118,0.42,-0.8675005677047231
2373,hff11,hff11_2,long-duration_electrical_50.0~-1.0_1.0,hff11_2_long-duration_electrical_50.0~-1.0_1.0_1,F,FA,22.135128780021784,273.5,6.019228089132049e+118,0.42,-0.8675005677047231
2374,hff11,hff11_2,long-duration_electrical_50.0~-1.0_1.0,hff11_2_long-duration_electrical_50.0~-1.0_1.0_1,F,FA,22.135128780021784,274.5,1.636195833603791e+119,0.36,-1.0216512475319814
2375,hff11,hff11_2,long-duration_electrical_50.0~-1.0_1.0,hff11_2_long-duration_electrical_50.0~-1.0_1.0_1,F,FA,22.135128780021784,275.5,4.447641402285585e+119,0.42,-0.8675005677047231
2376,hff11,hff11_2,long-duration_electrical_50.0~-1.0_1.0,hff11_2_long-duration_electrical_50.0~-1.0_1.0_1,F,FA,22.135128780021784,276.5,1.2089942803335012e+120,0.42,-0.8675005677047231
2377,hff11,hff11_2,long-duration_electrical_50.0~-1.0_1.0,hff11_2_long-duration_electrical_50.0~-1.0_1.0_1,F,FA,22.135128780021784,277.5,3.286387182941477e+120,0.38,-0.9675840262617056
2378,hff11,hff11_2,long-duration_electrical_50.0~-1.0_1.0,hff11_2_long-duration_electrical_50.0~-1.0_1.0_1,F,FA,22.135128780021784,278.5,8.933326560670529e+120,0.4,-0.916290731874155
2379,hff11,hff11_2,long-duration_electrical_50.0~-1.0_1.0,hff11_2_long-duration_electrical_50.0~-1.0_1.0_1,F,FA,22.135128780021784,279.5,2.428329925756124e+121,0.44,-0.8209805520698302
2380,hff11,hff11_2,long-duration_electrical_50.0~-1.0_1.0,hff11_2_long-duration_electrical_50.0~-1.0_1.0_1,F,FA,22.135128780021784,280.5,6.600885110686175e+121,0.44,-0.8209805520698302
2381,hff11,hff11_2,long-duration_electrical_50.0~-1.0_1.0,hff11_2_long-duration_electrical_50.0~-1.0_1.0_1,F,FA,22.135128780021784,281.5,1.79430660481241e+122,0.38,-0.9675840262617056
2382,hff11,hff11_2,long-duration_electrical_50.0~-1.0_1.0,hff11_2_long-duration_electrical_50.0~-1.0_1.0_1,F,FA,22.135128780021784,282.5,4.877431038545619e+122,0.44,-0.8209805520698302
2383,hff11,hff11_2,long-duration_electrical_50.0~-1.0_1.0,hff11_2_long-duration_electrical_50.0~-1.0_1.0_1,F,FA,22.135128780021784,283.5,1.3258232161640687e+123,0.46,-0.7765287894989963
2384,hff11,hff11_2,long-duration_electrical_50.0~-1.0_1.0,hff11_2_long-duration_electrical_50.0~-1.0_1.0_1,F,FA,22.135128780021784,284.5,3.603961156247916e+123,0.46,-0.7765287894989963
2385,hff11,hff11_2,long-duration_electrical_50.0~-1.0_1.0,hff11_2_long-duration_electrical_50.0~-1.0_1.0_1,F,FA,22.135128780021784,285.5,9.796582121500962e+123,0.38,-0.9675840262617056
2386,hff11,hff11_2,long-duration_electrical_50.0~-1.0_1.0,hff11_2_long-duration_electrical_50.0~-1.0_1.0_1,F,FA,22.135128780021784,286.5,2.6629871161882825e+124,0.44,-0.8209805520698302
2387,hff11,hff11_2,long-duration_electrical_50.0~-1.0_1.0,hff11_2_long-duration_electrical_50.0~-1.0_1.0_1,F,FA,22.135128780021784,287.5,7.238749487355165e+124,0.38,-0.9675840262617056
2388,hff11,hff11_2,long-duration_electrical_50.0~-1.0_1.0,hff11_2_long-duration_electrical_50.0~-1.0_1.0_1,F,FA,22.135128780021784,288.5,1.9676961192244775e+125,0.42,-0.8675005677047231
2389,hff11,hff11_2,long-duration_electrical_50.0~-1.0_1.0,hff11_2_long-duration_electrical_50.0~-1.0_1.0_1,F,FA,22.135128780021784,289.5,5.3487526048172796e+125,0.46,-0.7765287894989963
2390,hff11,hff11_2,long-duration_electrical_50.0~-1.0_1.0,hff11_2_long-duration_electrical_50.0~-1.0_1.0_1,F,FA,22.135128780021784,290.5,1.4539417010597797e+126,0.42,-0.8675005677047231
2391,hff11,hff11_2,long-duration_electrical_50.0~-1.0_1.0,hff11_2_long-duration_electrical_50.0~-1.0_1.0_1,F,FA,22.135128780021784,291.5,3.952223305629632e+126,0.36,-1.0216512475319814
2392,hff11,hff11_2,long-duration_electrical_50.0~-1.0_1.0,hff11_2_long-duration_electrical_50.0~-1.0_1.0_1,F,FA,22.135128780021784,292.5,1.0743256793705369e+127,0.42,-0.8675005677047231
2393,hff11,hff11_2,long-duration_electrical_50.0~-1.0_1.0,hff11_2_long-duration_electrical_50.0~-1.0_1.0_1,F,FA,22.135128780021784,293.5,2.920319972079849e+127,0.42,-0.8675005677047231
2394,hff11,hff11_2,long-duration_electrical_50.0~-1.0_1.0,hff11_2_long-duration_electrical_50.0~-1.0_1.0_1,F,FA,22.135128780021784,294.5,7.93825271339068e+127,0.38,-0.9675840262617056
2395,hff11,hff11_2,long-duration_electrical_50.0~-1.0_1.0,hff11_2_long-duration_electrical_50.0~-1.0_1.0_1,F,FA,22.135128780021784,295.5,2.1578408100525594e+128,0.42,-0.8675005677047231
2396,hff11,hff11_2,long-duration_electrical_50.0~-1.0_1.0,hff11_2_long-duration_electrical_50.0~-1.0_1.0_1,F,FA,22.135128780021784,296.5,5.865619462673218e+128,0.4,-0.916290731874155
2397,hff11,hff11_2,long-duration_electrical_50.0~-1.0_1.0,hff11_2_long-duration_electrical_50.0~-1.0_1.0_1,F,FA,22.135128780021784,297.5,1.594440679804032e+129,0.36,-1.0216512475319814
2398,hff11,hff11_2,long-duration_electrical_50.0~-1.0_1.0,hff11_2_long-duration_electrical_50.0~-1.0_1.0_1,F,FA,22.135128780021784,298.5,4.334139126467187e+129,0.4,-0.916290731874155
2399,hff11,hff11_2,long-duration_electrical_50.0~-1.0_1.0,hff11_2_long-duration_electrical_50.0~-1.0_1.0_1,F,FA,22.135128780021784,299.5,1.1781411629489113e+130,0.42,-0.8675005677047231
2400,hff19,hff19_2,long-duration_electrical_50.0~-1.0_1.0,hff19_2_long-duration_electrical_50.0~-1.0_1.0_0,M,SA,23.202329105578443,0.5,1.6487212707001282,1.0,0.0
2401,hff19,hff19_2,long-duration_electrical_50.0~-1.0_1.0,hff19_2_long-duration_electrical_50.0~-1.0_1.0_0,M,SA,23.202329105578443,1.5,4.4816890703380645,1.0,0.0
2402,hff19,hff19_2,long-duration_electrical_50.0~-1.0_1.0,hff19_2_long-duration_electrical_50.0~-1.0_1.0_0,M,SA,23.202329105578443,2.5,12.182493960703473,1.0,0.0
2403,hff19,hff19_2,long-duration_electrical_50.0~-1.0_1.0,hff19_2_long-duration_electrical_50.0~-1.0_1.0_0,M,SA,23.202329105578443,3.5,33.11545195869231,1.0,0.0
2404,hff19,hff19_2,long-duration_electrical_50.0~-1.0_1.0,hff19_2_long-duration_electrical_50.0~-1.0_1.0_0,M,SA,23.202329105578443,4.5,90.01713130052181,1.0,0.0
2405,hff19,hff19_2,long-duration_electrical_50.0~-1.0_1.0,hff19_2_long-duration_electrical_50.0~-1.0_1.0_0,M,SA,23.202329105578443,5.5,244.69193226422038,1.0,0.0
2406,hff19,hff19_2,long-duration_electrical_50.0~-1.0_1.0,hff19_2_long-duration_electrical_50.0~-1.0_1.0_0,M,SA,23.202329105578443,6.5,665.1416330443618,1.0,0.0
2407,hff19,hff19_2,long-duration_electrical_50.0~-1.0_1.0,hff19_2_long-duration_electrical_50.0~-1.0_1.0_0,M,SA,23.202329105578443,7.5,1808.0424144560632,1.0,0.0
2408,hff19,hff19_2,long-duration_electrical_50.0~-1.0_1.0,hff19_2_long-duration_electrical_50.0~-1.0_1.0_0,M,SA,23.202329105578443,8.5,4914.768840299134,1.0,0.0
2409,hff19,hff19_2,long-duration_electrical_50.0~-1.0_1.0,hff19_2_long-duration_electrical_50.0~-1.0_1.0_0,M,SA,23.202329105578443,9.5,13359.726829661873,1.0,0.0
2410,hff19,hff19_2,long-duration_electrical_50.0~-1.0_1.0,hff19_2_long-duration_electrical_50.0~-1.0_1.0_0,M,SA,23.202329105578443,10.5,36315.502674246636,1.0,0.0
2411,hff19,hff19_2,long-duration_electrical_50.0~-1.0_1.0,hff19_2_long-duration_electrical_50.0~-1.0_1.0_0,M,SA,23.202329105578443,11.5,98715.7710107605,1.0,0.0
2412,hff19,hff19_2,long-duration_electrical_50.0~-1.0_1.0,hff19_2_long-duration_electrical_50.0~-1.0_1.0_0,M,SA,23.202329105578443,12.5,268337.2865208745,1.0,0.0
2413,hff19,hff19_2,long-duration_electrical_50.0~-1.0_1.0,hff19_2_long-duration_electrical_50.0~-1.0_1.0_0,M,SA,23.202329105578443,13.5,729416.3698477013,1.0,0.0
2414,hff19,hff19_2,long-duration_electrical_50.0~-1.0_1.0,hff19_2_long-duration_electrical_50.0~-1.0_1.0_0,M,SA,23.202329105578443,14.5,1982759.2635375687,1.0,0.0
2415,hff19,hff19_2,long-duration_electrical_50.0~-1.0_1.0,hff19_2_long-duration_electrical_50.0~-1.0_1.0_0,M,SA,23.202329105578443,15.5,5389698.476283012,1.0,0.0
2416,hff19,hff19_2,long-duration_electrical_50.0~-1.0_1.0,hff19_2_long-duration_electrical_50.0~-1.0_1.0_0,M,SA,23.202329105578443,16.5,14650719.428953517,1.0,0.0
2417,hff19,hff19_2,long-duration_electrical_50.0~-1.0_1.0,hff19_2_long-duration_electrical_50.0~-1.0_1.0_0,M,SA,23.202329105578443,17.5,39824784.39757623,1.0,0.0
2418,hff19,hff19_2,long-duration_electrical_50.0~-1.0_1.0,hff19_2_long-duration_electrical_50.0~-1.0_1.0_0,M,SA,23.202329105578443,18.5,108254987.75023076,1.0,0.0
2419,hff19,hff19_2,long-duration_electrical_50.0~-1.0_1.0,hff19_2_long-duration_electrical_50.0~-1.0_1.0_0,M,SA,23.202329105578443,19.5,294267566.0415088,1.0,0.0
2420,hff19,hff19_2,long-duration_electrical_50.0~-1.0_1.0,hff19_2_long-duration_electrical_50.0~-1.0_1.0_0,M,SA,23.202329105578443,20.5,799902177.4755054,1.0,0.0
2421,hff19,hff19_2,long-duration_electrical_50.0~-1.0_1.0,hff19_2_long-duration_electrical_50.0~-1.0_1.0_0,M,SA,23.202329105578443,21.5,2174359553.5764885,1.0,0.0
2422,hff19,hff19_2,long-duration_electrical_50.0~-1.0_1.0,hff19_2_long-duration_electrical_50.0~-1.0_1.0_0,M,SA,23.202329105578443,22.5,5910522063.023291,1.0,0.0
2423,hff19,hff19_2,long-duration_electrical_50.0~-1.0_1.0,hff19_2_long-duration_electrical_50.0~-1.0_1.0_0,M,SA,23.202329105578443,23.5,16066464720.622478,1.0,0.0
2424,hff19,hff19_2,long-duration_electrical_50.0~-1.0_1.0,hff19_2_long-duration_electrical_50.0~-1.0_1.0_0,M,SA,23.202329105578443,24.5,43673179097.646416,1.0,0.0
2425,hff19,hff19_2,long-duration_electrical_50.0~-1.0_1.0,hff19_2_long-duration_electrical_50.0~-1.0_1.0_0,M,SA,23.202329105578443,25.5,118716009132.16965,1.0,0.0
2426,hff19,hff19_2,long-duration_electrical_50.0~-1.0_1.0,hff19_2_long-duration_electrical_50.0~-1.0_1.0_0,M,SA,23.202329105578443,26.5,322703570371.15485,1.0,0.0
2427,hff19,hff19_2,long-duration_electrical_50.0~-1.0_1.0,hff19_2_long-duration_electrical_50.0~-1.0_1.0_0,M,SA,23.202329105578443,27.5,877199251318.7649,1.0,0.0
2428,hff19,hff19_2,long-duration_electrical_50.0~-1.0_1.0,hff19_2_long-duration_electrical_50.0~-1.0_1.0_0,M,SA,23.202329105578443,28.5,2384474784797.6777,1.0,0.0
2429,hff19,hff19_2,long-duration_electrical_50.0~-1.0_1.0,hff19_2_long-duration_electrical_50.0~-1.0_1.0_0,M,SA,23.202329105578443,29.5,6481674477934.32,1.0,0.0
2430,hff19,hff19_2,long-duration_electrical_50.0~-1.0_1.0,hff19_2_long-duration_electrical_50.0~-1.0_1.0_0,M,SA,23.202329105578443,30.5,17619017951355.633,1.0,0.0
2431,hff19,hff19_2,long-duration_electrical_50.0~-1.0_1.0,hff19_2_long-duration_electrical_50.0~-1.0_1.0_0,M,SA,23.202329105578443,31.5,47893456332463.73,1.0,0.0
2432,hff19,hff19_2,long-duration_electrical_50.0~-1.0_1.0,hff19_2_long-duration_electrical_50.0~-1.0_1.0_0,M,SA,23.202329105578443,32.5,130187912050632.94,1.0,0.0
2433,hff19,hff19_2,long-duration_electrical_50.0~-1.0_1.0,hff19_2_long-duration_electrical_50.0~-1.0_1.0_0,M,SA,23.202329105578443,33.5,353887435612259.9,1.0,0.0
2434,hff19,hff19_2,long-duration_electrical_50.0~-1.0_1.0,hff19_2_long-duration_electrical_50.0~-1.0_1.0_0,M,SA,23.202329105578443,34.5,961965785544776.4,1.0,0.0
2435,hff19,hff19_2,long-duration_electrical_50.0~-1.0_1.0,hff19_2_long-duration_electrical_50.0~-1.0_1.0_0,M,SA,23.202329105578443,35.5,2614894114445696.5,1.0,0.0
2436,hff19,hff19_2,long-duration_electrical_50.0~-1.0_1.0,hff19_2_long-duration_electrical_50.0~-1.0_1.0_0,M,SA,23.202329105578443,36.5,7108019154642244.0,1.0,0.0
2437,hff19,hff19_2,long-duration_electrical_50.0~-1.0_1.0,hff19_2_long-duration_electrical_50.0~-1.0_1.0_0,M,SA,23.202329105578443,37.5,1.9321599304402836e+16,1.0,0.0
2438,hff19,hff19_2,long-duration_electrical_50.0~-1.0_1.0,hff19_2_long-duration_electrical_50.0~-1.0_1.0_0,M,SA,23.202329105578443,38.5,5.252155228592516e+16,1.0,0.0
2439,hff19,hff19_2,long-duration_electrical_50.0~-1.0_1.0,hff19_2_long-duration_electrical_50.0~-1.0_1.0_0,M,SA,23.202329105578443,39.5,1.4276838118129198e+17,1.0,0.0
2440,hff19,hff19_2,long-duration_electrical_50.0~-1.0_1.0,hff19_2_long-duration_electrical_50.0~-1.0_1.0_0,M,SA,23.202329105578443,40.5,3.8808469624362035e+17,1.0,0.0
2441,hff19,hff19_2,long-duration_electrical_50.0~-1.0_1.0,hff19_2_long-duration_electrical_50.0~-1.0_1.0_0,M,SA,23.202329105578443,41.5,1.0549235777020814e+18,1.0,0.0
2442,hff19,hff19_2,long-duration_electrical_50.0~-1.0_1.0,hff19_2_long-duration_electrical_50.0~-1.0_1.0_0,M,SA,23.202329105578443,42.5,2.8675795916805714e+18,1.0,0.0
2443,hff19,hff19_2,long-duration_electrical_50.0~-1.0_1.0,hff19_2_long-duration_electrical_50.0~-1.0_1.0_0,M,SA,23.202329105578443,43.5,7.794889495725307e+18,1.0,0.0
2444,hff19,hff19_2,long-duration_electrical_50.0~-1.0_1.0,hff19_2_long-duration_electrical_50.0~-1.0_1.0_0,M,SA,23.202329105578443,44.5,2.118870647107639e+19,1.0,0.0
2445,hff19,hff19_2,long-duration_electrical_50.0~-1.0_1.0,hff19_2_long-duration_electrical_50.0~-1.0_1.0_0,M,SA,23.202329105578443,45.5,5.759687576887954e+19,1.0,0.0
2446,hff19,hff19_2,long-duration_electrical_50.0~-1.0_1.0,hff19_2_long-duration_electrical_50.0~-1.0_1.0_0,M,SA,23.202329105578443,46.5,1.5656454077855836e+20,1.0,0.0
2447,hff19,hff19_2,long-duration_electrical_50.0~-1.0_1.0,hff19_2_long-duration_electrical_50.0~-1.0_1.0_0,M,SA,23.202329105578443,47.5,4.255865461793903e+20,1.0,0.0
2448,hff19,hff19_2,long-duration_electrical_50.0~-1.0_1.0,hff19_2_long-duration_electrical_50.0~-1.0_1.0_0,M,SA,23.202329105578443,48.5,1.156864174916083e+21,1.0,0.0
2449,hff19,hff19_2,long-duration_electrical_50.0~-1.0_1.0,hff19_2_long-duration_electrical_50.0~-1.0_1.0_0,M,SA,23.202329105578443,49.5,3.144682864669655e+21,1.0,0.0
2450,hff19,hff19_2,long-duration_electrical_50.0~-1.0_1.0,hff19_2_long-duration_electrical_50.0~-1.0_1.0_0,M,SA,23.202329105578443,50.5,8.548134287298057e+21,1.0,0.0
2451,hff19,hff19_2,long-duration_electrical_50.0~-1.0_1.0,hff19_2_long-duration_electrical_50.0~-1.0_1.0_0,M,SA,23.202329105578443,51.5,2.3236238100390023e+22,1.0,0.0
2452,hff19,hff19_2,long-duration_electrical_50.0~-1.0_1.0,hff19_2_long-duration_electrical_50.0~-1.0_1.0_0,M,SA,23.202329105578443,52.5,6.316264379003792e+22,1.0,0.0
2453,hff19,hff19_2,long-duration_electrical_50.0~-1.0_1.0,hff19_2_long-duration_electrical_50.0~-1.0_1.0_0,M,SA,23.202329105578443,53.5,1.7169386685189163e+23,1.0,0.0
2454,hff19,hff19_2,long-duration_electrical_50.0~-1.0_1.0,hff19_2_long-duration_electrical_50.0~-1.0_1.0_0,M,SA,23.202329105578443,54.5,4.667123183213639e+23,1.0,0.0
2455,hff19,hff19_2,long-duration_electrical_50.0~-1.0_1.0,hff19_2_long-duration_electrical_50.0~-1.0_1.0_0,M,SA,23.202329105578443,55.5,1.2686556140109568e+24,1.0,0.0
2456,hff19,hff19_2,long-duration_electrical_50.0~-1.0_1.0,hff19_2_long-duration_electrical_50.0~-1.0_1.0_0,M,SA,23.202329105578443,56.5,3.4485635021385364e+24,1.0,0.0
2457,hff19,hff19_2,long-duration_electrical_50.0~-1.0_1.0,hff19_2_long-duration_electrical_50.0~-1.0_1.0_0,M,SA,23.202329105578443,57.5,9.37416750215027e+24,1.0,0.0
2458,hff19,hff19_2,long-duration_electrical_50.0~-1.0_1.0,hff19_2_long-duration_electrical_50.0~-1.0_1.0_0,M,SA,23.202329105578443,58.5,2.5481629178026397e+25,1.0,0.0
2459,hff19,hff19_2,long-duration_electrical_50.0~-1.0_1.0,hff19_2_long-duration_electrical_50.0~-1.0_1.0_0,M,SA,23.202329105578443,59.5,6.926624955416095e+25,1.0,0.0
2460,hff19,hff19_2,long-duration_electrical_50.0~-1.0_1.0,hff19_2_long-duration_electrical_50.0~-1.0_1.0_0,M,SA,23.202329105578443,60.5,1.8828518748858514e+26,1.0,0.0
2461,hff19,hff19_2,long-duration_electrical_50.0~-1.0_1.0,hff19_2_long-duration_electrical_50.0~-1.0_1.0_0,M,SA,23.202329105578443,61.5,5.118122037182254e+26,1.0,0.0
2462,hff19,hff19_2,long-duration_electrical_50.0~-1.0_1.0,hff19_2_long-duration_electrical_50.0~-1.0_1.0_0,M,SA,23.202329105578443,62.5,1.391249812950831e+27,1.0,0.0
2463,hff19,hff19_2,long-duration_electrical_50.0~-1.0_1.0,hff19_2_long-duration_electrical_50.0~-1.0_1.0_0,M,SA,23.202329105578443,63.5,3.7818090853912897e+27,1.0,0.0
2464,hff19,hff19_2,long-duration_electrical_50.0~-1.0_1.0,hff19_2_long-duration_electrical_50.0~-1.0_1.0_0,M,SA,23.202329105578443,64.5,1.0280022915520465e+28,1.0,0.0
2465,hff19,hff19_2,long-duration_electrical_50.0~-1.0_1.0,hff19_2_long-duration_electrical_50.0~-1.0_1.0_0,M,SA,23.202329105578443,65.5,2.7943999487401853e+28,1.0,0.0
2466,hff19,hff19_2,long-duration_electrical_50.0~-1.0_1.0,hff19_2_long-duration_electrical_50.0~-1.0_1.0_0,M,SA,23.202329105578443,66.5,7.595966602107334e+28,1.0,0.0
2467,hff19,hff19_2,long-duration_electrical_50.0~-1.0_1.0,hff19_2_long-duration_electrical_50.0~-1.0_1.0_0,M,SA,23.202329105578443,67.5,2.0647977984090163e+29,1.0,0.0
2468,hff19,hff19_2,long-duration_electrical_50.0~-1.0_1.0,hff19_2_long-duration_electrical_50.0~-1.0_1.0_0,M,SA,23.202329105578443,68.5,5.612702334857472e+29,1.0,0.0
2469,hff19,hff19_2,long-duration_electrical_50.0~-1.0_1.0,hff19_2_long-duration_electrical_50.0~-1.0_1.0_0,M,SA,23.202329105578443,69.5,1.5256906765392722e+30,1.0,0.0
2470,hff19,hff19_2,long-duration_electrical_50.0~-1.0_1.0,hff19_2_long-duration_electrical_50.0~-1.0_1.0_0,M,SA,23.202329105578443,70.5,4.1472572418860906e+30,1.0,0.0
2471,hff19,hff19_2,long-duration_electrical_50.0~-1.0_1.0,hff19_2_long-duration_electrical_50.0~-1.0_1.0_0,M,SA,23.202329105578443,71.5,1.1273413998564138e+31,1.0,0.0
2472,hff19,hff19_2,long-duration_electrical_50.0~-1.0_1.0,hff19_2_long-duration_electrical_50.0~-1.0_1.0_0,M,SA,23.202329105578443,72.5,3.0644316416992722e+31,1.0,0.0
2473,hff19,hff19_2,long-duration_electrical_50.0~-1.0_1.0,hff19_2_long-duration_electrical_50.0~-1.0_1.0_0,M,SA,23.202329105578443,73.5,8.329988846186052e+31,1.0,0.0
2474,hff19,hff19_2,long-duration_electrical_50.0~-1.0_1.0,hff19_2_long-duration_electrical_50.0~-1.0_1.0_0,M,SA,23.202329105578443,74.5,2.2643257311854073e+32,1.0,0.0
2475,hff19,hff19_2,long-duration_electrical_50.0~-1.0_1.0,hff19_2_long-duration_electrical_50.0~-1.0_1.0_0,M,SA,23.202329105578443,75.5,6.155075488793534e+32,1.0,0.0
2476,hff19,hff19_2,long-duration_electrical_50.0~-1.0_1.0,hff19_2_long-duration_electrical_50.0~-1.0_1.0_0,M,SA,23.202329105578443,76.5,1.6731229853981137e+33,1.0,0.0
2477,hff19,hff19_2,long-duration_electrical_50.0~-1.0_1.0,hff19_2_long-duration_electrical_50.0~-1.0_1.0_0,M,SA,23.202329105578443,77.5,4.5480198079848415e+33,1.0,0.0
2478,hff19,hff19_2,long-duration_electrical_50.0~-1.0_1.0,hff19_2_long-duration_electrical_50.0~-1.0_1.0_0,M,SA,23.202329105578443,78.5,1.236279959951699e+34,1.0,0.0
2479,hff19,hff19_2,long-duration_electrical_50.0~-1.0_1.0,hff19_2_long-duration_electrical_50.0~-1.0_1.0_0,M,SA,23.202329105578443,79.5,3.36055735002478e+34,1.0,0.0
2480,hff19,hff19_2,long-duration_electrical_50.0~-1.0_1.0,hff19_2_long-duration_electrical_50.0~-1.0_1.0_0,M,SA,23.202329105578443,80.5,9.134941978066843e+34,1.0,0.0
2481,hff19,hff19_2,long-duration_electrical_50.0~-1.0_1.0,hff19_2_long-duration_electrical_50.0~-1.0_1.0_0,M,SA,23.202329105578443,81.5,2.4831346783006824e+35,1.0,0.0
2482,hff19,hff19_2,long-duration_electrical_50.0~-1.0_1.0,hff19_2_long-duration_electrical_50.0~-1.0_1.0_0,M,SA,23.202329105578443,82.5,6.749859873641241e+35,1.0,0.0
2483,hff19,hff19_2,long-duration_electrical_50.0~-1.0_1.0,hff19_2_long-duration_electrical_50.0~-1.0_1.0_0,M,SA,23.202329105578443,83.5,1.8348021439163853e+36,1.0,0.0
2484,hff19,hff19_2,long-duration_electrical_50.0~-1.0_1.0,hff19_2_long-duration_electrical_50.0~-1.0_1.0_0,M,SA,23.202329105578443,84.5,4.9875093266256084e+36,1.0,0.0
2485,hff19,hff19_2,long-duration_electrical_50.0~-1.0_1.0,hff19_2_long-duration_electrical_50.0~-1.0_1.0_0,M,SA,23.202329105578443,85.5,1.35574559718364e+37,1.0,0.0
2486,hff19,hff19_2,long-duration_electrical_50.0~-1.0_1.0,hff19_2_long-duration_electrical_50.0~-1.0_1.0_0,M,SA,23.202329105578443,86.5,3.685298620837645e+37,1.0,0.0
2487,hff19,hff19_2,long-duration_electrical_50.0~-1.0_1.0,hff19_2_long-duration_electrical_50.0~-1.0_1.0_0,M,SA,23.202329105578443,87.5,1.0017680273468151e+38,1.0,0.0
2488,hff19,hff19_2,long-duration_electrical_50.0~-1.0_1.0,hff19_2_long-duration_electrical_50.0~-1.0_1.0_0,M,SA,23.202329105578443,88.5,2.7230878250681117e+38,1.0,0.0
2489,hff19,hff19_2,long-duration_electrical_50.0~-1.0_1.0,hff19_2_long-duration_electrical_50.0~-1.0_1.0_0,M,SA,23.202329105578443,89.5,7.402120152180711e+38,1.0,0.0
2490,hff19,hff19_2,long-duration_electrical_50.0~-1.0_1.0,hff19_2_long-duration_electrical_50.0~-1.0_1.0_0,M,SA,23.202329105578443,90.5,2.012104870174333e+39,1.0,0.0
2491,hff19,hff19_2,long-duration_electrical_50.0~-1.0_1.0,hff19_2_long-duration_electrical_50.0~-1.0_1.0_0,M,SA,23.202329105578443,91.5,5.469468105548836e+39,1.0,0.0
2492,hff19,hff19_2,long-duration_electrical_50.0~-1.0_1.0,hff19_2_long-duration_electrical_50.0~-1.0_1.0_0,M,SA,23.202329105578443,92.5,1.486755576264972e+40,1.0,0.0
2493,hff19,hff19_2,long-duration_electrical_50.0~-1.0_1.0,hff19_2_long-duration_electrical_50.0~-1.0_1.0_0,M,SA,23.202329105578443,93.5,4.041420666321229e+40,1.0,0.0
2494,hff19,hff19_2,long-duration_electrical_50.0~-1.0_1.0,hff19_2_long-duration_electrical_50.0~-1.0_1.0_0,M,SA,23.202329105578443,94.5,1.0985720358419844e+41,1.0,0.0
2495,hff19,hff19_2,long-duration_electrical_50.0~-1.0_1.0,hff19_2_long-duration_electrical_50.0~-1.0_1.0_0,M,SA,23.202329105578443,95.5,2.9862284022825254e+41,1.0,0.0
2496,hff19,hff19_2,long-duration_electrical_50.0~-1.0_1.0,hff19_2_long-duration_electrical_50.0~-1.0_1.0_0,M,SA,23.202329105578443,96.5,8.117410401552875e+41,1.0,0.0
2497,hff19,hff19_2,long-duration_electrical_50.0~-1.0_1.0,hff19_2_long-duration_electrical_50.0~-1.0_1.0_0,M,SA,23.202329105578443,97.5,2.2065409188685626e+42,1.0,0.0
2498,hff19,hff19_2,long-duration_electrical_50.0~-1.0_1.0,hff19_2_long-duration_electrical_50.0~-1.0_1.0_0,M,SA,23.202329105578443,98.5,5.998000083511737e+42,1.0,0.0
2499,hff19,hff19_2,long-duration_electrical_50.0~-1.0_1.0,hff19_2_long-duration_electrical_50.0~-1.0_1.0_0,M,SA,23.202329105578443,99.5,1.6304254634105793e+43,1.0,0.0
2500,hff19,hff19_2,long-duration_electrical_50.0~-1.0_1.0,hff19_2_long-duration_electrical_50.0~-1.0_1.0_0,M,SA,23.202329105578443,100.5,4.4319559098458955e+43,1.0,0.0
2501,hff19,hff19_2,long-duration_electrical_50.0~-1.0_1.0,hff19_2_long-duration_electrical_50.0~-1.0_1.0_0,M,SA,23.202329105578443,101.5,1.2047305214265772e+44,1.0,0.0
2502,hff19,hff19_2,long-duration_electrical_50.0~-1.0_1.0,hff19_2_long-duration_electrical_50.0~-1.0_1.0_0,M,SA,23.202329105578443,102.5,3.274797084583855e+44,1.0,0.0
2503,hff19,hff19_2,long-duration_electrical_50.0~-1.0_1.0,hff19_2_long-duration_electrical_50.0~-1.0_1.0_0,M,SA,23.202329105578443,103.5,8.901821406914952e+44,1.0,0.0
2504,hff19,hff19_2,long-duration_electrical_50.0~-1.0_1.0,hff19_2_long-duration_electrical_50.0~-1.0_1.0_0,M,SA,23.202329105578443,104.5,2.419765937060465e+45,1.0,0.0
2505,hff19,hff19_2,long-duration_electrical_50.0~-1.0_1.0,hff19_2_long-duration_electrical_50.0~-1.0_1.0_0,M,SA,23.202329105578443,105.5,6.577605775835635e+45,1.0,0.0
2506,hff19,hff19_2,long-duration_electrical_50.0~-1.0_1.0,hff19_2_long-duration_electrical_50.0~-1.0_1.0_0,M,SA,23.202329105578443,106.5,1.7879786255221268e+46,1.0,0.0
2507,hff19,hff19_2,long-duration_electrical_50.0~-1.0_1.0,hff19_2_long-duration_electrical_50.0~-1.0_1.0_0,M,SA,23.202329105578443,107.5,4.860229807429978e+46,1.0,0.0
2508,hff19,hff19_2,long-duration_electrical_50.0~-1.0_1.0,hff19_2_long-duration_electrical_50.0~-1.0_1.0_0,M,SA,23.202329105578443,108.5,1.3211474367671912e+47,1.0,0.0
2509,hff19,hff19_2,long-duration_electrical_50.0~-1.0_1.0,hff19_2_long-duration_electrical_50.0~-1.0_1.0_0,M,SA,23.202329105578443,109.5,3.591251070079501e+47,1.0,0.0
2510,hff19,hff19_2,long-duration_electrical_50.0~-1.0_1.0,hff19_2_long-duration_electrical_50.0~-1.0_1.0_0,M,SA,23.202329105578443,110.5,9.76203252523121e+47,1.0,0.0
2511,hff19,hff19_2,long-duration_electrical_50.0~-1.0_1.0,hff19_2_long-duration_electrical_50.0~-1.0_1.0_0,M,SA,23.202329105578443,111.5,2.6535955622162162e+48,1.0,0.0
2512,hff19,hff19_2,long-duration_electrical_50.0~-1.0_1.0,hff19_2_long-duration_electrical_50.0~-1.0_1.0_0,M,SA,23.202329105578443,112.5,7.213220596851904e+48,1.0,0.0
2513,hff19,hff19_2,long-duration_electrical_50.0~-1.0_1.0,hff19_2_long-duration_electrical_50.0~-1.0_1.0_0,M,SA,23.202329105578443,113.5,1.960756647308904e+49,1.0,0.0
2514,hff19,hff19_2,long-duration_electrical_50.0~-1.0_1.0,hff19_2_long-duration_electrical_50.0~-1.0_1.0_0,M,SA,23.202329105578443,114.5,5.329889164410075e+49,1.0,0.0
2515,hff19,hff19_2,long-duration_electrical_50.0~-1.0_1.0,hff19_2_long-duration_electrical_50.0~-1.0_1.0_0,M,SA,23.202329105578443,115.5,1.4488140863316671e+50,1.0,0.0
2516,hff19,hff19_2,long-duration_electrical_50.0~-1.0_1.0,hff19_2_long-duration_electrical_50.0~-1.0_1.0_0,M,SA,23.202329105578443,116.5,3.9382850036908655e+50,1.0,0.0
2517,hff19,hff19_2,long-duration_electrical_50.0~-1.0_1.0,hff19_2_long-duration_electrical_50.0~-1.0_1.0_0,M,SA,23.202329105578443,117.5,1.0705368560825642e+51,1.0,0.0
2518,hff19,hff19_2,long-duration_electrical_50.0~-1.0_1.0,hff19_2_long-duration_electrical_50.0~-1.0_1.0_0,M,SA,23.202329105578443,118.5,2.9100208825849106e+51,1.0,0.0
2519,hff19,hff19_2,long-duration_electrical_50.0~-1.0_1.0,hff19_2_long-duration_electrical_50.0~-1.0_1.0_0,M,SA,23.202329105578443,119.5,7.910256885566915e+51,1.0,0.0
2520,hff19,hff19_2,long-duration_electrical_50.0~-1.0_1.0,hff19_2_long-duration_electrical_50.0~-1.0_1.0_0,M,SA,23.202329105578443,120.5,2.1502307550479586e+52,1.0,0.0
2521,hff19,hff19_2,long-duration_electrical_50.0~-1.0_1.0,hff19_2_long-duration_electrical_50.0~-1.0_1.0_0,M,SA,23.202329105578443,121.5,5.844933188440638e+52,1.0,0.0
2522,hff19,hff19_2,long-duration_electrical_50.0~-1.0_1.0,hff19_2_long-duration_electrical_50.0~-1.0_1.0_0,M,SA,23.202329105578443,122.5,1.5888175674695377e+53,1.0,0.0
2523,hff19,hff19_2,long-duration_electrical_50.0~-1.0_1.0,hff19_2_long-duration_electrical_50.0~-1.0_1.0_0,M,SA,23.202329105578443,123.5,4.3188539223889476e+53,1.0,0.0
2524,hff19,hff19_2,long-duration_electrical_50.0~-1.0_1.0,hff19_2_long-duration_electrical_50.0~-1.0_1.0_0,M,SA,23.202329105578443,124.5,1.1739862136998947e+54,1.0,0.0
2525,hff19,hff19_2,long-duration_electrical_50.0~-1.0_1.0,hff19_2_long-duration_electrical_50.0~-1.0_1.0_0,M,SA,23.202329105578443,125.5,3.191225391561861e+54,1.0,0.0
2526,hff19,hff19_2,long-duration_electrical_50.0~-1.0_1.0,hff19_2_long-duration_electrical_50.0~-1.0_1.0_0,M,SA,23.202329105578443,126.5,8.674649992399708e+54,1.0,0.0
2527,hff19,hff19_2,long-duration_electrical_50.0~-1.0_1.0,hff19_2_long-duration_electrical_50.0~-1.0_1.0_0,M,SA,23.202329105578443,127.5,2.3580143442582524e+55,1.0,0.0
2528,hff19,hff19_2,long-duration_electrical_50.0~-1.0_1.0,hff19_2_long-duration_electrical_50.0~-1.0_1.0_0,M,SA,23.202329105578443,128.5,6.409747543242979e+55,1.0,0.0
2529,hff19,hff19_2,long-duration_electrical_50.0~-1.0_1.0,hff19_2_long-duration_electrical_50.0~-1.0_1.0_0,M,SA,23.202329105578443,129.5,1.7423500271807397e+56,1.0,0.0
2530,hff19,hff19_2,long-duration_electrical_50.0~-1.0_1.0,hff19_2_long-duration_electrical_50.0~-1.0_1.0_0,M,SA,23.202329105578443,130.5,4.736198417700528e+56,1.0,0.0
2531,hff19,hff19_2,long-duration_electrical_50.0~-1.0_1.0,hff19_2_long-duration_electrical_50.0~-1.0_1.0_0,M,SA,23.202329105578443,131.5,1.287432209481183e+57,1.0,0.0
2532,hff19,hff19_2,long-duration_electrical_50.0~-1.0_1.0,hff19_2_long-duration_electrical_50.0~-1.0_1.0_0,M,SA,23.202329105578443,132.5,3.4996035804055786e+57,1.0,0.0
2533,hff19,hff19_2,long-duration_electrical_50.0~-1.0_1.0,hff19_2_long-duration_electrical_50.0~-1.0_1.0_0,M,SA,23.202329105578443,133.5,9.512908819426697e+57,1.0,0.0
2534,hff19,hff19_2,long-duration_electrical_50.0~-1.0_1.0,hff19_2_long-duration_electrical_50.0~-1.0_1.0_0,M,SA,23.202329105578443,134.5,2.585876717963538e+58,1.0,0.0
2535,hff19,hff19_2,long-duration_electrical_50.0~-1.0_1.0,hff19_2_long-duration_electrical_50.0~-1.0_1.0_0,M,SA,23.202329105578443,135.5,7.029141693075601e+58,1.0,0.0
2536,hff19,hff19_2,long-duration_electrical_50.0~-1.0_1.0,hff19_2_long-duration_electrical_50.0~-1.0_1.0_0,M,SA,23.202329105578443,136.5,1.9107188133951252e+59,1.0,0.0
2537,hff19,hff19_2,long-duration_electrical_50.0~-1.0_1.0,hff19_2_long-duration_electrical_50.0~-1.0_1.0_0,M,SA,23.202329105578443,137.5,5.193872229746799e+59,1.0,0.0
2538,hff19,hff19_2,long-duration_electrical_50.0~-1.0_1.0,hff19_2_long-duration_electrical_50.0~-1.0_1.0_0,M,SA,23.202329105578443,138.5,1.4118408501458785e+60,1.0,0.0
2539,hff19,hff19_2,long-duration_electrical_50.0~-1.0_1.0,hff19_2_long-duration_electrical_50.0~-1.0_1.0_0,M,SA,23.202329105578443,139.5,3.837781327627712e+60,1.0,0.0
2540,hff19,hff19_2,long-duration_electrical_50.0~-1.0_1.0,hff19_2_long-duration_electrical_50.0~-1.0_1.0_0,M,SA,23.202329105578443,140.5,1.0432171244489838e+61,1.0,0.0
2541,hff19,hff19_2,long-duration_electrical_50.0~-1.0_1.0,hff19_2_long-duration_electrical_50.0~-1.0_1.0_0,M,SA,23.202329105578443,141.5,2.835758152526971e+61,1.0,0.0
2542,hff19,hff19_2,long-duration_electrical_50.0~-1.0_1.0,hff19_2_long-duration_electrical_50.0~-1.0_1.0_0,M,SA,23.202329105578443,142.5,7.708389855918659e+61,1.0,0.0
2543,hff19,hff19_2,long-duration_electrical_50.0~-1.0_1.0,hff19_2_long-duration_electrical_50.0~-1.0_1.0_0,M,SA,23.202329105578443,143.5,2.095357607202173e+62,1.0,0.0
2544,hff19,hff19_2,long-duration_electrical_50.0~-1.0_1.0,hff19_2_long-duration_electrical_50.0~-1.0_1.0_0,M,SA,23.202329105578443,144.5,5.6957725077810925e+62,1.0,0.0
2545,hff19,hff19_2,long-duration_electrical_50.0~-1.0_1.0,hff19_2_long-duration_electrical_50.0~-1.0_1.0_0,M,SA,23.202329105578443,145.5,1.548271490693795e+63,1.0,0.0
2546,hff19,hff19_2,long-duration_electrical_50.0~-1.0_1.0,hff19_2_long-duration_electrical_50.0~-1.0_1.0_0,M,SA,23.202329105578443,146.5,4.20863825867414e+63,1.0,0.0
2547,hff19,hff19_2,long-duration_electrical_50.0~-1.0_1.0,hff19_2_long-duration_electrical_50.0~-1.0_1.0_0,M,SA,23.202329105578443,147.5,1.1440264901111434e+64,1.0,0.0
2548,hff19,hff19_2,long-duration_electrical_50.0~-1.0_1.0,hff19_2_long-duration_electrical_50.0~-1.0_1.0_0,M,SA,23.202329105578443,148.5,3.109786419344903e+64,1.0,0.0
2549,hff19,hff19_2,long-duration_electrical_50.0~-1.0_1.0,hff19_2_long-duration_electrical_50.0~-1.0_1.0_0,M,SA,23.202329105578443,149.5,8.45327591409397e+64,1.0,0.0
2550,hff19,hff19_2,long-duration_electrical_50.0~-1.0_1.0,hff19_2_long-duration_electrical_50.0~-1.0_1.0_0,M,SA,23.202329105578443,150.5,2.297838630823216e+65,1.0,0.0
2551,hff19,hff19_2,long-duration_electrical_50.0~-1.0_1.0,hff19_2_long-duration_electrical_50.0~-1.0_1.0_0,M,SA,23.202329105578443,151.5,6.246172994897961e+65,1.0,0.0
2552,hff19,hff19_2,long-duration_electrical_50.0~-1.0_1.0,hff19_2_long-duration_electrical_50.0~-1.0_1.0_0,M,SA,23.202329105578443,152.5,1.6978858549442743e+66,1.0,0.0
2553,hff19,hff19_2,long-duration_electrical_50.0~-1.0_1.0,hff19_2_long-duration_electrical_50.0~-1.0_1.0_0,M,SA,23.202329105578443,153.5,4.6153322662926706e+66,1.0,0.0
2554,hff19,hff19_2,long-duration_electrical_50.0~-1.0_1.0,hff19_2_long-duration_electrical_50.0~-1.0_1.0_0,M,SA,23.202329105578443,154.5,1.254577383176407e+67,1.0,0.0
2555,hff19,hff19_2,long-duration_electrical_50.0~-1.0_1.0,hff19_2_long-duration_electrical_50.0~-1.0_1.0_0,M,SA,23.202329105578443,155.5,3.4102949030841276e+67,1.0,0.0
2556,hff19,hff19_2,long-duration_electrical_50.0~-1.0_1.0,hff19_2_long-duration_electrical_50.0~-1.0_1.0_0,M,SA,23.202329105578443,156.5,9.270142664740085e+67,1.0,0.0
2557,hff19,hff19_2,long-duration_electrical_50.0~-1.0_1.0,hff19_2_long-duration_electrical_50.0~-1.0_1.0_0,M,SA,23.202329105578443,157.5,2.5198860352785887e+68,1.0,0.0
2558,hff19,hff19_2,long-duration_electrical_50.0~-1.0_1.0,hff19_2_long-duration_electrical_50.0~-1.0_1.0_0,M,SA,23.202329105578443,158.5,6.849760419485496e+68,1.0,0.0
2559,hff19,hff19_2,long-duration_electrical_50.0~-1.0_1.0,hff19_2_long-duration_electrical_50.0~-1.0_1.0_0,M,SA,23.202329105578443,159.5,1.861957927758543e+69,1.0,0.0
2560,hff19,hff19_2,long-duration_electrical_50.0~-1.0_1.0,hff19_2_long-duration_electrical_50.0~-1.0_1.0_0,M,SA,23.202329105578443,160.5,5.0613264003813075e+69,1.0,0.0
2561,hff19,hff19_2,long-duration_electrical_50.0~-1.0_1.0,hff19_2_long-duration_electrical_50.0~-1.0_1.0_0,M,SA,23.202329105578443,161.5,1.3758111582056537e+70,1.0,0.0
2562,hff19,hff19_2,long-duration_electrical_50.0~-1.0_1.0,hff19_2_long-duration_electrical_50.0~-1.0_1.0_0,M,SA,23.202329105578443,162.5,3.7398424707416215e+70,1.0,0.0
2563,hff19,hff19_2,long-duration_electrical_50.0~-1.0_1.0,hff19_2_long-duration_electrical_50.0~-1.0_1.0_0,M,SA,23.202329105578443,163.5,1.0165945829516327e+71,1.0,0.0
2564,hff19,hff19_2,long-duration_electrical_50.0~-1.0_1.0,hff19_2_long-duration_electrical_50.0~-1.0_1.0_0,M,SA,23.202329105578443,164.5,2.763390581747325e+71,1.0,0.0
2565,hff19,hff19_2,long-duration_electrical_50.0~-1.0_1.0,hff19_2_long-duration_electrical_50.0~-1.0_1.0_0,M,SA,23.202329105578443,165.5,7.511674403298623e+71,1.0,0.0
2566,hff19,hff19_2,long-duration_electrical_50.0~-1.0_1.0,hff19_2_long-duration_electrical_50.0~-1.0_1.0_0,M,SA,23.202329105578443,166.5,2.0418848031787588e+72,1.0,0.0
2567,hff19,hff19_2,long-duration_electrical_50.0~-1.0_1.0,hff19_2_long-duration_electrical_50.0~-1.0_1.0_0,M,SA,23.202329105578443,167.5,5.550418356287494e+72,1.0,0.0
2568,hff19,hff19_2,long-duration_electrical_50.0~-1.0_1.0,hff19_2_long-duration_electrical_50.0~-1.0_1.0_0,M,SA,23.202329105578443,168.5,1.5087601358241818e+73,1.0,0.0
2569,hff19,hff19_2,long-duration_electrical_50.0~-1.0_1.0,hff19_2_long-duration_electrical_50.0~-1.0_1.0_0,M,SA,23.202329105578443,169.5,4.101235260714274e+73,1.0,0.0
2570,hff19,hff19_2,long-duration_electrical_50.0~-1.0_1.0,hff19_2_long-duration_electrical_50.0~-1.0_1.0_0,M,SA,23.202329105578443,170.5,1.1148313283435107e+74,1.0,0.0
2571,hff19,hff19_2,long-duration_electrical_50.0~-1.0_1.0,hff19_2_long-duration_electrical_50.0~-1.0_1.0_0,M,SA,23.202329105578443,171.5,3.030425741633024e+74,1.0,0.0
2572,hff19,hff19_2,long-duration_electrical_50.0~-1.0_1.0,hff19_2_long-duration_electrical_50.0~-1.0_1.0_0,M,SA,23.202329105578443,172.5,8.237551225975576e+74,1.0,0.0
2573,hff19,hff19_2,long-duration_electrical_50.0~-1.0_1.0,hff19_2_long-duration_electrical_50.0~-1.0_1.0_0,M,SA,23.202329105578443,173.5,2.239198580856994e+75,1.0,0.0
2574,hff19,hff19_2,long-duration_electrical_50.0~-1.0_1.0,hff19_2_long-duration_electrical_50.0~-1.0_1.0_0,M,SA,23.202329105578443,174.5,6.0867728126548485e+75,1.0,0.0
2575,hff19,hff19_2,long-duration_electrical_50.0~-1.0_1.0,hff19_2_long-duration_electrical_50.0~-1.0_1.0_0,M,SA,23.202329105578443,175.5,1.6545563930598225e+76,1.0,0.0
2576,hff19,hff19_2,long-duration_electrical_50.0~-1.0_1.0,hff19_2_long-duration_electrical_50.0~-1.0_1.0_0,M,SA,23.202329105578443,176.5,4.4975505774152577e+76,1.0,0.0
2577,hff19,hff19_2,long-duration_electrical_50.0~-1.0_1.0,hff19_2_long-duration_electrical_50.0~-1.0_1.0_0,M,SA,23.202329105578443,177.5,1.222561000716338e+77,1.0,0.0
2578,hff19,hff19_2,long-duration_electrical_50.0~-1.0_1.0,hff19_2_long-duration_electrical_50.0~-1.0_1.0_0,M,SA,23.202329105578443,178.5,3.323265352429928e+77,1.0,0.0
2579,hff19,hff19_2,long-duration_electrical_50.0~-1.0_1.0,hff19_2_long-duration_electrical_50.0~-1.0_1.0_0,M,SA,23.202329105578443,179.5,9.033571818657817e+77,1.0,0.0
2580,hff19,hff19_2,long-duration_electrical_50.0~-1.0_1.0,hff19_2_long-duration_electrical_50.0~-1.0_1.0_0,M,SA,23.202329105578443,180.5,2.455579412073727e+78,1.0,0.0
2581,hff19,hff19_2,long-duration_electrical_50.0~-1.0_1.0,hff19_2_long-duration_electrical_50.0~-1.0_1.0_0,M,SA,23.202329105578443,181.5,6.674956894178159e+78,1.0,0.0
2582,hff19,hff19_2,long-duration_electrical_50.0~-1.0_1.0,hff19_2_long-duration_electrical_50.0~-1.0_1.0_0,M,SA,23.202329105578443,182.5,1.8144414031191914e+79,1.0,0.0
2583,hff19,hff19_2,long-duration_electrical_50.0~-1.0_1.0,hff19_2_long-duration_electrical_50.0~-1.0_1.0_0,M,SA,23.202329105578443,183.5,4.932163094902632e+79,1.0,0.0
2584,hff19,hff19_2,long-duration_electrical_50.0~-1.0_1.0,hff19_2_long-duration_electrical_50.0~-1.0_1.0_0,M,SA,23.202329105578443,184.5,1.3407009315870148e+80,1.0,0.0
2585,hff19,hff19_2,long-duration_electrical_50.0~-1.0_1.0,hff19_2_long-duration_electrical_50.0~-1.0_1.0_0,M,SA,23.202329105578443,185.5,3.6444029797310963e+80,1.0,0.0
2586,hff19,hff19_2,long-duration_electrical_50.0~-1.0_1.0,hff19_2_long-duration_electrical_50.0~-1.0_1.0_0,M,SA,23.202329105578443,186.5,9.906514395385036e+80,1.0,0.0
2587,hff19,hff19_2,long-duration_electrical_50.0~-1.0_1.0,hff19_2_long-duration_electrical_50.0~-1.0_1.0_0,M,SA,23.202329105578443,187.5,2.692869806434309e+81,1.0,0.0
2588,hff19,hff19_2,long-duration_electrical_50.0~-1.0_1.0,hff19_2_long-duration_electrical_50.0~-1.0_1.0_0,M,SA,23.202329105578443,188.5,7.319979061236409e+81,1.0,0.0
2589,hff19,hff19_2,long-duration_electrical_50.0~-1.0_1.0,hff19_2_long-duration_electrical_50.0~-1.0_1.0_0,M,SA,23.202329105578443,189.5,1.989776606685963e+82,1.0,0.0
2590,hff19,hff19_2,long-duration_electrical_50.0~-1.0_1.0,hff19_2_long-duration_electrical_50.0~-1.0_1.0_0,M,SA,23.202329105578443,190.5,5.408773592647354e+82,1.0,0.0
2591,hff19,hff19_2,long-duration_electrical_50.0~-1.0_1.0,hff19_2_long-duration_electrical_50.0~-1.0_1.0_0,M,SA,23.202329105578443,191.5,1.470257097114245e+83,1.0,0.0
2592,hff19,hff19_2,long-duration_electrical_50.0~-1.0_1.0,hff19_2_long-duration_electrical_50.0~-1.0_1.0_0,M,SA,23.202329105578443,192.5,3.9965731502485976e+83,1.0,0.0
2593,hff19,hff19_2,long-duration_electrical_50.0~-1.0_1.0,hff19_2_long-duration_electrical_50.0~-1.0_1.0_0,M,SA,23.202329105578443,193.5,1.0863812170428086e+84,1.0,0.0
2594,hff19,hff19_2,long-duration_electrical_50.0~-1.0_1.0,hff19_2_long-duration_electrical_50.0~-1.0_1.0_0,M,SA,23.202329105578443,194.5,2.9530903210666885e+84,1.0,0.0
2595,hff19,hff19_2,long-duration_electrical_50.0~-1.0_1.0,hff19_2_long-duration_electrical_50.0~-1.0_1.0_0,M,SA,23.202329105578443,195.5,8.027331757553867e+84,1.0,0.0
2596,hff19,hff19_2,long-duration_electrical_50.0~-1.0_1.0,hff19_2_long-duration_electrical_50.0~-1.0_1.0_0,M,SA,23.202329105578443,196.5,2.1820550047570884e+85,1.0,0.0
2597,hff19,hff19_2,long-duration_electrical_50.0~-1.0_1.0,hff19_2_long-duration_electrical_50.0~-1.0_1.0_0,M,SA,23.202329105578443,197.5,5.931440468129309e+85,1.0,0.0
2598,hff19,hff19_2,long-duration_electrical_50.0~-1.0_1.0,hff19_2_long-duration_electrical_50.0~-1.0_1.0_0,M,SA,23.202329105578443,198.5,1.6123326841102515e+86,1.0,0.0
2599,hff19,hff19_2,long-duration_electrical_50.0~-1.0_1.0,hff19_2_long-duration_electrical_50.0~-1.0_1.0_0,M,SA,23.202329105578443,199.5,4.3827746366474943e+86,1.0,0.0
2600,hff19,hff19_2,long-duration_electrical_50.0~-1.0_1.0,hff19_2_long-duration_electrical_50.0~-1.0_1.0_0,M,SA,23.202329105578443,200.5,1.1913616653030078e+87,1.0,0.0
2601,hff19,hff19_2,long-duration_electrical_50.0~-1.0_1.0,hff19_2_long-duration_electrical_50.0~-1.0_1.0_0,M,SA,23.202329105578443,201.5,3.238456765915873e+87,1.0,0.0
2602,hff19,hff19_2,long-duration_electrical_50.0~-1.0_1.0,hff19_2_long-duration_electrical_50.0~-1.0_1.0_0,M,SA,23.202329105578443,202.5,8.803038179039366e+87,1.0,0.0
2603,hff19,hff19_2,long-duration_electrical_50.0~-1.0_1.0,hff19_2_long-duration_electrical_50.0~-1.0_1.0_0,M,SA,23.202329105578443,203.5,2.392913871731391e+88,1.0,0.0
2604,hff19,hff19_2,long-duration_electrical_50.0~-1.0_1.0,hff19_2_long-duration_electrical_50.0~-1.0_1.0_0,M,SA,23.202329105578443,204.5,6.50461429459502e+88,1.0,0.0
2605,hff19,hff19_2,long-duration_electrical_50.0~-1.0_1.0,hff19_2_long-duration_electrical_50.0~-1.0_1.0_0,M,SA,23.202329105578443,205.5,1.7681374838132593e+89,1.0,0.0
2606,hff19,hff19_2,long-duration_electrical_50.0~-1.0_1.0,hff19_2_long-duration_electrical_50.0~-1.0_1.0_0,M,SA,23.202329105578443,206.5,4.806295992466882e+89,1.0,0.0
2607,hff19,hff19_2,long-duration_electrical_50.0~-1.0_1.0,hff19_2_long-duration_electrical_50.0~-1.0_1.0_0,M,SA,23.202329105578443,207.5,1.3064867058518258e+90,1.0,0.0
2608,hff19,hff19_2,long-duration_electrical_50.0~-1.0_1.0,hff19_2_long-duration_electrical_50.0~-1.0_1.0_0,M,SA,23.202329105578443,208.5,3.5513990716403354e+90,1.0,0.0
2609,hff19,hff19_2,long-duration_electrical_50.0~-1.0_1.0,hff19_2_long-duration_electrical_50.0~-1.0_1.0_0,M,SA,23.202329105578443,209.5,9.653703562046247e+90,1.0,0.0
2610,hff19,hff19_2,long-duration_electrical_50.0~-1.0_1.0,hff19_2_long-duration_electrical_50.0~-1.0_1.0_0,M,SA,23.202329105578443,210.5,2.624148697004067e+91,1.0,0.0
2611,hff19,hff19_2,long-duration_electrical_50.0~-1.0_1.0,hff19_2_long-duration_electrical_50.0~-1.0_1.0_0,M,SA,23.202329105578443,211.5,7.133175718240636e+91,1.0,0.0
2612,hff19,hff19_2,long-duration_electrical_50.0~-1.0_1.0,hff19_2_long-duration_electrical_50.0~-1.0_1.0_0,M,SA,23.202329105578443,212.5,1.938998193409882e+92,1.0,0.0
2613,hff19,hff19_2,long-duration_electrical_50.0~-1.0_1.0,hff19_2_long-duration_electrical_50.0~-1.0_1.0_0,M,SA,23.202329105578443,213.5,5.270743554560999e+92,1.0,0.0
2614,hff19,hff19_2,long-duration_electrical_50.0~-1.0_1.0,hff19_2_long-duration_electrical_50.0~-1.0_1.0_0,M,SA,23.202329105578443,214.5,1.4327366426830802e+93,1.0,0.0
2615,hff19,hff19_2,long-duration_electrical_50.0~-1.0_1.0,hff19_2_long-duration_electrical_50.0~-1.0_1.0_0,M,SA,23.202329105578443,215.5,3.894581980772837e+93,1.0,0.0
2616,hff19,hff19_2,long-duration_electrical_50.0~-1.0_1.0,hff19_2_long-duration_electrical_50.0~-1.0_1.0_0,M,SA,23.202329105578443,216.5,1.0586571427778838e+94,1.0,0.0
2617,hff19,hff19_2,long-duration_electrical_50.0~-1.0_1.0,hff19_2_long-duration_electrical_50.0~-1.0_1.0_0,M,SA,23.202329105578443,217.5,2.877728473781494e+94,1.0,0.0
2618,hff19,hff19_2,long-duration_electrical_50.0~-1.0_1.0,hff19_2_long-duration_electrical_50.0~-1.0_1.0_0,M,SA,23.202329105578443,218.5,7.822477017519418e+94,1.0,0.0
2619,hff19,hff19_2,long-duration_electrical_50.0~-1.0_1.0,hff19_2_long-duration_electrical_50.0~-1.0_1.0_0,M,SA,23.202329105578443,219.5,2.126369713026154e+95,1.0,0.0
2620,hff19,hff19_2,long-duration_electrical_50.0~-1.0_1.0,hff19_2_long-duration_electrical_50.0~-1.0_1.0_0,M,SA,23.202329105578443,220.5,5.780072151504669e+95,1.0,0.0
2621,hff19,hff19_2,long-duration_electrical_50.0~-1.0_1.0,hff19_2_long-duration_electrical_50.0~-1.0_1.0_0,M,SA,23.202329105578443,221.5,1.5711865096617322e+96,1.0,0.0
2622,hff19,hff19_2,long-duration_electrical_50.0~-1.0_1.0,hff19_2_long-duration_electrical_50.0~-1.0_1.0_0,M,SA,23.202329105578443,222.5,4.2709277383334783e+96,1.0,0.0
2623,hff19,hff19_2,long-duration_electrical_50.0~-1.0_1.0,hff19_2_long-duration_electrical_50.0~-1.0_1.0_0,M,SA,23.202329105578443,223.5,1.1609585261773583e+97,1.0,0.0
2624,hff19,hff19_2,long-duration_electrical_50.0~-1.0_1.0,hff19_2_long-duration_electrical_50.0~-1.0_1.0_0,M,SA,23.202329105578443,224.5,3.1558124653025077e+97,1.0,0.0
2625,hff19,hff19_2,long-duration_electrical_50.0~-1.0_1.0,hff19_2_long-duration_electrical_50.0~-1.0_1.0_0,M,SA,23.202329105578443,225.5,8.578387678456348e+97,1.0,0.0
2626,hff19,hff19_2,long-duration_electrical_50.0~-1.0_1.0,hff19_2_long-duration_electrical_50.0~-1.0_1.0_0,M,SA,23.202329105578443,226.5,2.3318475343824867e+98,1.0,0.0
2627,hff19,hff19_2,long-duration_electrical_50.0~-1.0_1.0,hff19_2_long-duration_electrical_50.0~-1.0_1.0_0,M,SA,23.202329105578443,227.5,6.338618779448942e+98,1.0,0.0
2628,hff19,hff19_2,long-duration_electrical_50.0~-1.0_1.0,hff19_2_long-duration_electrical_50.0~-1.0_1.0_0,M,SA,23.202329105578443,228.5,1.723015224570531e+99,1.0,0.0
2629,hff19,hff19_2,long-duration_electrical_50.0~-1.0_1.0,hff19_2_long-duration_electrical_50.0~-1.0_1.0_0,M,SA,23.202329105578443,229.5,4.683640975108356e+99,1.0,0.0
2630,hff19,hff19_2,long-duration_electrical_50.0~-1.0_1.0,hff19_2_long-duration_electrical_50.0~-1.0_1.0_0,M,SA,23.202329105578443,230.5,1.2731456153663248e+100,1.0,0.0
2631,hff19,hff19_2,long-duration_electrical_50.0~-1.0_1.0,hff19_2_long-duration_electrical_50.0~-1.0_1.0_0,M,SA,23.202329105578443,231.5,3.4607685912325894e+100,1.0,0.0
2632,hff19,hff19_2,long-duration_electrical_50.0~-1.0_1.0,hff19_2_long-duration_electrical_50.0~-1.0_1.0_0,M,SA,23.202329105578443,232.5,9.407344374049358e+100,1.0,0.0
2633,hff19,hff19_2,long-duration_electrical_50.0~-1.0_1.0,hff19_2_long-duration_electrical_50.0~-1.0_1.0_0,M,SA,23.202329105578443,233.5,2.55718132660348e+101,1.0,0.0
2634,hff19,hff19_2,long-duration_electrical_50.0~-1.0_1.0,hff19_2_long-duration_electrical_50.0~-1.0_1.0_0,M,SA,23.202329105578443,234.5,6.951139532181034e+101,1.0,0.0
2635,hff19,hff19_2,long-duration_electrical_50.0~-1.0_1.0,hff19_2_long-duration_electrical_50.0~-1.0_1.0_0,M,SA,23.202329105578443,235.5,1.8895156277411014e+102,1.0,0.0
2636,hff19,hff19_2,long-duration_electrical_50.0~-1.0_1.0,hff19_2_long-duration_electrical_50.0~-1.0_1.0_0,M,SA,23.202329105578443,236.5,5.136235995478022e+102,1.0,0.0
2637,hff19,hff19_2,long-duration_electrical_50.0~-1.0_1.0,hff19_2_long-duration_electrical_50.0~-1.0_1.0_0,M,SA,23.202329105578443,237.5,1.3961736973185161e+103,1.0,0.0
2638,hff19,hff19_2,long-duration_electrical_50.0~-1.0_1.0,hff19_2_long-duration_electrical_50.0~-1.0_1.0_0,M,SA,23.202329105578443,238.5,3.795193590793402e+103,1.0,0.0
2639,hff19,hff19_2,long-duration_electrical_50.0~-1.0_1.0,hff19_2_long-duration_electrical_50.0~-1.0_1.0_0,M,SA,23.202329105578443,239.5,1.0316405773337937e+104,1.0,0.0
2640,hff19,hff19_2,long-duration_electrical_50.0~-1.0_1.0,hff19_2_long-duration_electrical_50.0~-1.0_1.0_0,M,SA,23.202329105578443,240.5,2.80428983486745e+104,1.0,0.0
2641,hff19,hff19_2,long-duration_electrical_50.0~-1.0_1.0,hff19_2_long-duration_electrical_50.0~-1.0_1.0_0,M,SA,23.202329105578443,241.5,7.622850099852606e+104,1.0,0.0
2642,hff19,hff19_2,long-duration_electrical_50.0~-1.0_1.0,hff19_2_long-duration_electrical_50.0~-1.0_1.0_0,M,SA,23.202329105578443,242.5,2.0721054907496557e+105,1.0,0.0
2643,hff19,hff19_2,long-duration_electrical_50.0~-1.0_1.0,hff19_2_long-duration_electrical_50.0~-1.0_1.0_0,M,SA,23.202329105578443,243.5,5.632566702155002e+105,1.0,0.0
2644,hff19,hff19_2,long-duration_electrical_50.0~-1.0_1.0,hff19_2_long-duration_electrical_50.0~-1.0_1.0_0,M,SA,23.202329105578443,244.5,1.531090371405143e+106,1.0,0.0
2645,hff19,hff19_2,long-duration_electrical_50.0~-1.0_1.0,hff19_2_long-duration_electrical_50.0~-1.0_1.0_0,M,SA,23.202329105578443,245.5,4.161935134319211e+106,1.0,0.0
2646,hff19,hff19_2,long-duration_electrical_50.0~-1.0_1.0,hff19_2_long-duration_electrical_50.0~-1.0_1.0_0,M,SA,23.202329105578443,246.5,1.1313312646845167e+107,1.0,0.0
2647,hff19,hff19_2,long-duration_electrical_50.0~-1.0_1.0,hff19_2_long-duration_electrical_50.0~-1.0_1.0_0,M,SA,23.202329105578443,247.5,3.0752772187595124e+107,1.0,0.0
2648,hff19,hff19_2,long-duration_electrical_50.0~-1.0_1.0,hff19_2_long-duration_electrical_50.0~-1.0_1.0_0,M,SA,23.202329105578443,248.5,8.359470181228054e+107,1.0,0.0
2649,hff19,hff19_2,long-duration_electrical_50.0~-1.0_1.0,hff19_2_long-duration_electrical_50.0~-1.0_1.0_0,M,SA,23.202329105578443,249.5,2.272339588917746e+108,1.0,0.0
2650,hff19,hff19_2,long-duration_electrical_50.0~-1.0_1.0,hff19_2_long-duration_electrical_50.0~-1.0_1.0_0,M,SA,23.202329105578443,250.5,6.176859412643206e+108,1.0,0.0
2651,hff19,hff19_2,long-duration_electrical_50.0~-1.0_1.0,hff19_2_long-duration_electrical_50.0~-1.0_1.0_0,M,SA,23.202329105578443,251.5,1.679044469833424e+109,1.0,0.0
2652,hff19,hff19_2,long-duration_electrical_50.0~-1.0_1.0,hff19_2_long-duration_electrical_50.0~-1.0_1.0_0,M,SA,23.202329105578443,252.5,4.564116071522848e+109,1.0,0.0
2653,hff19,hff19_2,long-duration_electrical_50.0~-1.0_1.0,hff19_2_long-duration_electrical_50.0~-1.0_1.0_0,M,SA,23.202329105578443,253.5,1.240655378019844e+110,1.0,0.0
2654,hff19,hff19_2,long-duration_electrical_50.0~-1.0_1.0,hff19_2_long-duration_electrical_50.0~-1.0_1.0_0,M,SA,23.202329105578443,254.5,3.37245096945133e+110,1.0,0.0
2655,hff19,hff19_2,long-duration_electrical_50.0~-1.0_1.0,hff19_2_long-duration_electrical_50.0~-1.0_1.0_0,M,SA,23.202329105578443,255.5,9.16727218762864e+110,1.0,0.0
2656,hff19,hff19_2,long-duration_electrical_50.0~-1.0_1.0,hff19_2_long-duration_electrical_50.0~-1.0_1.0_0,M,SA,23.202329105578443,256.5,2.491922940416893e+111,1.0,0.0
2657,hff19,hff19_2,long-duration_electrical_50.0~-1.0_1.0,hff19_2_long-duration_electrical_50.0~-1.0_1.0_0,M,SA,23.202329105578443,257.5,6.773748846855472e+111,1.0,0.0
2658,hff19,hff19_2,long-duration_electrical_50.0~-1.0_1.0,hff19_2_long-duration_electrical_50.0~-1.0_1.0_0,M,SA,23.202329105578443,258.5,1.8412958400952643e+112,1.0,0.0
2659,hff19,hff19_2,long-duration_electrical_50.0~-1.0_1.0,hff19_2_long-duration_electrical_50.0~-1.0_1.0_0,M,SA,23.202329105578443,259.5,5.005161022948189e+112,1.0,0.0
2660,hff19,hff19_2,long-duration_electrical_50.0~-1.0_1.0,hff19_2_long-duration_electrical_50.0~-1.0_1.0_0,M,SA,23.202329105578443,260.5,1.3605438257191548e+113,1.0,0.0
2661,hff19,hff19_2,long-duration_electrical_50.0~-1.0_1.0,hff19_2_long-duration_electrical_50.0~-1.0_1.0_0,M,SA,23.202329105578443,261.5,3.698341558274529e+113,1.0,0.0
2662,hff19,hff19_2,long-duration_electrical_50.0~-1.0_1.0,hff19_2_long-duration_electrical_50.0~-1.0_1.0_0,M,SA,23.202329105578443,262.5,1.005313465329256e+114,1.0,0.0
2663,hff19,hff19_2,long-duration_electrical_50.0~-1.0_1.0,hff19_2_long-duration_electrical_50.0~-1.0_1.0_0,M,SA,23.202329105578443,263.5,2.732725324709709e+114,1.0,0.0
2664,hff19,hff19_2,long-duration_electrical_50.0~-1.0_1.0,hff19_2_long-duration_electrical_50.0~-1.0_1.0_0,M,SA,23.202329105578443,264.5,7.428317592328247e+114,1.0,0.0
2665,hff19,hff19_2,long-duration_electrical_50.0~-1.0_1.0,hff19_2_long-duration_electrical_50.0~-1.0_1.0_0,M,SA,23.202329105578443,265.5,2.0192260727248517e+115,1.0,0.0
2666,hff19,hff19_2,long-duration_electrical_50.0~-1.0_1.0,hff19_2_long-duration_electrical_50.0~-1.0_1.0_0,M,SA,23.202329105578443,266.5,5.4888255410386875e+115,1.0,0.0
2667,hff19,hff19_2,long-duration_electrical_50.0~-1.0_1.0,hff19_2_long-duration_electrical_50.0~-1.0_1.0_0,M,SA,23.202329105578443,267.5,1.4920174727787351e+116,1.0,0.0
2668,hff19,hff19_2,long-duration_electrical_50.0~-1.0_1.0,hff19_2_long-duration_electrical_50.0~-1.0_1.0_0,M,SA,23.202329105578443,268.5,4.055723983997824e+116,1.0,0.0
2669,hff19,hff19_2,long-duration_electrical_50.0~-1.0_1.0,hff19_2_long-duration_electrical_50.0~-1.0_1.0_0,M,SA,23.202329105578443,269.5,1.1024600806946808e+117,1.0,0.0
2670,hff19,hff19_2,long-duration_electrical_50.0~-1.0_1.0,hff19_2_long-duration_electrical_50.0~-1.0_1.0_0,M,SA,23.202329105578443,270.5,2.9967972039538434e+117,1.0,0.0
2671,hff19,hff19_2,long-duration_electrical_50.0~-1.0_1.0,hff19_2_long-duration_electrical_50.0~-1.0_1.0_0,M,SA,23.202329105578443,271.5,8.146139383084608e+117,1.0,0.0
2672,hff19,hff19_2,long-duration_electrical_50.0~-1.0_1.0,hff19_2_long-duration_electrical_50.0~-1.0_1.0_0,M,SA,23.202329105578443,272.5,2.214350265713347e+118,1.0,0.0
2673,hff19,hff19_2,long-duration_electrical_50.0~-1.0_1.0,hff19_2_long-duration_electrical_50.0~-1.0_1.0_0,M,SA,23.202329105578443,273.5,6.019228089132049e+118,1.0,0.0
2674,hff19,hff19_2,long-duration_electrical_50.0~-1.0_1.0,hff19_2_long-duration_electrical_50.0~-1.0_1.0_0,M,SA,23.202329105578443,274.5,1.636195833603791e+119,1.0,0.0
2675,hff19,hff19_2,long-duration_electrical_50.0~-1.0_1.0,hff19_2_long-duration_electrical_50.0~-1.0_1.0_0,M,SA,23.202329105578443,275.5,4.447641402285585e+119,1.0,0.0
2676,hff19,hff19_2,long-duration_electrical_50.0~-1.0_1.0,hff19_2_long-duration_electrical_50.0~-1.0_1.0_0,M,SA,23.202329105578443,276.5,1.2089942803335012e+120,1.0,0.0
2677,hff19,hff19_2,long-duration_electrical_50.0~-1.0_1.0,hff19_2_long-duration_electrical_50.0~-1.0_1.0_0,M,SA,23.202329105578443,277.5,3.286387182941477e+120,1.0,0.0
2678,hff19,hff19_2,long-duration_electrical_50.0~-1.0_1.0,hff19_2_long-duration_electrical_50.0~-1.0_1.0_0,M,SA,23.202329105578443,278.5,8.933326560670529e+120,1.0,0.0
2679,hff19,hff19_2,long-duration_electrical_50.0~-1.0_1.0,hff19_2_long-duration_electrical_50.0~-1.0_1.0_0,M,SA,23.202329105578443,279.5,2.428329925756124e+121,1.0,0.0
2680,hff19,hff19_2,long-duration_electrical_50.0~-1.0_1.0,hff19_2_long-duration_electrical_50.0~-1.0_1.0_0,M,SA,23.202329105578443,280.5,6.600885110686175e+121,1.0,0.0
2681,hff19,hff19_2,long-duration_electrical_50.0~-1.0_1.0,hff19_2_long-duration_electrical_50.0~-1.0_1.0_0,M,SA,23.202329105578443,281.5,1.79430660481241e+122,1.0,0.0
2682,hff19,hff19_2,long-duration_electrical_50.0~-1.0_1.0,hff19_2_long-duration_electrical_50.0~-1.0_1.0_0,M,SA,23.202329105578443,282.5,4.877431038545619e+122,1.0,0.0
2683,hff19,hff19_2,long-duration_electrical_50.0~-1.0_1.0,hff19_2_long-duration_electrical_50.0~-1.0_1.0_0,M,SA,23.202329105578443,283.5,1.3258232161640687e+123,1.0,0.0
2684,hff19,hff19_2,long-duration_electrical_50.0~-1.0_1.0,hff19_2_long-duration_electrical_50.0~-1.0_1.0_0,M,SA,23.202329105578443,284.5,3.603961156247916e+123,1.0,0.0
2685,hff19,hff19_2,long-duration_electrical_50.0~-1.0_1.0,hff19_2_long-duration_electrical_50.0~-1.0_1.0_0,M,SA,23.202329105578443,285.5,9.796582121500962e+123,1.0,0.0
2686,hff19,hff19_2,long-duration_electrical_50.0~-1.0_1.0,hff19_2_long-duration_electrical_50.0~-1.0_1.0_0,M,SA,23.202329105578443,286.5,2.6629871161882825e+124,1.0,0.0
2687,hff19,hff19_2,long-duration_electrical_50.0~-1.0_1.0,hff19_2_long-duration_electrical_50.0~-1.0_1.0_0,M,SA,23.202329105578443,287.5,7.238749487355165e+124,1.0,0.0
2688,hff19,hff19_2,long-duration_electrical_50.0~-1.0_1.0,hff19_2_long-duration_electrical_50.0~-1.0_1.0_0,M,SA,23.202329105578443,288.5,1.9676961192244775e+125,1.0,0.0
2689,hff19,hff19_2,long-duration_electrical_50.0~-1.0_1.0,hff19_2_long-duration_electrical_50.0~-1.0_1.0_0,M,SA,23.202329105578443,289.5,5.3487526048172796e+125,1.0,0.0
2690,hff19,hff19_2,long-duration_electrical_50.0~-1.0_1.0,hff19_2_long-duration_electrical_50.0~-1.0_1.0_0,M,SA,23.202329105578443,290.5,1.4539417010597797e+126,1.0,0.0
2691,hff19,hff19_2,long-duration_electrical_50.0~-1.0_1.0,hff19_2_long-duration_electrical_50.0~-1.0_1.0_0,M,SA,23.202329105578443,291.5,3.952223305629632e+126,1.0,0.0
2692,hff19,hff19_2,long-duration_electrical_50.0~-1.0_1.0,hff19_2_long-duration_electrical_50.0~-1.0_1.0_0,M,SA,23.202329105578443,292.5,1.0743256793705369e+127,1.0,0.0
2693,hff19,hff19_2,long-duration_electrical_50.0~-1.0_1.0,hff19_2_long-duration_electrical_50.0~-1.0_1.0_0,M,SA,23.202329105578443,293.5,2.920319972079849e+127,1.0,0.0
2694,hff19,hff19_2,long-duration_electrical_50.0~-1.0_1.0,hff19_2_long-duration_electrical_50.0~-1.0_1.0_0,M,SA,23.202329105578443,294.5,7.93825271339068e+127,1.0,0.0
2695,hff19,hff19_2,long-duration_electrical_50.0~-1.0_1.0,hff19_2_long-duration_electrical_50.0~-1.0_1.0_0,M,SA,23.202329105578443,295.5,2.1578408100525594e+128,1.0,0.0
2696,hff19,hff19_2,long-duration_electrical_50.0~-1.0_1.0,hff19_2_long-duration_electrical_50.0~-1.0_1.0_0,M,SA,23.202329105578443,296.5,5.865619462673218e+128,1.0,0.0
2697,hff19,hff19_2,long-duration_electrical_50.0~-1.0_1.0,hff19_2_long-duration_electrical_50.0~-1.0_1.0_0,M,SA,23.202329105578443,297.5,1.594440679804032e+129,1.0,0.0
2698,hff19,hff19_2,long-duration_electrical_50.0~-1.0_1.0,hff19_2_long-duration_electrical_50.0~-1.0_1.0_0,M,SA,23.202329105578443,298.5,4.334139126467187e+129,1.0,0.0
2699,hff19,hff19_2,long-duration_electrical_50.0~-1.0_1.0,hff19_2_long-duration_electrical_50.0~-1.0_1.0_0,M,SA,23.202329105578443,299.5,1.1781411629489113e+130,1.0,0.0
2700,hff11,hff11_1,long-duration_electrical_50.0~-1.0_1.0,hff11_1_long-duration_electrical_50.0~-1.0_1.0_0,F,FA,25.854068427202865,0.5,1.6487212707001282,1.0,0.0
2701,hff11,hff11_1,long-duration_electrical_50.0~-1.0_1.0,hff11_1_long-duration_electrical_50.0~-1.0_1.0_0,F,FA,25.854068427202865,1.5,4.4816890703380645,0.84,-0.1743533871447778
2702,hff11,hff11_1,long-duration_electrical_50.0~-1.0_1.0,hff11_1_long-duration_electrical_50.0~-1.0_1.0_0,F,FA,25.854068427202865,2.5,12.182493960703473,0.76,-0.2744368457017603
2703,hff11,hff11_1,long-duration_electrical_50.0~-1.0_1.0,hff11_1_long-duration_electrical_50.0~-1.0_1.0_0,F,FA,25.854068427202865,3.5,33.11545195869231,0.74,-0.3011050927839216
2704,hff11,hff11_1,long-duration_electrical_50.0~-1.0_1.0,hff11_1_long-duration_electrical_50.0~-1.0_1.0_0,F,FA,25.854068427202865,4.5,90.01713130052181,0.78,-0.2484613592984996
2705,hff11,hff11_1,long-duration_electrical_50.0~-1.0_1.0,hff11_1_long-duration_electrical_50.0~-1.0_1.0_0,F,FA,25.854068427202865,5.5,244.69193226422038,0.64,-0.4462871026284195
2706,hff11,hff11_1,long-duration_electrical_50.0~-1.0_1.0,hff11_1_long-duration_electrical_50.0~-1.0_1.0_0,F,FA,25.854068427202865,6.5,665.1416330443618,0.72,-0.3285040669720361
2707,hff11,hff11_1,long-duration_electrical_50.0~-1.0_1.0,hff11_1_long-duration_electrical_50.0~-1.0_1.0_0,F,FA,25.854068427202865,7.5,1808.0424144560632,0.68,-0.3856624808119846
2708,hff11,hff11_1,long-duration_electrical_50.0~-1.0_1.0,hff11_1_long-duration_electrical_50.0~-1.0_1.0_0,F,FA,25.854068427202865,8.5,4914.768840299134,0.68,-0.3856624808119846
2709,hff11,hff11_1,long-duration_electrical_50.0~-1.0_1.0,hff11_1_long-duration_electrical_50.0~-1.0_1.0_0,F,FA,25.854068427202865,9.5,13359.726829661873,0.62,-0.4780358009429998
2710,hff11,hff11_1,long-duration_electrical_50.0~-1.0_1.0,hff11_1_long-duration_electrical_50.0~-1.0_1.0_0,F,FA,25.854068427202865,10.5,36315.502674246636,0.6,-0.5108256237659907
2711,hff11,hff11_1,long-duration_electrical_50.0~-1.0_1.0,hff11_1_long-duration_electrical_50.0~-1.0_1.0_0,F,FA,25.854068427202865,11.5,98715.7710107605,0.64,-0.4462871026284195
2712,hff11,hff11_1,long-duration_electrical_50.0~-1.0_1.0,hff11_1_long-duration_electrical_50.0~-1.0_1.0_0,F,FA,25.854068427202865,12.5,268337.2865208745,0.62,-0.4780358009429998
2713,hff11,hff11_1,long-duration_electrical_50.0~-1.0_1.0,hff11_1_long-duration_electrical_50.0~-1.0_1.0_0,F,FA,25.854068427202865,13.5,729416.3698477013,0.58,-0.5447271754416722
2714,hff11,hff11_1,long-duration_electrical_50.0~-1.0_1.0,hff11_1_long-duration_electrical_50.0~-1.0_1.0_0,F,FA,25.854068427202865,14.5,1982759.2635375687,0.54,-0.616186139423817
2715,hff11,hff11_1,long-duration_electrical_50.0~-1.0_1.0,hff11_1_long-duration_electrical_50.0~-1.0_1.0_0,F,FA,25.854068427202865,15.5,5389698.476283012,0.54,-0.616186139423817
2716,hff11,hff11_1,long-duration_electrical_50.0~-1.0_1.0,hff11_1_long-duration_electrical_50.0~-1.0_1.0_0,F,FA,25.854068427202865,16.5,14650719.428953517,0.5,-0.6931471805599453
2717,hff11,hff11_1,long-duration_electrical_50.0~-1.0_1.0,hff11_1_long-duration_electrical_50.0~-1.0_1.0_0,F,FA,25.854068427202865,17.5,39824784.39757623,0.6,-0.5108256237659907
2718,hff11,hff11_1,long-duration_electrical_50.0~-1.0_1.0,hff11_1_long-duration_electrical_50.0~-1.0_1.0_0,F,FA,25.854068427202865,18.5,108254987.75023076,0.5,-0.6931471805599453
2719,hff11,hff11_1,long-duration_electrical_50.0~-1.0_1.0,hff11_1_long-duration_electrical_50.0~-1.0_1.0_0,F,FA,25.854068427202865,19.5,294267566.0415088,0.48,-0.7339691750802004
2720,hff11,hff11_1,long-duration_electrical_50.0~-1.0_1.0,hff11_1_long-duration_electrical_50.0~-1.0_1.0_0,F,FA,25.854068427202865,20.5,799902177.4755054,0.44,-0.8209805520698302
2721,hff11,hff11_1,long-duration_electrical_50.0~-1.0_1.0,hff11_1_long-duration_electrical_50.0~-1.0_1.0_0,F,FA,25.854068427202865,21.5,2174359553.5764885,0.44,-0.8209805520698302
2722,hff11,hff11_1,long-duration_electrical_50.0~-1.0_1.0,hff11_1_long-duration_electrical_50.0~-1.0_1.0_0,F,FA,25.854068427202865,22.5,5910522063.023291,0.46,-0.7765287894989963
2723,hff11,hff11_1,long-duration_electrical_50.0~-1.0_1.0,hff11_1_long-duration_electrical_50.0~-1.0_1.0_0,F,FA,25.854068427202865,23.5,16066464720.622478,0.44,-0.8209805520698302
2724,hff11,hff11_1,long-duration_electrical_50.0~-1.0_1.0,hff11_1_long-duration_electrical_50.0~-1.0_1.0_0,F,FA,25.854068427202865,24.5,43673179097.646416,0.48,-0.7339691750802004
2725,hff11,hff11_1,long-duration_electrical_50.0~-1.0_1.0,hff11_1_long-duration_electrical_50.0~-1.0_1.0_0,F,FA,25.854068427202865,25.5,118716009132.16965,0.48,-0.7339691750802004
2726,hff11,hff11_1,long-duration_electrical_50.0~-1.0_1.0,hff11_1_long-duration_electrical_50.0~-1.0_1.0_0,F,FA,25.854068427202865,26.5,322703570371.15485,0.46,-0.7765287894989963
2727,hff11,hff11_1,long-duration_electrical_50.0~-1.0_1.0,hff11_1_long-duration_electrical_50.0~-1.0_1.0_0,F,FA,25.854068427202865,27.5,877199251318.7649,0.46,-0.7765287894989963
2728,hff11,hff11_1,long-duration_electrical_50.0~-1.0_1.0,hff11_1_long-duration_electrical_50.0~-1.0_1.0_0,F,FA,25.854068427202865,28.5,2384474784797.6777,0.42,-0.8675005677047231
2729,hff11,hff11_1,long-duration_electrical_50.0~-1.0_1.0,hff11_1_long-duration_electrical_50.0~-1.0_1.0_0,F,FA,25.854068427202865,29.5,6481674477934.32,0.42,-0.8675005677047231
2730,hff11,hff11_1,long-duration_electrical_50.0~-1.0_1.0,hff11_1_long-duration_electrical_50.0~-1.0_1.0_0,F,FA,25.854068427202865,30.5,17619017951355.633,0.42,-0.8675005677047231
2731,hff11,hff11_1,long-duration_electrical_50.0~-1.0_1.0,hff11_1_long-duration_electrical_50.0~-1.0_1.0_0,F,FA,25.854068427202865,31.5,47893456332463.73,0.44,-0.8209805520698302
2732,hff11,hff11_1,long-duration_electrical_50.0~-1.0_1.0,hff11_1_long-duration_electrical_50.0~-1.0_1.0_0,F,FA,25.854068427202865,32.5,130187912050632.94,0.38,-0.9675840262617056
2733,hff11,hff11_1,long-duration_electrical_50.0~-1.0_1.0,hff11_1_long-duration_electrical_50.0~-1.0_1.0_0,F,FA,25.854068427202865,33.5,353887435612259.9,0.4,-0.916290731874155
2734,hff11,hff11_1,long-duration_electrical_50.0~-1.0_1.0,hff11_1_long-duration_electrical_50.0~-1.0_1.0_0,F,FA,25.854068427202865,34.5,961965785544776.4,0.38,-0.9675840262617056
2735,hff11,hff11_1,long-duration_electrical_50.0~-1.0_1.0,hff11_1_long-duration_electrical_50.0~-1.0_1.0_0,F,FA,25.854068427202865,35.5,2614894114445696.5,0.4,-0.916290731874155
2736,hff11,hff11_1,long-duration_electrical_50.0~-1.0_1.0,hff11_1_long-duration_electrical_50.0~-1.0_1.0_0,F,FA,25.854068427202865,36.5,7108019154642244.0,0.42,-0.8675005677047231
2737,hff11,hff11_1,long-duration_electrical_50.0~-1.0_1.0,hff11_1_long-duration_electrical_50.0~-1.0_1.0_0,F,FA,25.854068427202865,37.5,1.9321599304402836e+16,0.46,-0.7765287894989963
2738,hff11,hff11_1,long-duration_electrical_50.0~-1.0_1.0,hff11_1_long-duration_electrical_50.0~-1.0_1.0_0,F,FA,25.854068427202865,38.5,5.252155228592516e+16,0.42,-0.8675005677047231
2739,hff11,hff11_1,long-duration_electrical_50.0~-1.0_1.0,hff11_1_long-duration_electrical_50.0~-1.0_1.0_0,F,FA,25.854068427202865,39.5,1.4276838118129198e+17,0.38,-0.9675840262617056
2740,hff11,hff11_1,long-duration_electrical_50.0~-1.0_1.0,hff11_1_long-duration_electrical_50.0~-1.0_1.0_0,F,FA,25.854068427202865,40.5,3.8808469624362035e+17,0.42,-0.8675005677047231
2741,hff11,hff11_1,long-duration_electrical_50.0~-1.0_1.0,hff11_1_long-duration_electrical_50.0~-1.0_1.0_0,F,FA,25.854068427202865,41.5,1.0549235777020814e+18,0.46,-0.7765287894989963
2742,hff11,hff11_1,long-duration_electrical_50.0~-1.0_1.0,hff11_1_long-duration_electrical_50.0~-1.0_1.0_0,F,FA,25.854068427202865,42.5,2.8675795916805714e+18,0.36,-1.0216512475319814
2743,hff11,hff11_1,long-duration_electrical_50.0~-1.0_1.0,hff11_1_long-duration_electrical_50.0~-1.0_1.0_0,F,FA,25.854068427202865,43.5,7.794889495725307e+18,0.38,-0.9675840262617056
2744,hff11,hff11_1,long-duration_electrical_50.0~-1.0_1.0,hff11_1_long-duration_electrical_50.0~-1.0_1.0_0,F,FA,25.854068427202865,44.5,2.118870647107639e+19,0.4,-0.916290731874155
2745,hff11,hff11_1,long-duration_electrical_50.0~-1.0_1.0,hff11_1_long-duration_electrical_50.0~-1.0_1.0_0,F,FA,25.854068427202865,45.5,5.759687576887954e+19,0.36,-1.0216512475319814
2746,hff11,hff11_1,long-duration_electrical_50.0~-1.0_1.0,hff11_1_long-duration_electrical_50.0~-1.0_1.0_0,F,FA,25.854068427202865,46.5,1.5656454077855836e+20,0.34,-1.0788096613719298
2747,hff11,hff11_1,long-duration_electrical_50.0~-1.0_1.0,hff11_1_long-duration_electrical_50.0~-1.0_1.0_0,F,FA,25.854068427202865,47.5,4.255865461793903e+20,0.38,-0.9675840262617056
2748,hff11,hff11_1,long-duration_electrical_50.0~-1.0_1.0,hff11_1_long-duration_electrical_50.0~-1.0_1.0_0,F,FA,25.854068427202865,48.5,1.156864174916083e+21,0.38,-0.9675840262617056
2749,hff11,hff11_1,long-duration_electrical_50.0~-1.0_1.0,hff11_1_long-duration_electrical_50.0~-1.0_1.0_0,F,FA,25.854068427202865,49.5,3.144682864669655e+21,0.42,-0.8675005677047231
2750,hff11,hff11_1,long-duration_electrical_50.0~-1.0_1.0,hff11_1_long-duration_electrical_50.0~-1.0_1.0_0,F,FA,25.854068427202865,50.5,8.548134287298057e+21,0.42,-0.8675005677047231
2751,hff11,hff11_1,long-duration_electrical_50.0~-1.0_1.0,hff11_1_long-duration_electrical_50.0~-1.0_1.0_0,F,FA,25.854068427202865,51.5,2.3236238100390023e+22,0.42,-0.8675005677047231
2752,hff11,hff11_1,long-duration_electrical_50.0~-1.0_1.0,hff11_1_long-duration_electrical_50.0~-1.0_1.0_0,F,FA,25.854068427202865,52.5,6.316264379003792e+22,0.42,-0.8675005677047231
2753,hff11,hff11_1,long-duration_electrical_50.0~-1.0_1.0,hff11_1_long-duration_electrical_50.0~-1.0_1.0_0,F,FA,25.854068427202865,53.5,1.7169386685189163e+23,0.34,-1.0788096613719298
2754,hff11,hff11_1,long-duration_electrical_50.0~-1.0_1.0,hff11_1_long-duration_electrical_50.0~-1.0_1.0_0,F,FA,25.854068427202865,54.5,4.667123183213639e+23,0.36,-1.0216512475319814
2755,hff11,hff11_1,long-duration_electrical_50.0~-1.0_1.0,hff11_1_long-duration_electrical_50.0~-1.0_1.0_0,F,FA,25.854068427202865,55.5,1.2686556140109568e+24,0.48,-0.7339691750802004
2756,hff11,hff11_1,long-duration_electrical_50.0~-1.0_1.0,hff11_1_long-duration_electrical_50.0~-1.0_1.0_0,F,FA,25.854068427202865,56.5,3.4485635021385364e+24,0.36,-1.0216512475319814
2757,hff11,hff11_1,long-duration_electrical_50.0~-1.0_1.0,hff11_1_long-duration_electrical_50.0~-1.0_1.0_0,F,FA,25.854068427202865,57.5,9.37416750215027e+24,0.34,-1.0788096613719298
2758,hff11,hff11_1,long-duration_electrical_50.0~-1.0_1.0,hff11_1_long-duration_electrical_50.0~-1.0_1.0_0,F,FA,25.854068427202865,58.5,2.5481629178026397e+25,0.42,-0.8675005677047231
2759,hff11,hff11_1,long-duration_electrical_50.0~-1.0_1.0,hff11_1_long-duration_electrical_50.0~-1.0_1.0_0,F,FA,25.854068427202865,59.5,6.926624955416095e+25,0.38,-0.9675840262617056
2760,hff11,hff11_1,long-duration_electrical_50.0~-1.0_1.0,hff11_1_long-duration_electrical_50.0~-1.0_1.0_0,F,FA,25.854068427202865,60.5,1.8828518748858514e+26,0.38,-0.9675840262617056
2761,hff11,hff11_1,long-duration_electrical_50.0~-1.0_1.0,hff11_1_long-duration_electrical_50.0~-1.0_1.0_0,F,FA,25.854068427202865,61.5,5.118122037182254e+26,0.36,-1.0216512475319814
2762,hff11,hff11_1,long-duration_electrical_50.0~-1.0_1.0,hff11_1_long-duration_electrical_50.0~-1.0_1.0_0,F,FA,25.854068427202865,62.5,1.391249812950831e+27,0.42,-0.8675005677047231
2763,hff11,hff11_1,long-duration_electrical_50.0~-1.0_1.0,hff11_1_long-duration_electrical_50.0~-1.0_1.0_0,F,FA,25.854068427202865,63.5,3.7818090853912897e+27,0.4,-0.916290731874155
2764,hff11,hff11_1,long-duration_electrical_50.0~-1.0_1.0,hff11_1_long-duration_electrical_50.0~-1.0_1.0_0,F,FA,25.854068427202865,64.5,1.0280022915520465e+28,0.34,-1.0788096613719298
2765,hff11,hff11_1,long-duration_electrical_50.0~-1.0_1.0,hff11_1_long-duration_electrical_50.0~-1.0_1.0_0,F,FA,25.854068427202865,65.5,2.7943999487401853e+28,0.36,-1.0216512475319814
2766,hff11,hff11_1,long-duration_electrical_50.0~-1.0_1.0,hff11_1_long-duration_electrical_50.0~-1.0_1.0_0,F,FA,25.854068427202865,66.5,7.595966602107334e+28,0.38,-0.9675840262617056
2767,hff11,hff11_1,long-duration_electrical_50.0~-1.0_1.0,hff11_1_long-duration_electrical_50.0~-1.0_1.0_0,F,FA,25.854068427202865,67.5,2.0647977984090163e+29,0.36,-1.0216512475319814
2768,hff11,hff11_1,long-duration_electrical_50.0~-1.0_1.0,hff11_1_long-duration_electrical_50.0~-1.0_1.0_0,F,FA,25.854068427202865,68.5,5.612702334857472e+29,0.34,-1.0788096613719298
2769,hff11,hff11_1,long-duration_electrical_50.0~-1.0_1.0,hff11_1_long-duration_electrical_50.0~-1.0_1.0_0,F,FA,25.854068427202865,69.5,1.5256906765392722e+30,0.4,-0.916290731874155
2770,hff11,hff11_1,long-duration_electrical_50.0~-1.0_1.0,hff11_1_long-duration_electrical_50.0~-1.0_1.0_0,F,FA,25.854068427202865,70.5,4.1472572418860906e+30,0.34,-1.0788096613719298
2771,hff11,hff11_1,long-duration_electrical_50.0~-1.0_1.0,hff11_1_long-duration_electrical_50.0~-1.0_1.0_0,F,FA,25.854068427202865,71.5,1.1273413998564138e+31,0.32,-1.1394342831883648
2772,hff11,hff11_1,long-duration_electrical_50.0~-1.0_1.0,hff11_1_long-duration_electrical_50.0~-1.0_1.0_0,F,FA,25.854068427202865,72.5,3.0644316416992722e+31,0.38,-0.9675840262617056
2773,hff11,hff11_1,long-duration_electrical_50.0~-1.0_1.0,hff11_1_long-duration_electrical_50.0~-1.0_1.0_0,F,FA,25.854068427202865,73.5,8.329988846186052e+31,0.38,-0.9675840262617056
2774,hff11,hff11_1,long-duration_electrical_50.0~-1.0_1.0,hff11_1_long-duration_electrical_50.0~-1.0_1.0_0,F,FA,25.854068427202865,74.5,2.2643257311854073e+32,0.4,-0.916290731874155
2775,hff11,hff11_1,long-duration_electrical_50.0~-1.0_1.0,hff11_1_long-duration_electrical_50.0~-1.0_1.0_0,F,FA,25.854068427202865,75.5,6.155075488793534e+32,0.36,-1.0216512475319814
2776,hff11,hff11_1,long-duration_electrical_50.0~-1.0_1.0,hff11_1_long-duration_electrical_50.0~-1.0_1.0_0,F,FA,25.854068427202865,76.5,1.6731229853981137e+33,0.32,-1.1394342831883648
2777,hff11,hff11_1,long-duration_electrical_50.0~-1.0_1.0,hff11_1_long-duration_electrical_50.0~-1.0_1.0_0,F,FA,25.854068427202865,77.5,4.5480198079848415e+33,0.36,-1.0216512475319814
2778,hff11,hff11_1,long-duration_electrical_50.0~-1.0_1.0,hff11_1_long-duration_electrical_50.0~-1.0_1.0_0,F,FA,25.854068427202865,78.5,1.236279959951699e+34,0.34,-1.0788096613719298
2779,hff11,hff11_1,long-duration_electrical_50.0~-1.0_1.0,hff11_1_long-duration_electrical_50.0~-1.0_1.0_0,F,FA,25.854068427202865,79.5,3.36055735002478e+34,0.34,-1.0788096613719298
2780,hff11,hff11_1,long-duration_electrical_50.0~-1.0_1.0,hff11_1_long-duration_electrical_50.0~-1.0_1.0_0,F,FA,25.854068427202865,80.5,9.134941978066843e+34,0.32,-1.1394342831883648
2781,hff11,hff11_1,long-duration_electrical_50.0~-1.0_1.0,hff11_1_long-duration_electrical_50.0~-1.0_1.0_0,F,FA,25.854068427202865,81.5,2.4831346783006824e+35,0.36,-1.0216512475319814
2782,hff11,hff11_1,long-duration_electrical_50.0~-1.0_1.0,hff11_1_long-duration_electrical_50.0~-1.0_1.0_0,F,FA,25.854068427202865,82.5,6.749859873641241e+35,0.36,-1.0216512475319814
2783,hff11,hff11_1,long-duration_electrical_50.0~-1.0_1.0,hff11_1_long-duration_electrical_50.0~-1.0_1.0_0,F,FA,25.854068427202865,83.5,1.8348021439163853e+36,0.34,-1.0788096613719298
2784,hff11,hff11_1,long-duration_electrical_50.0~-1.0_1.0,hff11_1_long-duration_electrical_50.0~-1.0_1.0_0,F,FA,25.854068427202865,84.5,4.9875093266256084e+36,0.36,-1.0216512475319814
2785,hff11,hff11_1,long-duration_electrical_50.0~-1.0_1.0,hff11_1_long-duration_electrical_50.0~-1.0_1.0_0,F,FA,25.854068427202865,85.5,1.35574559718364e+37,0.38,-0.9675840262617056
2786,hff11,hff11_1,long-duration_electrical_50.0~-1.0_1.0,hff11_1_long-duration_electrical_50.0~-1.0_1.0_0,F,FA,25.854068427202865,86.5,3.685298620837645e+37,0.34,-1.0788096613719298
2787,hff11,hff11_1,long-duration_electrical_50.0~-1.0_1.0,hff11_1_long-duration_electrical_50.0~-1.0_1.0_0,F,FA,25.854068427202865,87.5,1.0017680273468151e+38,0.32,-1.1394342831883648
2788,hff11,hff11_1,long-duration_electrical_50.0~-1.0_1.0,hff11_1_long-duration_electrical_50.0~-1.0_1.0_0,F,FA,25.854068427202865,88.5,2.7230878250681117e+38,0.4,-0.916290731874155
2789,hff11,hff11_1,long-duration_electrical_50.0~-1.0_1.0,hff11_1_long-duration_electrical_50.0~-1.0_1.0_0,F,FA,25.854068427202865,89.5,7.402120152180711e+38,0.28,-1.2729656758128873
2790,hff11,hff11_1,long-duration_electrical_50.0~-1.0_1.0,hff11_1_long-duration_electrical_50.0~-1.0_1.0_0,F,FA,25.854068427202865,90.5,2.012104870174333e+39,0.34,-1.0788096613719298
2791,hff11,hff11_1,long-duration_electrical_50.0~-1.0_1.0,hff11_1_long-duration_electrical_50.0~-1.0_1.0_0,F,FA,25.854068427202865,91.5,5.469468105548836e+39,0.34,-1.0788096613719298
2792,hff11,hff11_1,long-duration_electrical_50.0~-1.0_1.0,hff11_1_long-duration_electrical_50.0~-1.0_1.0_0,F,FA,25.854068427202865,92.5,1.486755576264972e+40,0.38,-0.9675840262617056
2793,hff11,hff11_1,long-duration_electrical_50.0~-1.0_1.0,hff11_1_long-duration_electrical_50.0~-1.0_1.0_0,F,FA,25.854068427202865,93.5,4.041420666321229e+40,0.26,-1.3470736479666092
2794,hff11,hff11_1,long-duration_electrical_50.0~-1.0_1.0,hff11_1_long-duration_electrical_50.0~-1.0_1.0_0,F,FA,25.854068427202865,94.5,1.0985720358419844e+41,0.3,-1.2039728043259361
2795,hff11,hff11_1,long-duration_electrical_50.0~-1.0_1.0,hff11_1_long-duration_electrical_50.0~-1.0_1.0_0,F,FA,25.854068427202865,95.5,2.9862284022825254e+41,0.3,-1.2039728043259361
2796,hff11,hff11_1,long-duration_electrical_50.0~-1.0_1.0,hff11_1_long-duration_electrical_50.0~-1.0_1.0_0,F,FA,25.854068427202865,96.5,8.117410401552875e+41,0.26,-1.3470736479666092
2797,hff11,hff11_1,long-duration_electrical_50.0~-1.0_1.0,hff11_1_long-duration_electrical_50.0~-1.0_1.0_0,F,FA,25.854068427202865,97.5,2.2065409188685626e+42,0.28,-1.2729656758128873
2798,hff11,hff11_1,long-duration_electrical_50.0~-1.0_1.0,hff11_1_long-duration_electrical_50.0~-1.0_1.0_0,F,FA,25.854068427202865,98.5,5.998000083511737e+42,0.34,-1.0788096613719298
2799,hff11,hff11_1,long-duration_electrical_50.0~-1.0_1.0,hff11_1_long-duration_electrical_50.0~-1.0_1.0_0,F,FA,25.854068427202865,99.5,1.6304254634105793e+43,0.32,-1.1394342831883648
2800,hff11,hff11_1,long-duration_electrical_50.0~-1.0_1.0,hff11_1_long-duration_electrical_50.0~-1.0_1.0_0,F,FA,25.854068427202865,100.5,4.4319559098458955e+43,0.3,-1.2039728043259361
2801,hff11,hff11_1,long-duration_electrical_50.0~-1.0_1.0,hff11_1_long-duration_electrical_50.0~-1.0_1.0_0,F,FA,25.854068427202865,101.5,1.2047305214265772e+44,0.36,-1.0216512475319814
2802,hff11,hff11_1,long-duration_electrical_50.0~-1.0_1.0,hff11_1_long-duration_electrical_50.0~-1.0_1.0_0,F,FA,25.854068427202865,102.5,3.274797084583855e+44,0.3,-1.2039728043259361
2803,hff11,hff11_1,long-duration_electrical_50.0~-1.0_1.0,hff11_1_long-duration_electrical_50.0~-1.0_1.0_0,F,FA,25.854068427202865,103.5,8.901821406914952e+44,0.28,-1.2729656758128873
2804,hff11,hff11_1,long-duration_electrical_50.0~-1.0_1.0,hff11_1_long-duration_electrical_50.0~-1.0_1.0_0,F,FA,25.854068427202865,104.5,2.419765937060465e+45,0.3,-1.2039728043259361
2805,hff11,hff11_1,long-duration_electrical_50.0~-1.0_1.0,hff11_1_long-duration_electrical_50.0~-1.0_1.0_0,F,FA,25.854068427202865,105.5,6.577605775835635e+45,0.26,-1.3470736479666092
2806,hff11,hff11_1,long-duration_electrical_50.0~-1.0_1.0,hff11_1_long-duration_electrical_50.0~-1.0_1.0_0,F,FA,25.854068427202865,106.5,1.7879786255221268e+46,0.28,-1.2729656758128873
2807,hff11,hff11_1,long-duration_electrical_50.0~-1.0_1.0,hff11_1_long-duration_electrical_50.0~-1.0_1.0_0,F,FA,25.854068427202865,107.5,4.860229807429978e+46,0.28,-1.2729656758128873
2808,hff11,hff11_1,long-duration_electrical_50.0~-1.0_1.0,hff11_1_long-duration_electrical_50.0~-1.0_1.0_0,F,FA,25.854068427202865,108.5,1.3211474367671912e+47,0.34,-1.0788096613719298
2809,hff11,hff11_1,long-duration_electrical_50.0~-1.0_1.0,hff11_1_long-duration_electrical_50.0~-1.0_1.0_0,F,FA,25.854068427202865,109.5,3.591251070079501e+47,0.34,-1.0788096613719298
2810,hff11,hff11_1,long-duration_electrical_50.0~-1.0_1.0,hff11_1_long-duration_electrical_50.0~-1.0_1.0_0,F,FA,25.854068427202865,110.5,9.76203252523121e+47,0.28,-1.2729656758128873
2811,hff11,hff11_1,long-duration_electrical_50.0~-1.0_1.0,hff11_1_long-duration_electrical_50.0~-1.0_1.0_0,F,FA,25.854068427202865,111.5,2.6535955622162162e+48,0.28,-1.2729656758128873
2812,hff11,hff11_1,long-duration_electrical_50.0~-1.0_1.0,hff11_1_long-duration_electrical_50.0~-1.0_1.0_0,F,FA,25.854068427202865,112.5,7.213220596851904e+48,0.3,-1.2039728043259361
2813,hff11,hff11_1,long-duration_electrical_50.0~-1.0_1.0,hff11_1_long-duration_electrical_50.0~-1.0_1.0_0,F,FA,25.854068427202865,113.5,1.960756647308904e+49,0.3,-1.2039728043259361
2814,hff11,hff11_1,long-duration_electrical_50.0~-1.0_1.0,hff11_1_long-duration_electrical_50.0~-1.0_1.0_0,F,FA,25.854068427202865,114.5,5.329889164410075e+49,0.3,-1.2039728043259361
2815,hff11,hff11_1,long-duration_electrical_50.0~-1.0_1.0,hff11_1_long-duration_electrical_50.0~-1.0_1.0_0,F,FA,25.854068427202865,115.5,1.4488140863316671e+50,0.32,-1.1394342831883648
2816,hff11,hff11_1,long-duration_electrical_50.0~-1.0_1.0,hff11_1_long-duration_electrical_50.0~-1.0_1.0_0,F,FA,25.854068427202865,116.5,3.9382850036908655e+50,0.3,-1.2039728043259361
2817,hff11,hff11_1,long-duration_electrical_50.0~-1.0_1.0,hff11_1_long-duration_electrical_50.0~-1.0_1.0_0,F,FA,25.854068427202865,117.5,1.0705368560825642e+51,0.36,-1.0216512475319814
2818,hff11,hff11_1,long-duration_electrical_50.0~-1.0_1.0,hff11_1_long-duration_electrical_50.0~-1.0_1.0_0,F,FA,25.854068427202865,118.5,2.9100208825849106e+51,0.28,-1.2729656758128873
2819,hff11,hff11_1,long-duration_electrical_50.0~-1.0_1.0,hff11_1_long-duration_electrical_50.0~-1.0_1.0_0,F,FA,25.854068427202865,119.5,7.910256885566915e+51,0.32,-1.1394342831883648
2820,hff11,hff11_1,long-duration_electrical_50.0~-1.0_1.0,hff11_1_long-duration_electrical_50.0~-1.0_1.0_0,F,FA,25.854068427202865,120.5,2.1502307550479586e+52,0.34,-1.0788096613719298
2821,hff11,hff11_1,long-duration_electrical_50.0~-1.0_1.0,hff11_1_long-duration_electrical_50.0~-1.0_1.0_0,F,FA,25.854068427202865,121.5,5.844933188440638e+52,0.3,-1.2039728043259361
2822,hff11,hff11_1,long-duration_electrical_50.0~-1.0_1.0,hff11_1_long-duration_electrical_50.0~-1.0_1.0_0,F,FA,25.854068427202865,122.5,1.5888175674695377e+53,0.26,-1.3470736479666092
2823,hff11,hff11_1,long-duration_electrical_50.0~-1.0_1.0,hff11_1_long-duration_electrical_50.0~-1.0_1.0_0,F,FA,25.854068427202865,123.5,4.3188539223889476e+53,0.3,-1.2039728043259361
2824,hff11,hff11_1,long-duration_electrical_50.0~-1.0_1.0,hff11_1_long-duration_electrical_50.0~-1.0_1.0_0,F,FA,25.854068427202865,124.5,1.1739862136998947e+54,0.34,-1.0788096613719298
2825,hff11,hff11_1,long-duration_electrical_50.0~-1.0_1.0,hff11_1_long-duration_electrical_50.0~-1.0_1.0_0,F,FA,25.854068427202865,125.5,3.191225391561861e+54,0.36,-1.0216512475319814
2826,hff11,hff11_1,long-duration_electrical_50.0~-1.0_1.0,hff11_1_long-duration_electrical_50.0~-1.0_1.0_0,F,FA,25.854068427202865,126.5,8.674649992399708e+54,0.36,-1.0216512475319814
2827,hff11,hff11_1,long-duration_electrical_50.0~-1.0_1.0,hff11_1_long-duration_electrical_50.0~-1.0_1.0_0,F,FA,25.854068427202865,127.5,2.3580143442582524e+55,0.32,-1.1394342831883648
2828,hff11,hff11_1,long-duration_electrical_50.0~-1.0_1.0,hff11_1_long-duration_electrical_50.0~-1.0_1.0_0,F,FA,25.854068427202865,128.5,6.409747543242979e+55,0.26,-1.3470736479666092
2829,hff11,hff11_1,long-duration_electrical_50.0~-1.0_1.0,hff11_1_long-duration_electrical_50.0~-1.0_1.0_0,F,FA,25.854068427202865,129.5,1.7423500271807397e+56,0.28,-1.2729656758128873
2830,hff11,hff11_1,long-duration_electrical_50.0~-1.0_1.0,hff11_1_long-duration_electrical_50.0~-1.0_1.0_0,F,FA,25.854068427202865,130.5,4.736198417700528e+56,0.32,-1.1394342831883648
2831,hff11,hff11_1,long-duration_electrical_50.0~-1.0_1.0,hff11_1_long-duration_electrical_50.0~-1.0_1.0_0,F,FA,25.854068427202865,131.5,1.287432209481183e+57,0.32,-1.1394342831883648
2832,hff11,hff11_1,long-duration_electrical_50.0~-1.0_1.0,hff11_1_long-duration_electrical_50.0~-1.0_1.0_0,F,FA,25.854068427202865,132.5,3.4996035804055786e+57,0.32,-1.1394342831883648
2833,hff11,hff11_1,long-duration_electrical_50.0~-1.0_1.0,hff11_1_long-duration_electrical_50.0~-1.0_1.0_0,F,FA,25.854068427202865,133.5,9.512908819426697e+57,0.3,-1.2039728043259361
2834,hff11,hff11_1,long-duration_electrical_50.0~-1.0_1.0,hff11_1_long-duration_electrical_50.0~-1.0_1.0_0,F,FA,25.854068427202865,134.5,2.585876717963538e+58,0.32,-1.1394342831883648
2835,hff11,hff11_1,long-duration_electrical_50.0~-1.0_1.0,hff11_1_long-duration_electrical_50.0~-1.0_1.0_0,F,FA,25.854068427202865,135.5,7.029141693075601e+58,0.28,-1.2729656758128873
2836,hff11,hff11_1,long-duration_electrical_50.0~-1.0_1.0,hff11_1_long-duration_electrical_50.0~-1.0_1.0_0,F,FA,25.854068427202865,136.5,1.9107188133951252e+59,0.3,-1.2039728043259361
2837,hff11,hff11_1,long-duration_electrical_50.0~-1.0_1.0,hff11_1_long-duration_electrical_50.0~-1.0_1.0_0,F,FA,25.854068427202865,137.5,5.193872229746799e+59,0.34,-1.0788096613719298
2838,hff11,hff11_1,long-duration_electrical_50.0~-1.0_1.0,hff11_1_long-duration_electrical_50.0~-1.0_1.0_0,F,FA,25.854068427202865,138.5,1.4118408501458785e+60,0.3,-1.2039728043259361
2839,hff11,hff11_1,long-duration_electrical_50.0~-1.0_1.0,hff11_1_long-duration_electrical_50.0~-1.0_1.0_0,F,FA,25.854068427202865,139.5,3.837781327627712e+60,0.3,-1.2039728043259361
2840,hff11,hff11_1,long-duration_electrical_50.0~-1.0_1.0,hff11_1_long-duration_electrical_50.0~-1.0_1.0_0,F,FA,25.854068427202865,140.5,1.0432171244489838e+61,0.3,-1.2039728043259361
2841,hff11,hff11_1,long-duration_electrical_50.0~-1.0_1.0,hff11_1_long-duration_electrical_50.0~-1.0_1.0_0,F,FA,25.854068427202865,141.5,2.835758152526971e+61,0.34,-1.0788096613719298
2842,hff11,hff11_1,long-duration_electrical_50.0~-1.0_1.0,hff11_1_long-duration_electrical_50.0~-1.0_1.0_0,F,FA,25.854068427202865,142.5,7.708389855918659e+61,0.3,-1.2039728043259361
2843,hff11,hff11_1,long-duration_electrical_50.0~-1.0_1.0,hff11_1_long-duration_electrical_50.0~-1.0_1.0_0,F,FA,25.854068427202865,143.5,2.095357607202173e+62,0.3,-1.2039728043259361
2844,hff11,hff11_1,long-duration_electrical_50.0~-1.0_1.0,hff11_1_long-duration_electrical_50.0~-1.0_1.0_0,F,FA,25.854068427202865,144.5,5.6957725077810925e+62,0.28,-1.2729656758128873
2845,hff11,hff11_1,long-duration_electrical_50.0~-1.0_1.0,hff11_1_long-duration_electrical_50.0~-1.0_1.0_0,F,FA,25.854068427202865,145.5,1.548271490693795e+63,0.32,-1.1394342831883648
2846,hff11,hff11_1,long-duration_electrical_50.0~-1.0_1.0,hff11_1_long-duration_electrical_50.0~-1.0_1.0_0,F,FA,25.854068427202865,146.5,4.20863825867414e+63,0.36,-1.0216512475319814
2847,hff11,hff11_1,long-duration_electrical_50.0~-1.0_1.0,hff11_1_long-duration_electrical_50.0~-1.0_1.0_0,F,FA,25.854068427202865,147.5,1.1440264901111434e+64,0.34,-1.0788096613719298
2848,hff11,hff11_1,long-duration_electrical_50.0~-1.0_1.0,hff11_1_long-duration_electrical_50.0~-1.0_1.0_0,F,FA,25.854068427202865,148.5,3.109786419344903e+64,0.34,-1.0788096613719298
2849,hff11,hff11_1,long-duration_electrical_50.0~-1.0_1.0,hff11_1_long-duration_electrical_50.0~-1.0_1.0_0,F,FA,25.854068427202865,149.5,8.45327591409397e+64,0.34,-1.0788096613719298
2850,hff11,hff11_1,long-duration_electrical_50.0~-1.0_1.0,hff11_1_long-duration_electrical_50.0~-1.0_1.0_0,F,FA,25.854068427202865,150.5,2.297838630823216e+65,0.32,-1.1394342831883648
2851,hff11,hff11_1,long-duration_electrical_50.0~-1.0_1.0,hff11_1_long-duration_electrical_50.0~-1.0_1.0_0,F,FA,25.854068427202865,151.5,6.246172994897961e+65,0.34,-1.0788096613719298
2852,hff11,hff11_1,long-duration_electrical_50.0~-1.0_1.0,hff11_1_long-duration_electrical_50.0~-1.0_1.0_0,F,FA,25.854068427202865,152.5,1.6978858549442743e+66,0.36,-1.0216512475319814
2853,hff11,hff11_1,long-duration_electrical_50.0~-1.0_1.0,hff11_1_long-duration_electrical_50.0~-1.0_1.0_0,F,FA,25.854068427202865,153.5,4.6153322662926706e+66,0.34,-1.0788096613719298
2854,hff11,hff11_1,long-duration_electrical_50.0~-1.0_1.0,hff11_1_long-duration_electrical_50.0~-1.0_1.0_0,F,FA,25.854068427202865,154.5,1.254577383176407e+67,0.3,-1.2039728043259361
2855,hff11,hff11_1,long-duration_electrical_50.0~-1.0_1.0,hff11_1_long-duration_electrical_50.0~-1.0_1.0_0,F,FA,25.854068427202865,155.5,3.4102949030841276e+67,0.38,-0.9675840262617056
2856,hff11,hff11_1,long-duration_electrical_50.0~-1.0_1.0,hff11_1_long-duration_electrical_50.0~-1.0_1.0_0,F,FA,25.854068427202865,156.5,9.270142664740085e+67,0.38,-0.9675840262617056
2857,hff11,hff11_1,long-duration_electrical_50.0~-1.0_1.0,hff11_1_long-duration_electrical_50.0~-1.0_1.0_0,F,FA,25.854068427202865,157.5,2.5198860352785887e+68,0.34,-1.0788096613719298
2858,hff11,hff11_1,long-duration_electrical_50.0~-1.0_1.0,hff11_1_long-duration_electrical_50.0~-1.0_1.0_0,F,FA,25.854068427202865,158.5,6.849760419485496e+68,0.4,-0.916290731874155
2859,hff11,hff11_1,long-duration_electrical_50.0~-1.0_1.0,hff11_1_long-duration_electrical_50.0~-1.0_1.0_0,F,FA,25.854068427202865,159.5,1.861957927758543e+69,0.4,-0.916290731874155
2860,hff11,hff11_1,long-duration_electrical_50.0~-1.0_1.0,hff11_1_long-duration_electrical_50.0~-1.0_1.0_0,F,FA,25.854068427202865,160.5,5.0613264003813075e+69,0.34,-1.0788096613719298
2861,hff11,hff11_1,long-duration_electrical_50.0~-1.0_1.0,hff11_1_long-duration_electrical_50.0~-1.0_1.0_0,F,FA,25.854068427202865,161.5,1.3758111582056537e+70,0.36,-1.0216512475319814
2862,hff11,hff11_1,long-duration_electrical_50.0~-1.0_1.0,hff11_1_long-duration_electrical_50.0~-1.0_1.0_0,F,FA,25.854068427202865,162.5,3.7398424707416215e+70,0.34,-1.0788096613719298
2863,hff11,hff11_1,long-duration_electrical_50.0~-1.0_1.0,hff11_1_long-duration_electrical_50.0~-1.0_1.0_0,F,FA,25.854068427202865,163.5,1.0165945829516327e+71,0.36,-1.0216512475319814
2864,hff11,hff11_1,long-duration_electrical_50.0~-1.0_1.0,hff11_1_long-duration_electrical_50.0~-1.0_1.0_0,F,FA,25.854068427202865,164.5,2.763390581747325e+71,0.3,-1.2039728043259361
2865,hff11,hff11_1,long-duration_electrical_50.0~-1.0_1.0,hff11_1_long-duration_electrical_50.0~-1.0_1.0_0,F,FA,25.854068427202865,165.5,7.511674403298623e+71,0.36,-1.0216512475319814
2866,hff11,hff11_1,long-duration_electrical_50.0~-1.0_1.0,hff11_1_long-duration_electrical_50.0~-1.0_1.0_0,F,FA,25.854068427202865,166.5,2.0418848031787588e+72,0.34,-1.0788096613719298
2867,hff11,hff11_1,long-duration_electrical_50.0~-1.0_1.0,hff11_1_long-duration_electrical_50.0~-1.0_1.0_0,F,FA,25.854068427202865,167.5,5.550418356287494e+72,0.42,-0.8675005677047231
2868,hff11,hff11_1,long-duration_electrical_50.0~-1.0_1.0,hff11_1_long-duration_electrical_50.0~-1.0_1.0_0,F,FA,25.854068427202865,168.5,1.5087601358241818e+73,0.34,-1.0788096613719298
2869,hff11,hff11_1,long-duration_electrical_50.0~-1.0_1.0,hff11_1_long-duration_electrical_50.0~-1.0_1.0_0,F,FA,25.854068427202865,169.5,4.101235260714274e+73,0.36,-1.0216512475319814
2870,hff11,hff11_1,long-duration_electrical_50.0~-1.0_1.0,hff11_1_long-duration_electrical_50.0~-1.0_1.0_0,F,FA,25.854068427202865,170.5,1.1148313283435107e+74,0.34,-1.0788096613719298
2871,hff11,hff11_1,long-duration_electrical_50.0~-1.0_1.0,hff11_1_long-duration_electrical_50.0~-1.0_1.0_0,F,FA,25.854068427202865,171.5,3.030425741633024e+74,0.38,-0.9675840262617056
2872,hff11,hff11_1,long-duration_electrical_50.0~-1.0_1.0,hff11_1_long-duration_electrical_50.0~-1.0_1.0_0,F,FA,25.854068427202865,172.5,8.237551225975576e+74,0.36,-1.0216512475319814
2873,hff11,hff11_1,long-duration_electrical_50.0~-1.0_1.0,hff11_1_long-duration_electrical_50.0~-1.0_1.0_0,F,FA,25.854068427202865,173.5,2.239198580856994e+75,0.38,-0.9675840262617056
2874,hff11,hff11_1,long-duration_electrical_50.0~-1.0_1.0,hff11_1_long-duration_electrical_50.0~-1.0_1.0_0,F,FA,25.854068427202865,174.5,6.0867728126548485e+75,0.3,-1.2039728043259361
2875,hff11,hff11_1,long-duration_electrical_50.0~-1.0_1.0,hff11_1_long-duration_electrical_50.0~-1.0_1.0_0,F,FA,25.854068427202865,175.5,1.6545563930598225e+76,0.36,-1.0216512475319814
2876,hff11,hff11_1,long-duration_electrical_50.0~-1.0_1.0,hff11_1_long-duration_electrical_50.0~-1.0_1.0_0,F,FA,25.854068427202865,176.5,4.4975505774152577e+76,0.42,-0.8675005677047231
2877,hff11,hff11_1,long-duration_electrical_50.0~-1.0_1.0,hff11_1_long-duration_electrical_50.0~-1.0_1.0_0,F,FA,25.854068427202865,177.5,1.222561000716338e+77,0.32,-1.1394342831883648
2878,hff11,hff11_1,long-duration_electrical_50.0~-1.0_1.0,hff11_1_long-duration_electrical_50.0~-1.0_1.0_0,F,FA,25.854068427202865,178.5,3.323265352429928e+77,0.36,-1.0216512475319814
2879,hff11,hff11_1,long-duration_electrical_50.0~-1.0_1.0,hff11_1_long-duration_electrical_50.0~-1.0_1.0_0,F,FA,25.854068427202865,179.5,9.033571818657817e+77,0.3,-1.2039728043259361
2880,hff11,hff11_1,long-duration_electrical_50.0~-1.0_1.0,hff11_1_long-duration_electrical_50.0~-1.0_1.0_0,F,FA,25.854068427202865,180.5,2.455579412073727e+78,0.28,-1.2729656758128873
2881,hff11,hff11_1,long-duration_electrical_50.0~-1.0_1.0,hff11_1_long-duration_electrical_50.0~-1.0_1.0_0,F,FA,25.854068427202865,181.5,6.674956894178159e+78,0.3,-1.2039728043259361
2882,hff11,hff11_1,long-duration_electrical_50.0~-1.0_1.0,hff11_1_long-duration_electrical_50.0~-1.0_1.0_0,F,FA,25.854068427202865,182.5,1.8144414031191914e+79,0.32,-1.1394342831883648
2883,hff11,hff11_1,long-duration_electrical_50.0~-1.0_1.0,hff11_1_long-duration_electrical_50.0~-1.0_1.0_0,F,FA,25.854068427202865,183.5,4.932163094902632e+79,0.32,-1.1394342831883648
2884,hff11,hff11_1,long-duration_electrical_50.0~-1.0_1.0,hff11_1_long-duration_electrical_50.0~-1.0_1.0_0,F,FA,25.854068427202865,184.5,1.3407009315870148e+80,0.34,-1.0788096613719298
2885,hff11,hff11_1,long-duration_electrical_50.0~-1.0_1.0,hff11_1_long-duration_electrical_50.0~-1.0_1.0_0,F,FA,25.854068427202865,185.5,3.6444029797310963e+80,0.34,-1.0788096613719298
2886,hff11,hff11_1,long-duration_electrical_50.0~-1.0_1.0,hff11_1_long-duration_electrical_50.0~-1.0_1.0_0,F,FA,25.854068427202865,186.5,9.906514395385036e+80,0.36,-1.0216512475319814
2887,hff11,hff11_1,long-duration_electrical_50.0~-1.0_1.0,hff11_1_long-duration_electrical_50.0~-1.0_1.0_0,F,FA,25.854068427202865,187.5,2.692869806434309e+81,0.34,-1.0788096613719298
2888,hff11,hff11_1,long-duration_electrical_50.0~-1.0_1.0,hff11_1_long-duration_electrical_50.0~-1.0_1.0_0,F,FA,25.854068427202865,188.5,7.319979061236409e+81,0.4,-0.916290731874155
2889,hff11,hff11_1,long-duration_electrical_50.0~-1.0_1.0,hff11_1_long-duration_electrical_50.0~-1.0_1.0_0,F,FA,25.854068427202865,189.5,1.989776606685963e+82,0.34,-1.0788096613719298
2890,hff11,hff11_1,long-duration_electrical_50.0~-1.0_1.0,hff11_1_long-duration_electrical_50.0~-1.0_1.0_0,F,FA,25.854068427202865,190.5,5.408773592647354e+82,0.32,-1.1394342831883648
2891,hff11,hff11_1,long-duration_electrical_50.0~-1.0_1.0,hff11_1_long-duration_electrical_50.0~-1.0_1.0_0,F,FA,25.854068427202865,191.5,1.470257097114245e+83,0.34,-1.0788096613719298
2892,hff11,hff11_1,long-duration_electrical_50.0~-1.0_1.0,hff11_1_long-duration_electrical_50.0~-1.0_1.0_0,F,FA,25.854068427202865,192.5,3.9965731502485976e+83,0.32,-1.1394342831883648
2893,hff11,hff11_1,long-duration_electrical_50.0~-1.0_1.0,hff11_1_long-duration_electrical_50.0~-1.0_1.0_0,F,FA,25.854068427202865,193.5,1.0863812170428086e+84,0.38,-0.9675840262617056
2894,hff11,hff11_1,long-duration_electrical_50.0~-1.0_1.0,hff11_1_long-duration_electrical_50.0~-1.0_1.0_0,F,FA,25.854068427202865,194.5,2.9530903210666885e+84,0.34,-1.0788096613719298
2895,hff11,hff11_1,long-duration_electrical_50.0~-1.0_1.0,hff11_1_long-duration_electrical_50.0~-1.0_1.0_0,F,FA,25.854068427202865,195.5,8.027331757553867e+84,0.3,-1.2039728043259361
2896,hff11,hff11_1,long-duration_electrical_50.0~-1.0_1.0,hff11_1_long-duration_electrical_50.0~-1.0_1.0_0,F,FA,25.854068427202865,196.5,2.1820550047570884e+85,0.32,-1.1394342831883648
2897,hff11,hff11_1,long-duration_electrical_50.0~-1.0_1.0,hff11_1_long-duration_electrical_50.0~-1.0_1.0_0,F,FA,25.854068427202865,197.5,5.931440468129309e+85,0.34,-1.0788096613719298
2898,hff11,hff11_1,long-duration_electrical_50.0~-1.0_1.0,hff11_1_long-duration_electrical_50.0~-1.0_1.0_0,F,FA,25.854068427202865,198.5,1.6123326841102515e+86,0.38,-0.9675840262617056
2899,hff11,hff11_1,long-duration_electrical_50.0~-1.0_1.0,hff11_1_long-duration_electrical_50.0~-1.0_1.0_0,F,FA,25.854068427202865,199.5,4.3827746366474943e+86,0.4,-0.916290731874155
2900,hff11,hff11_1,long-duration_electrical_50.0~-1.0_1.0,hff11_1_long-duration_electrical_50.0~-1.0_1.0_0,F,FA,25.854068427202865,200.5,1.1913616653030078e+87,0.4,-0.916290731874155
2901,hff11,hff11_1,long-duration_electrical_50.0~-1.0_1.0,hff11_1_long-duration_electrical_50.0~-1.0_1.0_0,F,FA,25.854068427202865,201.5,3.238456765915873e+87,0.32,-1.1394342831883648
2902,hff11,hff11_1,long-duration_electrical_50.0~-1.0_1.0,hff11_1_long-duration_electrical_50.0~-1.0_1.0_0,F,FA,25.854068427202865,202.5,8.803038179039366e+87,0.28,-1.2729656758128873
2903,hff11,hff11_1,long-duration_electrical_50.0~-1.0_1.0,hff11_1_long-duration_electrical_50.0~-1.0_1.0_0,F,FA,25.854068427202865,203.5,2.392913871731391e+88,0.28,-1.2729656758128873
2904,hff11,hff11_1,long-duration_electrical_50.0~-1.0_1.0,hff11_1_long-duration_electrical_50.0~-1.0_1.0_0,F,FA,25.854068427202865,204.5,6.50461429459502e+88,0.32,-1.1394342831883648
2905,hff11,hff11_1,long-duration_electrical_50.0~-1.0_1.0,hff11_1_long-duration_electrical_50.0~-1.0_1.0_0,F,FA,25.854068427202865,205.5,1.7681374838132593e+89,0.32,-1.1394342831883648
2906,hff11,hff11_1,long-duration_electrical_50.0~-1.0_1.0,hff11_1_long-duration_electrical_50.0~-1.0_1.0_0,F,FA,25.854068427202865,206.5,4.806295992466882e+89,0.34,-1.0788096613719298
2907,hff11,hff11_1,long-duration_electrical_50.0~-1.0_1.0,hff11_1_long-duration_electrical_50.0~-1.0_1.0_0,F,FA,25.854068427202865,207.5,1.3064867058518258e+90,0.32,-1.1394342831883648
2908,hff11,hff11_1,long-duration_electrical_50.0~-1.0_1.0,hff11_1_long-duration_electrical_50.0~-1.0_1.0_0,F,FA,25.854068427202865,208.5,3.5513990716403354e+90,0.34,-1.0788096613719298
2909,hff11,hff11_1,long-duration_electrical_50.0~-1.0_1.0,hff11_1_long-duration_electrical_50.0~-1.0_1.0_0,F,FA,25.854068427202865,209.5,9.653703562046247e+90,0.26,-1.3470736479666092
2910,hff11,hff11_1,long-duration_electrical_50.0~-1.0_1.0,hff11_1_long-duration_electrical_50.0~-1.0_1.0_0,F,FA,25.854068427202865,210.5,2.624148697004067e+91,0.3,-1.2039728043259361
2911,hff11,hff11_1,long-duration_electrical_50.0~-1.0_1.0,hff11_1_long-duration_electrical_50.0~-1.0_1.0_0,F,FA,25.854068427202865,211.5,7.133175718240636e+91,0.34,-1.0788096613719298
2912,hff11,hff11_1,long-duration_electrical_50.0~-1.0_1.0,hff11_1_long-duration_electrical_50.0~-1.0_1.0_0,F,FA,25.854068427202865,212.5,1.938998193409882e+92,0.3,-1.2039728043259361
2913,hff11,hff11_1,long-duration_electrical_50.0~-1.0_1.0,hff11_1_long-duration_electrical_50.0~-1.0_1.0_0,F,FA,25.854068427202865,213.5,5.270743554560999e+92,0.28,-1.2729656758128873
2914,hff11,hff11_1,long-duration_electrical_50.0~-1.0_1.0,hff11_1_long-duration_electrical_50.0~-1.0_1.0_0,F,FA,25.854068427202865,214.5,1.4327366426830802e+93,0.24,-1.4271163556401458
2915,hff11,hff11_1,long-duration_electrical_50.0~-1.0_1.0,hff11_1_long-duration_electrical_50.0~-1.0_1.0_0,F,FA,25.854068427202865,215.5,3.894581980772837e+93,0.28,-1.2729656758128873
2916,hff11,hff11_1,long-duration_electrical_50.0~-1.0_1.0,hff11_1_long-duration_electrical_50.0~-1.0_1.0_0,F,FA,25.854068427202865,216.5,1.0586571427778838e+94,0.32,-1.1394342831883648
2917,hff11,hff11_1,long-duration_electrical_50.0~-1.0_1.0,hff11_1_long-duration_electrical_50.0~-1.0_1.0_0,F,FA,25.854068427202865,217.5,2.877728473781494e+94,0.32,-1.1394342831883648
2918,hff11,hff11_1,long-duration_electrical_50.0~-1.0_1.0,hff11_1_long-duration_electrical_50.0~-1.0_1.0_0,F,FA,25.854068427202865,218.5,7.822477017519418e+94,0.36,-1.0216512475319814
2919,hff11,hff11_1,long-duration_electrical_50.0~-1.0_1.0,hff11_1_long-duration_electrical_50.0~-1.0_1.0_0,F,FA,25.854068427202865,219.5,2.126369713026154e+95,0.4,-0.916290731874155
2920,hff11,hff11_1,long-duration_electrical_50.0~-1.0_1.0,hff11_1_long-duration_electrical_50.0~-1.0_1.0_0,F,FA,25.854068427202865,220.5,5.780072151504669e+95,0.38,-0.9675840262617056
2921,hff11,hff11_1,long-duration_electrical_50.0~-1.0_1.0,hff11_1_long-duration_electrical_50.0~-1.0_1.0_0,F,FA,25.854068427202865,221.5,1.5711865096617322e+96,0.4,-0.916290731874155
2922,hff11,hff11_1,long-duration_electrical_50.0~-1.0_1.0,hff11_1_long-duration_electrical_50.0~-1.0_1.0_0,F,FA,25.854068427202865,222.5,4.2709277383334783e+96,0.38,-0.9675840262617056
2923,hff11,hff11_1,long-duration_electrical_50.0~-1.0_1.0,hff11_1_long-duration_electrical_50.0~-1.0_1.0_0,F,FA,25.854068427202865,223.5,1.1609585261773583e+97,0.38,-0.9675840262617056
2924,hff11,hff11_1,long-duration_electrical_50.0~-1.0_1.0,hff11_1_long-duration_electrical_50.0~-1.0_1.0_0,F,FA,25.854068427202865,224.5,3.1558124653025077e+97,0.42,-0.8675005677047231
2925,hff11,hff11_1,long-duration_electrical_50.0~-1.0_1.0,hff11_1_long-duration_electrical_50.0~-1.0_1.0_0,F,FA,25.854068427202865,225.5,8.578387678456348e+97,0.36,-1.0216512475319814
2926,hff11,hff11_1,long-duration_electrical_50.0~-1.0_1.0,hff11_1_long-duration_electrical_50.0~-1.0_1.0_0,F,FA,25.854068427202865,226.5,2.3318475343824867e+98,0.38,-0.9675840262617056
2927,hff11,hff11_1,long-duration_electrical_50.0~-1.0_1.0,hff11_1_long-duration_electrical_50.0~-1.0_1.0_0,F,FA,25.854068427202865,227.5,6.338618779448942e+98,0.36,-1.0216512475319814
2928,hff11,hff11_1,long-duration_electrical_50.0~-1.0_1.0,hff11_1_long-duration_electrical_50.0~-1.0_1.0_0,F,FA,25.854068427202865,228.5,1.723015224570531e+99,0.4,-0.916290731874155
2929,hff11,hff11_1,long-duration_electrical_50.0~-1.0_1.0,hff11_1_long-duration_electrical_50.0~-1.0_1.0_0,F,FA,25.854068427202865,229.5,4.683640975108356e+99,0.38,-0.9675840262617056
2930,hff11,hff11_1,long-duration_electrical_50.0~-1.0_1.0,hff11_1_long-duration_electrical_50.0~-1.0_1.0_0,F,FA,25.854068427202865,230.5,1.2731456153663248e+100,0.42,-0.8675005677047231
2931,hff11,hff11_1,long-duration_electrical_50.0~-1.0_1.0,hff11_1_long-duration_electrical_50.0~-1.0_1.0_0,F,FA,25.854068427202865,231.5,3.4607685912325894e+100,0.4,-0.916290731874155
2932,hff11,hff11_1,long-duration_electrical_50.0~-1.0_1.0,hff11_1_long-duration_electrical_50.0~-1.0_1.0_0,F,FA,25.854068427202865,232.5,9.407344374049358e+100,0.42,-0.8675005677047231
2933,hff11,hff11_1,long-duration_electrical_50.0~-1.0_1.0,hff11_1_long-duration_electrical_50.0~-1.0_1.0_0,F,FA,25.854068427202865,233.5,2.55718132660348e+101,0.38,-0.9675840262617056
2934,hff11,hff11_1,long-duration_electrical_50.0~-1.0_1.0,hff11_1_long-duration_electrical_50.0~-1.0_1.0_0,F,FA,25.854068427202865,234.5,6.951139532181034e+101,0.4,-0.916290731874155
2935,hff11,hff11_1,long-duration_electrical_50.0~-1.0_1.0,hff11_1_long-duration_electrical_50.0~-1.0_1.0_0,F,FA,25.854068427202865,235.5,1.8895156277411014e+102,0.42,-0.8675005677047231
2936,hff11,hff11_1,long-duration_electrical_50.0~-1.0_1.0,hff11_1_long-duration_electrical_50.0~-1.0_1.0_0,F,FA,25.854068427202865,236.5,5.136235995478022e+102,0.4,-0.916290731874155
2937,hff11,hff11_1,long-duration_electrical_50.0~-1.0_1.0,hff11_1_long-duration_electrical_50.0~-1.0_1.0_0,F,FA,25.854068427202865,237.5,1.3961736973185161e+103,0.42,-0.8675005677047231
2938,hff11,hff11_1,long-duration_electrical_50.0~-1.0_1.0,hff11_1_long-duration_electrical_50.0~-1.0_1.0_0,F,FA,25.854068427202865,238.5,3.795193590793402e+103,0.34,-1.0788096613719298
2939,hff11,hff11_1,long-duration_electrical_50.0~-1.0_1.0,hff11_1_long-duration_electrical_50.0~-1.0_1.0_0,F,FA,25.854068427202865,239.5,1.0316405773337937e+104,0.34,-1.0788096613719298
2940,hff11,hff11_1,long-duration_electrical_50.0~-1.0_1.0,hff11_1_long-duration_electrical_50.0~-1.0_1.0_0,F,FA,25.854068427202865,240.5,2.80428983486745e+104,0.36,-1.0216512475319814
2941,hff11,hff11_1,long-duration_electrical_50.0~-1.0_1.0,hff11_1_long-duration_electrical_50.0~-1.0_1.0_0,F,FA,25.854068427202865,241.5,7.622850099852606e+104,0.38,-0.9675840262617056
2942,hff11,hff11_1,long-duration_electrical_50.0~-1.0_1.0,hff11_1_long-duration_electrical_50.0~-1.0_1.0_0,F,FA,25.854068427202865,242.5,2.0721054907496557e+105,0.34,-1.0788096613719298
2943,hff11,hff11_1,long-duration_electrical_50.0~-1.0_1.0,hff11_1_long-duration_electrical_50.0~-1.0_1.0_0,F,FA,25.854068427202865,243.5,5.632566702155002e+105,0.4,-0.916290731874155
2944,hff11,hff11_1,long-duration_electrical_50.0~-1.0_1.0,hff11_1_long-duration_electrical_50.0~-1.0_1.0_0,F,FA,25.854068427202865,244.5,1.531090371405143e+106,0.36,-1.0216512475319814
2945,hff11,hff11_1,long-duration_electrical_50.0~-1.0_1.0,hff11_1_long-duration_electrical_50.0~-1.0_1.0_0,F,FA,25.854068427202865,245.5,4.161935134319211e+106,0.36,-1.0216512475319814
2946,hff11,hff11_1,long-duration_electrical_50.0~-1.0_1.0,hff11_1_long-duration_electrical_50.0~-1.0_1.0_0,F,FA,25.854068427202865,246.5,1.1313312646845167e+107,0.4,-0.916290731874155
2947,hff11,hff11_1,long-duration_electrical_50.0~-1.0_1.0,hff11_1_long-duration_electrical_50.0~-1.0_1.0_0,F,FA,25.854068427202865,247.5,3.0752772187595124e+107,0.38,-0.9675840262617056
2948,hff11,hff11_1,long-duration_electrical_50.0~-1.0_1.0,hff11_1_long-duration_electrical_50.0~-1.0_1.0_0,F,FA,25.854068427202865,248.5,8.359470181228054e+107,0.34,-1.0788096613719298
2949,hff11,hff11_1,long-duration_electrical_50.0~-1.0_1.0,hff11_1_long-duration_electrical_50.0~-1.0_1.0_0,F,FA,25.854068427202865,249.5,2.272339588917746e+108,0.34,-1.0788096613719298
2950,hff11,hff11_1,long-duration_electrical_50.0~-1.0_1.0,hff11_1_long-duration_electrical_50.0~-1.0_1.0_0,F,FA,25.854068427202865,250.5,6.176859412643206e+108,0.38,-0.9675840262617056
2951,hff11,hff11_1,long-duration_electrical_50.0~-1.0_1.0,hff11_1_long-duration_electrical_50.0~-1.0_1.0_0,F,FA,25.854068427202865,251.5,1.679044469833424e+109,0.34,-1.0788096613719298
2952,hff11,hff11_1,long-duration_electrical_50.0~-1.0_1.0,hff11_1_long-duration_electrical_50.0~-1.0_1.0_0,F,FA,25.854068427202865,252.5,4.564116071522848e+109,0.32,-1.1394342831883648
2953,hff11,hff11_1,long-duration_electrical_50.0~-1.0_1.0,hff11_1_long-duration_electrical_50.0~-1.0_1.0_0,F,FA,25.854068427202865,253.5,1.240655378019844e+110,0.34,-1.0788096613719298
2954,hff11,hff11_1,long-duration_electrical_50.0~-1.0_1.0,hff11_1_long-duration_electrical_50.0~-1.0_1.0_0,F,FA,25.854068427202865,254.5,3.37245096945133e+110,0.42,-0.8675005677047231
2955,hff11,hff11_1,long-duration_electrical_50.0~-1.0_1.0,hff11_1_long-duration_electrical_50.0~-1.0_1.0_0,F,FA,25.854068427202865,255.5,9.16727218762864e+110,0.36,-1.0216512475319814
2956,hff11,hff11_1,long-duration_electrical_50.0~-1.0_1.0,hff11_1_long-duration_electrical_50.0~-1.0_1.0_0,F,FA,25.854068427202865,256.5,2.491922940416893e+111,0.42,-0.8675005677047231
2957,hff11,hff11_1,long-duration_electrical_50.0~-1.0_1.0,hff11_1_long-duration_electrical_50.0~-1.0_1.0_0,F,FA,25.854068427202865,257.5,6.773748846855472e+111,0.38,-0.9675840262617056
2958,hff11,hff11_1,long-duration_electrical_50.0~-1.0_1.0,hff11_1_long-duration_electrical_50.0~-1.0_1.0_0,F,FA,25.854068427202865,258.5,1.8412958400952643e+112,0.34,-1.0788096613719298
2959,hff11,hff11_1,long-duration_electrical_50.0~-1.0_1.0,hff11_1_long-duration_electrical_50.0~-1.0_1.0_0,F,FA,25.854068427202865,259.5,5.005161022948189e+112,0.4,-0.916290731874155
2960,hff11,hff11_1,long-duration_electrical_50.0~-1.0_1.0,hff11_1_long-duration_electrical_50.0~-1.0_1.0_0,F,FA,25.854068427202865,260.5,1.3605438257191548e+113,0.38,-0.9675840262617056
2961,hff11,hff11_1,long-duration_electrical_50.0~-1.0_1.0,hff11_1_long-duration_electrical_50.0~-1.0_1.0_0,F,FA,25.854068427202865,261.5,3.698341558274529e+113,0.38,-0.9675840262617056
2962,hff11,hff11_1,long-duration_electrical_50.0~-1.0_1.0,hff11_1_long-duration_electrical_50.0~-1.0_1.0_0,F,FA,25.854068427202865,262.5,1.005313465329256e+114,0.38,-0.9675840262617056
2963,hff11,hff11_1,long-duration_electrical_50.0~-1.0_1.0,hff11_1_long-duration_electrical_50.0~-1.0_1.0_0,F,FA,25.854068427202865,263.5,2.732725324709709e+114,0.38,-0.9675840262617056
2964,hff11,hff11_1,long-duration_electrical_50.0~-1.0_1.0,hff11_1_long-duration_electrical_50.0~-1.0_1.0_0,F,FA,25.854068427202865,264.5,7.428317592328247e+114,0.38,-0.9675840262617056
2965,hff11,hff11_1,long-duration_electrical_50.0~-1.0_1.0,hff11_1_long-duration_electrical_50.0~-1.0_1.0_0,F,FA,25.854068427202865,265.5,2.0192260727248517e+115,0.34,-1.0788096613719298
2966,hff11,hff11_1,long-duration_electrical_50.0~-1.0_1.0,hff11_1_long-duration_electrical_50.0~-1.0_1.0_0,F,FA,25.854068427202865,266.5,5.4888255410386875e+115,0.34,-1.0788096613719298
2967,hff11,hff11_1,long-duration_electrical_50.0~-1.0_1.0,hff11_1_long-duration_electrical_50.0~-1.0_1.0_0,F,FA,25.854068427202865,267.5,1.4920174727787351e+116,0.36,-1.0216512475319814
2968,hff11,hff11_1,long-duration_electrical_50.0~-1.0_1.0,hff11_1_long-duration_electrical_50.0~-1.0_1.0_0,F,FA,25.854068427202865,268.5,4.055723983997824e+116,0.34,-1.0788096613719298
2969,hff11,hff11_1,long-duration_electrical_50.0~-1.0_1.0,hff11_1_long-duration_electrical_50.0~-1.0_1.0_0,F,FA,25.854068427202865,269.5,1.1024600806946808e+117,0.36,-1.0216512475319814
2970,hff11,hff11_1,long-duration_electrical_50.0~-1.0_1.0,hff11_1_long-duration_electrical_50.0~-1.0_1.0_0,F,FA,25.854068427202865,270.5,2.9967972039538434e+117,0.32,-1.1394342831883648
2971,hff11,hff11_1,long-duration_electrical_50.0~-1.0_1.0,hff11_1_long-duration_electrical_50.0~-1.0_1.0_0,F,FA,25.854068427202865,271.5,8.146139383084608e+117,0.34,-1.0788096613719298
2972,hff11,hff11_1,long-duration_electrical_50.0~-1.0_1.0,hff11_1_long-duration_electrical_50.0~-1.0_1.0_0,F,FA,25.854068427202865,272.5,2.214350265713347e+118,0.4,-0.916290731874155
2973,hff11,hff11_1,long-duration_electrical_50.0~-1.0_1.0,hff11_1_long-duration_electrical_50.0~-1.0_1.0_0,F,FA,25.854068427202865,273.5,6.019228089132049e+118,0.34,-1.0788096613719298
2974,hff11,hff11_1,long-duration_electrical_50.0~-1.0_1.0,hff11_1_long-duration_electrical_50.0~-1.0_1.0_0,F,FA,25.854068427202865,274.5,1.636195833603791e+119,0.38,-0.9675840262617056
2975,hff11,hff11_1,long-duration_electrical_50.0~-1.0_1.0,hff11_1_long-duration_electrical_50.0~-1.0_1.0_0,F,FA,25.854068427202865,275.5,4.447641402285585e+119,0.36,-1.0216512475319814
2976,hff11,hff11_1,long-duration_electrical_50.0~-1.0_1.0,hff11_1_long-duration_electrical_50.0~-1.0_1.0_0,F,FA,25.854068427202865,276.5,1.2089942803335012e+120,0.36,-1.0216512475319814
2977,hff11,hff11_1,long-duration_electrical_50.0~-1.0_1.0,hff11_1_long-duration_electrical_50.0~-1.0_1.0_0,F,FA,25.854068427202865,277.5,3.286387182941477e+120,0.4,-0.916290731874155
2978,hff11,hff11_1,long-duration_electrical_50.0~-1.0_1.0,hff11_1_long-duration_electrical_50.0~-1.0_1.0_0,F,FA,25.854068427202865,278.5,8.933326560670529e+120,0.36,-1.0216512475319814
2979,hff11,hff11_1,long-duration_electrical_50.0~-1.0_1.0,hff11_1_long-duration_electrical_50.0~-1.0_1.0_0,F,FA,25.854068427202865,279.5,2.428329925756124e+121,0.4,-0.916290731874155
2980,hff11,hff11_1,long-duration_electrical_50.0~-1.0_1.0,hff11_1_long-duration_electrical_50.0~-1.0_1.0_0,F,FA,25.854068427202865,280.5,6.600885110686175e+121,0.34,-1.0788096613719298
2981,hff11,hff11_1,long-duration_electrical_50.0~-1.0_1.0,hff11_1_long-duration_electrical_50.0~-1.0_1.0_0,F,FA,25.854068427202865,281.5,1.79430660481241e+122,0.4,-0.916290731874155
2982,hff11,hff11_1,long-duration_electrical_50.0~-1.0_1.0,hff11_1_long-duration_electrical_50.0~-1.0_1.0_0,F,FA,25.854068427202865,282.5,4.877431038545619e+122,0.34,-1.0788096613719298
2983,hff11,hff11_1,long-duration_electrical_50.0~-1.0_1.0,hff11_1_long-duration_electrical_50.0~-1.0_1.0_0,F,FA,25.854068427202865,283.5,1.3258232161640687e+123,0.34,-1.0788096613719298
2984,hff11,hff11_1,long-duration_electrical_50.0~-1.0_1.0,hff11_1_long-duration_electrical_50.0~-1.0_1.0_0,F,FA,25.854068427202865,284.5,3.603961156247916e+123,0.34,-1.0788096613719298
2985,hff11,hff11_1,long-duration_electrical_50.0~-1.0_1.0,hff11_1_long-duration_electrical_50.0~-1.0_1.0_0,F,FA,25.854068427202865,285.5,9.796582121500962e+123,0.36,-1.0216512475319814
2986,hff11,hff11_1,long-duration_electrical_50.0~-1.0_1.0,hff11_1_long-duration_electrical_50.0~-1.0_1.0_0,F,FA,25.854068427202865,286.5,2.6629871161882825e+124,0.34,-1.0788096613719298
2987,hff11,hff11_1,long-duration_electrical_50.0~-1.0_1.0,hff11_1_long-duration_electrical_50.0~-1.0_1.0_0,F,FA,25.854068427202865,287.5,7.238749487355165e+124,0.36,-1.0216512475319814
2988,hff11,hff11_1,long-duration_electrical_50.0~-1.0_1.0,hff11_1_long-duration_electrical_50.0~-1.0_1.0_0,F,FA,25.854068427202865,288.5,1.9676961192244775e+125,0.34,-1.0788096613719298
2989,hff11,hff11_1,long-duration_electrical_50.0~-1.0_1.0,hff11_1_long-duration_electrical_50.0~-1.0_1.0_0,F,FA,25.854068427202865,289.5,5.3487526048172796e+125,0.34,-1.0788096613719298
2990,hff11,hff11_1,long-duration_electrical_50.0~-1.0_1.0,hff11_1_long-duration_electrical_50.0~-1.0_1.0_0,F,FA,25.854068427202865,290.5,1.4539417010597797e+126,0.32,-1.1394342831883648
2991,hff11,hff11_1,long-duration_electrical_50.0~-1.0_1.0,hff11_1_long-duration_electrical_50.0~-1.0_1.0_0,F,FA,25.854068427202865,291.5,3.952223305629632e+126,0.3,-1.2039728043259361
2992,hff11,hff11_1,long-duration_electrical_50.0~-1.0_1.0,hff11_1_long-duration_electrical_50.0~-1.0_1.0_0,F,FA,25.854068427202865,292.5,1.0743256793705369e+127,0.3,-1.2039728043259361
2993,hff11,hff11_1,long-duration_electrical_50.0~-1.0_1.0,hff11_1_long-duration_electrical_50.0~-1.0_1.0_0,F,FA,25.854068427202865,293.5,2.920319972079849e+127,0.36,-1.0216512475319814
2994,hff11,hff11_1,long-duration_electrical_50.0~-1.0_1.0,hff11_1_long-duration_electrical_50.0~-1.0_1.0_0,F,FA,25.854068427202865,294.5,7.93825271339068e+127,0.34,-1.0788096613719298
2995,hff11,hff11_1,long-duration_electrical_50.0~-1.0_1.0,hff11_1_long-duration_electrical_50.0~-1.0_1.0_0,F,FA,25.854068427202865,295.5,2.1578408100525594e+128,0.36,-1.0216512475319814
2996,hff11,hff11_1,long-duration_electrical_50.0~-1.0_1.0,hff11_1_long-duration_electrical_50.0~-1.0_1.0_0,F,FA,25.854068427202865,296.5,5.865619462673218e+128,0.32,-1.1394342831883648
2997,hff11,hff11_1,long-duration_electrical_50.0~-1.0_1.0,hff11_1_long-duration_electrical_50.0~-1.0_1.0_0,F,FA,25.854068427202865,297.5,1.594440679804032e+129,0.34,-1.0788096613719298
2998,hff11,hff11_1,long-duration_electrical_50.0~-1.0_1.0,hff11_1_long-duration_electrical_50.0~-1.0_1.0_0,F,FA,25.854068427202865,298.5,4.334139126467187e+129,0.32,-1.1394342831883648
2999,hff11,hff11_1,long-duration_electrical_50.0~-1.0_1.0,hff11_1_long-duration_electrical_50.0~-1.0_1.0_0,F,FA,25.854068427202865,299.5,1.1781411629489113e+130,0.3,-1.2039728043259361
3000,hff16,hff16_1,long-duration_electrical_50.0~-1.0_1.0,hff16_1_long-duration_electrical_50.0~-1.0_1.0_0,M,SA,28.430261549470504,0.5,1.6487212707001282,0.82,-0.19845093872383832
3001,hff16,hff16_1,long-duration_electrical_50.0~-1.0_1.0,hff16_1_long-duration_electrical_50.0~-1.0_1.0_0,M,SA,28.430261549470504,1.5,4.4816890703380645,0.6,-0.5108256237659907
3002,hff16,hff16_1,long-duration_electrical_50.0~-1.0_1.0,hff16_1_long-duration_electrical_50.0~-1.0_1.0_0,M,SA,28.430261549470504,2.5,12.182493960703473,0.4,-0.916290731874155
3003,hff16,hff16_1,long-duration_electrical_50.0~-1.0_1.0,hff16_1_long-duration_electrical_50.0~-1.0_1.0_0,M,SA,28.430261549470504,3.5,33.11545195869231,0.42,-0.8675005677047231
3004,hff16,hff16_1,long-duration_electrical_50.0~-1.0_1.0,hff16_1_long-duration_electrical_50.0~-1.0_1.0_0,M,SA,28.430261549470504,4.5,90.01713130052181,0.34,-1.0788096613719298
3005,hff16,hff16_1,long-duration_electrical_50.0~-1.0_1.0,hff16_1_long-duration_electrical_50.0~-1.0_1.0_0,M,SA,28.430261549470504,5.5,244.69193226422038,0.26,-1.3470736479666092
3006,hff16,hff16_1,long-duration_electrical_50.0~-1.0_1.0,hff16_1_long-duration_electrical_50.0~-1.0_1.0_0,M,SA,28.430261549470504,6.5,665.1416330443618,0.3,-1.2039728043259361
3007,hff16,hff16_1,long-duration_electrical_50.0~-1.0_1.0,hff16_1_long-duration_electrical_50.0~-1.0_1.0_0,M,SA,28.430261549470504,7.5,1808.0424144560632,0.32,-1.1394342831883648
3008,hff16,hff16_1,long-duration_electrical_50.0~-1.0_1.0,hff16_1_long-duration_electrical_50.0~-1.0_1.0_0,M,SA,28.430261549470504,8.5,4914.768840299134,0.32,-1.1394342831883648
3009,hff16,hff16_1,long-duration_electrical_50.0~-1.0_1.0,hff16_1_long-duration_electrical_50.0~-1.0_1.0_0,M,SA,28.430261549470504,9.5,13359.726829661873,0.24,-1.4271163556401458
3010,hff16,hff16_1,long-duration_electrical_50.0~-1.0_1.0,hff16_1_long-duration_electrical_50.0~-1.0_1.0_0,M,SA,28.430261549470504,10.5,36315.502674246636,0.28,-1.2729656758128873
3011,hff16,hff16_1,long-duration_electrical_50.0~-1.0_1.0,hff16_1_long-duration_electrical_50.0~-1.0_1.0_0,M,SA,28.430261549470504,11.5,98715.7710107605,0.34,-1.0788096613719298
3012,hff16,hff16_1,long-duration_electrical_50.0~-1.0_1.0,hff16_1_long-duration_electrical_50.0~-1.0_1.0_0,M,SA,28.430261549470504,12.5,268337.2865208745,0.18,-1.7147984280919266
3013,hff16,hff16_1,long-duration_electrical_50.0~-1.0_1.0,hff16_1_long-duration_electrical_50.0~-1.0_1.0_0,M,SA,28.430261549470504,13.5,729416.3698477013,0.24,-1.4271163556401458
3014,hff16,hff16_1,long-duration_electrical_50.0~-1.0_1.0,hff16_1_long-duration_electrical_50.0~-1.0_1.0_0,M,SA,28.430261549470504,14.5,1982759.2635375687,0.22,-1.5141277326297755
3015,hff16,hff16_1,long-duration_electrical_50.0~-1.0_1.0,hff16_1_long-duration_electrical_50.0~-1.0_1.0_0,M,SA,28.430261549470504,15.5,5389698.476283012,0.12,-2.120263536200091
3016,hff16,hff16_1,long-duration_electrical_50.0~-1.0_1.0,hff16_1_long-duration_electrical_50.0~-1.0_1.0_0,M,SA,28.430261549470504,16.5,14650719.428953517,0.22,-1.5141277326297755
3017,hff16,hff16_1,long-duration_electrical_50.0~-1.0_1.0,hff16_1_long-duration_electrical_50.0~-1.0_1.0_0,M,SA,28.430261549470504,17.5,39824784.39757623,0.26,-1.3470736479666092
3018,hff16,hff16_1,long-duration_electrical_50.0~-1.0_1.0,hff16_1_long-duration_electrical_50.0~-1.0_1.0_0,M,SA,28.430261549470504,18.5,108254987.75023076,0.16,-1.8325814637483102
3019,hff16,hff16_1,long-duration_electrical_50.0~-1.0_1.0,hff16_1_long-duration_electrical_50.0~-1.0_1.0_0,M,SA,28.430261549470504,19.5,294267566.0415088,0.26,-1.3470736479666092
3020,hff16,hff16_1,long-duration_electrical_50.0~-1.0_1.0,hff16_1_long-duration_electrical_50.0~-1.0_1.0_0,M,SA,28.430261549470504,20.5,799902177.4755054,0.16,-1.8325814637483102
3021,hff16,hff16_1,long-duration_electrical_50.0~-1.0_1.0,hff16_1_long-duration_electrical_50.0~-1.0_1.0_0,M,SA,28.430261549470504,21.5,2174359553.5764885,0.16,-1.8325814637483102
3022,hff16,hff16_1,long-duration_electrical_50.0~-1.0_1.0,hff16_1_long-duration_electrical_50.0~-1.0_1.0_0,M,SA,28.430261549470504,22.5,5910522063.023291,0.16,-1.8325814637483102
3023,hff16,hff16_1,long-duration_electrical_50.0~-1.0_1.0,hff16_1_long-duration_electrical_50.0~-1.0_1.0_0,M,SA,28.430261549470504,23.5,16066464720.622478,0.2,-1.6094379124341003
3024,hff16,hff16_1,long-duration_electrical_50.0~-1.0_1.0,hff16_1_long-duration_electrical_50.0~-1.0_1.0_0,M,SA,28.430261549470504,24.5,43673179097.646416,0.28,-1.2729656758128873
3025,hff16,hff16_1,long-duration_electrical_50.0~-1.0_1.0,hff16_1_long-duration_electrical_50.0~-1.0_1.0_0,M,SA,28.430261549470504,25.5,118716009132.16965,0.24,-1.4271163556401458
3026,hff16,hff16_1,long-duration_electrical_50.0~-1.0_1.0,hff16_1_long-duration_electrical_50.0~-1.0_1.0_0,M,SA,28.430261549470504,26.5,322703570371.15485,0.08,-2.5257286443082556
3027,hff16,hff16_1,long-duration_electrical_50.0~-1.0_1.0,hff16_1_long-duration_electrical_50.0~-1.0_1.0_0,M,SA,28.430261549470504,27.5,877199251318.7649,0.24,-1.4271163556401458
3028,hff16,hff16_1,long-duration_electrical_50.0~-1.0_1.0,hff16_1_long-duration_electrical_50.0~-1.0_1.0_0,M,SA,28.430261549470504,28.5,2384474784797.6777,0.08,-2.5257286443082556
3029,hff16,hff16_1,long-duration_electrical_50.0~-1.0_1.0,hff16_1_long-duration_electrical_50.0~-1.0_1.0_0,M,SA,28.430261549470504,29.5,6481674477934.32,0.18,-1.7147984280919266
3030,hff16,hff16_1,long-duration_electrical_50.0~-1.0_1.0,hff16_1_long-duration_electrical_50.0~-1.0_1.0_0,M,SA,28.430261549470504,30.5,17619017951355.633,0.22,-1.5141277326297755
3031,hff16,hff16_1,long-duration_electrical_50.0~-1.0_1.0,hff16_1_long-duration_electrical_50.0~-1.0_1.0_0,M,SA,28.430261549470504,31.5,47893456332463.73,0.14,-1.9661128563728327
3032,hff16,hff16_1,long-duration_electrical_50.0~-1.0_1.0,hff16_1_long-duration_electrical_50.0~-1.0_1.0_0,M,SA,28.430261549470504,32.5,130187912050632.94,0.18,-1.7147984280919266
3033,hff16,hff16_1,long-duration_electrical_50.0~-1.0_1.0,hff16_1_long-duration_electrical_50.0~-1.0_1.0_0,M,SA,28.430261549470504,33.5,353887435612259.9,0.26,-1.3470736479666092
3034,hff16,hff16_1,long-duration_electrical_50.0~-1.0_1.0,hff16_1_long-duration_electrical_50.0~-1.0_1.0_0,M,SA,28.430261549470504,34.5,961965785544776.4,0.14,-1.9661128563728327
3035,hff16,hff16_1,long-duration_electrical_50.0~-1.0_1.0,hff16_1_long-duration_electrical_50.0~-1.0_1.0_0,M,SA,28.430261549470504,35.5,2614894114445696.5,0.16,-1.8325814637483102
3036,hff16,hff16_1,long-duration_electrical_50.0~-1.0_1.0,hff16_1_long-duration_electrical_50.0~-1.0_1.0_0,M,SA,28.430261549470504,36.5,7108019154642244.0,0.24,-1.4271163556401458
3037,hff16,hff16_1,long-duration_electrical_50.0~-1.0_1.0,hff16_1_long-duration_electrical_50.0~-1.0_1.0_0,M,SA,28.430261549470504,37.5,1.9321599304402836e+16,0.24,-1.4271163556401458
3038,hff16,hff16_1,long-duration_electrical_50.0~-1.0_1.0,hff16_1_long-duration_electrical_50.0~-1.0_1.0_0,M,SA,28.430261549470504,38.5,5.252155228592516e+16,0.16,-1.8325814637483102
3039,hff16,hff16_1,long-duration_electrical_50.0~-1.0_1.0,hff16_1_long-duration_electrical_50.0~-1.0_1.0_0,M,SA,28.430261549470504,39.5,1.4276838118129198e+17,0.2,-1.6094379124341003
3040,hff16,hff16_1,long-duration_electrical_50.0~-1.0_1.0,hff16_1_long-duration_electrical_50.0~-1.0_1.0_0,M,SA,28.430261549470504,40.5,3.8808469624362035e+17,0.1,-2.3025850929940455
3041,hff16,hff16_1,long-duration_electrical_50.0~-1.0_1.0,hff16_1_long-duration_electrical_50.0~-1.0_1.0_0,M,SA,28.430261549470504,41.5,1.0549235777020814e+18,0.26,-1.3470736479666092
3042,hff16,hff16_1,long-duration_electrical_50.0~-1.0_1.0,hff16_1_long-duration_electrical_50.0~-1.0_1.0_0,M,SA,28.430261549470504,42.5,2.8675795916805714e+18,0.16,-1.8325814637483102
3043,hff16,hff16_1,long-duration_electrical_50.0~-1.0_1.0,hff16_1_long-duration_electrical_50.0~-1.0_1.0_0,M,SA,28.430261549470504,43.5,7.794889495725307e+18,0.16,-1.8325814637483102
3044,hff16,hff16_1,long-duration_electrical_50.0~-1.0_1.0,hff16_1_long-duration_electrical_50.0~-1.0_1.0_0,M,SA,28.430261549470504,44.5,2.118870647107639e+19,0.22,-1.5141277326297755
3045,hff16,hff16_1,long-duration_electrical_50.0~-1.0_1.0,hff16_1_long-duration_electrical_50.0~-1.0_1.0_0,M,SA,28.430261549470504,45.5,5.759687576887954e+19,0.1,-2.3025850929940455
3046,hff16,hff16_1,long-duration_electrical_50.0~-1.0_1.0,hff16_1_long-duration_electrical_50.0~-1.0_1.0_0,M,SA,28.430261549470504,46.5,1.5656454077855836e+20,0.2,-1.6094379124341003
3047,hff16,hff16_1,long-duration_electrical_50.0~-1.0_1.0,hff16_1_long-duration_electrical_50.0~-1.0_1.0_0,M,SA,28.430261549470504,47.5,4.255865461793903e+20,0.08,-2.5257286443082556
3048,hff16,hff16_1,long-duration_electrical_50.0~-1.0_1.0,hff16_1_long-duration_electrical_50.0~-1.0_1.0_0,M,SA,28.430261549470504,48.5,1.156864174916083e+21,0.14,-1.9661128563728327
3049,hff16,hff16_1,long-duration_electrical_50.0~-1.0_1.0,hff16_1_long-duration_electrical_50.0~-1.0_1.0_0,M,SA,28.430261549470504,49.5,3.144682864669655e+21,0.24,-1.4271163556401458
3050,hff16,hff16_1,long-duration_electrical_50.0~-1.0_1.0,hff16_1_long-duration_electrical_50.0~-1.0_1.0_0,M,SA,28.430261549470504,50.5,8.548134287298057e+21,0.14,-1.9661128563728327
3051,hff16,hff16_1,long-duration_electrical_50.0~-1.0_1.0,hff16_1_long-duration_electrical_50.0~-1.0_1.0_0,M,SA,28.430261549470504,51.5,2.3236238100390023e+22,0.22,-1.5141277326297755
3052,hff16,hff16_1,long-duration_electrical_50.0~-1.0_1.0,hff16_1_long-duration_electrical_50.0~-1.0_1.0_0,M,SA,28.430261549470504,52.5,6.316264379003792e+22,0.14,-1.9661128563728327
3053,hff16,hff16_1,long-duration_electrical_50.0~-1.0_1.0,hff16_1_long-duration_electrical_50.0~-1.0_1.0_0,M,SA,28.430261549470504,53.5,1.7169386685189163e+23,0.16,-1.8325814637483102
3054,hff16,hff16_1,long-duration_electrical_50.0~-1.0_1.0,hff16_1_long-duration_electrical_50.0~-1.0_1.0_0,M,SA,28.430261549470504,54.5,4.667123183213639e+23,0.26,-1.3470736479666092
3055,hff16,hff16_1,long-duration_electrical_50.0~-1.0_1.0,hff16_1_long-duration_electrical_50.0~-1.0_1.0_0,M,SA,28.430261549470504,55.5,1.2686556140109568e+24,0.14,-1.9661128563728327
3056,hff16,hff16_1,long-duration_electrical_50.0~-1.0_1.0,hff16_1_long-duration_electrical_50.0~-1.0_1.0_0,M,SA,28.430261549470504,56.5,3.4485635021385364e+24,0.22,-1.5141277326297755
3057,hff16,hff16_1,long-duration_electrical_50.0~-1.0_1.0,hff16_1_long-duration_electrical_50.0~-1.0_1.0_0,M,SA,28.430261549470504,57.5,9.37416750215027e+24,0.2,-1.6094379124341003
3058,hff16,hff16_1,long-duration_electrical_50.0~-1.0_1.0,hff16_1_long-duration_electrical_50.0~-1.0_1.0_0,M,SA,28.430261549470504,58.5,2.5481629178026397e+25,0.14,-1.9661128563728327
3059,hff16,hff16_1,long-duration_electrical_50.0~-1.0_1.0,hff16_1_long-duration_electrical_50.0~-1.0_1.0_0,M,SA,28.430261549470504,59.5,6.926624955416095e+25,0.18,-1.7147984280919266
3060,hff16,hff16_1,long-duration_electrical_50.0~-1.0_1.0,hff16_1_long-duration_electrical_50.0~-1.0_1.0_0,M,SA,28.430261549470504,60.5,1.8828518748858514e+26,0.1,-2.3025850929940455
3061,hff16,hff16_1,long-duration_electrical_50.0~-1.0_1.0,hff16_1_long-duration_electrical_50.0~-1.0_1.0_0,M,SA,28.430261549470504,61.5,5.118122037182254e+26,0.18,-1.7147984280919266
3062,hff16,hff16_1,long-duration_electrical_50.0~-1.0_1.0,hff16_1_long-duration_electrical_50.0~-1.0_1.0_0,M,SA,28.430261549470504,62.5,1.391249812950831e+27,0.1,-2.3025850929940455
3063,hff16,hff16_1,long-duration_electrical_50.0~-1.0_1.0,hff16_1_long-duration_electrical_50.0~-1.0_1.0_0,M,SA,28.430261549470504,63.5,3.7818090853912897e+27,0.14,-1.9661128563728327
3064,hff16,hff16_1,long-duration_electrical_50.0~-1.0_1.0,hff16_1_long-duration_electrical_50.0~-1.0_1.0_0,M,SA,28.430261549470504,64.5,1.0280022915520465e+28,0.14,-1.9661128563728327
3065,hff16,hff16_1,long-duration_electrical_50.0~-1.0_1.0,hff16_1_long-duration_electrical_50.0~-1.0_1.0_0,M,SA,28.430261549470504,65.5,2.7943999487401853e+28,0.1,-2.3025850929940455
3066,hff16,hff16_1,long-duration_electrical_50.0~-1.0_1.0,hff16_1_long-duration_electrical_50.0~-1.0_1.0_0,M,SA,28.430261549470504,66.5,7.595966602107334e+28,0.16,-1.8325814637483102
3067,hff16,hff16_1,long-duration_electrical_50.0~-1.0_1.0,hff16_1_long-duration_electrical_50.0~-1.0_1.0_0,M,SA,28.430261549470504,67.5,2.0647977984090163e+29,0.14,-1.9661128563728327
3068,hff16,hff16_1,long-duration_electrical_50.0~-1.0_1.0,hff16_1_long-duration_electrical_50.0~-1.0_1.0_0,M,SA,28.430261549470504,68.5,5.612702334857472e+29,0.18,-1.7147984280919266
3069,hff16,hff16_1,long-duration_electrical_50.0~-1.0_1.0,hff16_1_long-duration_electrical_50.0~-1.0_1.0_0,M,SA,28.430261549470504,69.5,1.5256906765392722e+30,0.16,-1.8325814637483102
3070,hff16,hff16_1,long-duration_electrical_50.0~-1.0_1.0,hff16_1_long-duration_electrical_50.0~-1.0_1.0_0,M,SA,28.430261549470504,70.5,4.1472572418860906e+30,0.18,-1.7147984280919266
3071,hff16,hff16_1,long-duration_electrical_50.0~-1.0_1.0,hff16_1_long-duration_electrical_50.0~-1.0_1.0_0,M,SA,28.430261549470504,71.5,1.1273413998564138e+31,0.14,-1.9661128563728327
3072,hff16,hff16_1,long-duration_electrical_50.0~-1.0_1.0,hff16_1_long-duration_electrical_50.0~-1.0_1.0_0,M,SA,28.430261549470504,72.5,3.0644316416992722e+31,0.2,-1.6094379124341003
3073,hff16,hff16_1,long-duration_electrical_50.0~-1.0_1.0,hff16_1_long-duration_electrical_50.0~-1.0_1.0_0,M,SA,28.430261549470504,73.5,8.329988846186052e+31,0.16,-1.8325814637483102
3074,hff16,hff16_1,long-duration_electrical_50.0~-1.0_1.0,hff16_1_long-duration_electrical_50.0~-1.0_1.0_0,M,SA,28.430261549470504,74.5,2.2643257311854073e+32,0.1,-2.3025850929940455
3075,hff16,hff16_1,long-duration_electrical_50.0~-1.0_1.0,hff16_1_long-duration_electrical_50.0~-1.0_1.0_0,M,SA,28.430261549470504,75.5,6.155075488793534e+32,0.18,-1.7147984280919266
3076,hff16,hff16_1,long-duration_electrical_50.0~-1.0_1.0,hff16_1_long-duration_electrical_50.0~-1.0_1.0_0,M,SA,28.430261549470504,76.5,1.6731229853981137e+33,0.14,-1.9661128563728327
3077,hff16,hff16_1,long-duration_electrical_50.0~-1.0_1.0,hff16_1_long-duration_electrical_50.0~-1.0_1.0_0,M,SA,28.430261549470504,77.5,4.5480198079848415e+33,0.14,-1.9661128563728327
3078,hff16,hff16_1,long-duration_electrical_50.0~-1.0_1.0,hff16_1_long-duration_electrical_50.0~-1.0_1.0_0,M,SA,28.430261549470504,78.5,1.236279959951699e+34,0.14,-1.9661128563728327
3079,hff16,hff16_1,long-duration_electrical_50.0~-1.0_1.0,hff16_1_long-duration_electrical_50.0~-1.0_1.0_0,M,SA,28.430261549470504,79.5,3.36055735002478e+34,0.1,-2.3025850929940455
3080,hff16,hff16_1,long-duration_electrical_50.0~-1.0_1.0,hff16_1_long-duration_electrical_50.0~-1.0_1.0_0,M,SA,28.430261549470504,80.5,9.134941978066843e+34,0.2,-1.6094379124341003
3081,hff16,hff16_1,long-duration_electrical_50.0~-1.0_1.0,hff16_1_long-duration_electrical_50.0~-1.0_1.0_0,M,SA,28.430261549470504,81.5,2.4831346783006824e+35,0.16,-1.8325814637483102
3082,hff16,hff16_1,long-duration_electrical_50.0~-1.0_1.0,hff16_1_long-duration_electrical_50.0~-1.0_1.0_0,M,SA,28.430261549470504,82.5,6.749859873641241e+35,0.16,-1.8325814637483102
3083,hff16,hff16_1,long-duration_electrical_50.0~-1.0_1.0,hff16_1_long-duration_electrical_50.0~-1.0_1.0_0,M,SA,28.430261549470504,83.5,1.8348021439163853e+36,0.16,-1.8325814637483102
3084,hff16,hff16_1,long-duration_electrical_50.0~-1.0_1.0,hff16_1_long-duration_electrical_50.0~-1.0_1.0_0,M,SA,28.430261549470504,84.5,4.9875093266256084e+36,0.18,-1.7147984280919266
3085,hff16,hff16_1,long-duration_electrical_50.0~-1.0_1.0,hff16_1_long-duration_electrical_50.0~-1.0_1.0_0,M,SA,28.430261549470504,85.5,1.35574559718364e+37,0.1,-2.3025850929940455
3086,hff16,hff16_1,long-duration_electrical_50.0~-1.0_1.0,hff16_1_long-duration_electrical_50.0~-1.0_1.0_0,M,SA,28.430261549470504,86.5,3.685298620837645e+37,0.28,-1.2729656758128873
3087,hff16,hff16_1,long-duration_electrical_50.0~-1.0_1.0,hff16_1_long-duration_electrical_50.0~-1.0_1.0_0,M,SA,28.430261549470504,87.5,1.0017680273468151e+38,0.1,-2.3025850929940455
3088,hff16,hff16_1,long-duration_electrical_50.0~-1.0_1.0,hff16_1_long-duration_electrical_50.0~-1.0_1.0_0,M,SA,28.430261549470504,88.5,2.7230878250681117e+38,0.26,-1.3470736479666092
3089,hff16,hff16_1,long-duration_electrical_50.0~-1.0_1.0,hff16_1_long-duration_electrical_50.0~-1.0_1.0_0,M,SA,28.430261549470504,89.5,7.402120152180711e+38,0.06,-2.8134107167600364
3090,hff16,hff16_1,long-duration_electrical_50.0~-1.0_1.0,hff16_1_long-duration_electrical_50.0~-1.0_1.0_0,M,SA,28.430261549470504,90.5,2.012104870174333e+39,0.14,-1.9661128563728327
3091,hff16,hff16_1,long-duration_electrical_50.0~-1.0_1.0,hff16_1_long-duration_electrical_50.0~-1.0_1.0_0,M,SA,28.430261549470504,91.5,5.469468105548836e+39,0.14,-1.9661128563728327
3092,hff16,hff16_1,long-duration_electrical_50.0~-1.0_1.0,hff16_1_long-duration_electrical_50.0~-1.0_1.0_0,M,SA,28.430261549470504,92.5,1.486755576264972e+40,0.1,-2.3025850929940455
3093,hff16,hff16_1,long-duration_electrical_50.0~-1.0_1.0,hff16_1_long-duration_electrical_50.0~-1.0_1.0_0,M,SA,28.430261549470504,93.5,4.041420666321229e+40,0.12,-2.120263536200091
3094,hff16,hff16_1,long-duration_electrical_50.0~-1.0_1.0,hff16_1_long-duration_electrical_50.0~-1.0_1.0_0,M,SA,28.430261549470504,94.5,1.0985720358419844e+41,0.26,-1.3470736479666092
3095,hff16,hff16_1,long-duration_electrical_50.0~-1.0_1.0,hff16_1_long-duration_electrical_50.0~-1.0_1.0_0,M,SA,28.430261549470504,95.5,2.9862284022825254e+41,0.12,-2.120263536200091
3096,hff16,hff16_1,long-duration_electrical_50.0~-1.0_1.0,hff16_1_long-duration_electrical_50.0~-1.0_1.0_0,M,SA,28.430261549470504,96.5,8.117410401552875e+41,0.24,-1.4271163556401458
3097,hff16,hff16_1,long-duration_electrical_50.0~-1.0_1.0,hff16_1_long-duration_electrical_50.0~-1.0_1.0_0,M,SA,28.430261549470504,97.5,2.2065409188685626e+42,0.2,-1.6094379124341003
3098,hff16,hff16_1,long-duration_electrical_50.0~-1.0_1.0,hff16_1_long-duration_electrical_50.0~-1.0_1.0_0,M,SA,28.430261549470504,98.5,5.998000083511737e+42,0.14,-1.9661128563728327
3099,hff16,hff16_1,long-duration_electrical_50.0~-1.0_1.0,hff16_1_long-duration_electrical_50.0~-1.0_1.0_0,M,SA,28.430261549470504,99.5,1.6304254634105793e+43,0.24,-1.4271163556401458
3100,hff16,hff16_1,long-duration_electrical_50.0~-1.0_1.0,hff16_1_long-duration_electrical_50.0~-1.0_1.0_0,M,SA,28.430261549470504,100.5,4.4319559098458955e+43,0.12,-2.120263536200091
3101,hff16,hff16_1,long-duration_electrical_50.0~-1.0_1.0,hff16_1_long-duration_electrical_50.0~-1.0_1.0_0,M,SA,28.430261549470504,101.5,1.2047305214265772e+44,0.16,-1.8325814637483102
3102,hff16,hff16_1,long-duration_electrical_50.0~-1.0_1.0,hff16_1_long-duration_electrical_50.0~-1.0_1.0_0,M,SA,28.430261549470504,102.5,3.274797084583855e+44,0.16,-1.8325814637483102
3103,hff16,hff16_1,long-duration_electrical_50.0~-1.0_1.0,hff16_1_long-duration_electrical_50.0~-1.0_1.0_0,M,SA,28.430261549470504,103.5,8.901821406914952e+44,0.08,-2.5257286443082556
3104,hff16,hff16_1,long-duration_electrical_50.0~-1.0_1.0,hff16_1_long-duration_electrical_50.0~-1.0_1.0_0,M,SA,28.430261549470504,104.5,2.419765937060465e+45,0.16,-1.8325814637483102
3105,hff16,hff16_1,long-duration_electrical_50.0~-1.0_1.0,hff16_1_long-duration_electrical_50.0~-1.0_1.0_0,M,SA,28.430261549470504,105.5,6.577605775835635e+45,0.14,-1.9661128563728327
3106,hff16,hff16_1,long-duration_electrical_50.0~-1.0_1.0,hff16_1_long-duration_electrical_50.0~-1.0_1.0_0,M,SA,28.430261549470504,106.5,1.7879786255221268e+46,0.26,-1.3470736479666092
3107,hff16,hff16_1,long-duration_electrical_50.0~-1.0_1.0,hff16_1_long-duration_electrical_50.0~-1.0_1.0_0,M,SA,28.430261549470504,107.5,4.860229807429978e+46,0.16,-1.8325814637483102
3108,hff16,hff16_1,long-duration_electrical_50.0~-1.0_1.0,hff16_1_long-duration_electrical_50.0~-1.0_1.0_0,M,SA,28.430261549470504,108.5,1.3211474367671912e+47,0.16,-1.8325814637483102
3109,hff16,hff16_1,long-duration_electrical_50.0~-1.0_1.0,hff16_1_long-duration_electrical_50.0~-1.0_1.0_0,M,SA,28.430261549470504,109.5,3.591251070079501e+47,0.14,-1.9661128563728327
3110,hff16,hff16_1,long-duration_electrical_50.0~-1.0_1.0,hff16_1_long-duration_electrical_50.0~-1.0_1.0_0,M,SA,28.430261549470504,110.5,9.76203252523121e+47,0.16,-1.8325814637483102
3111,hff16,hff16_1,long-duration_electrical_50.0~-1.0_1.0,hff16_1_long-duration_electrical_50.0~-1.0_1.0_0,M,SA,28.430261549470504,111.5,2.6535955622162162e+48,0.2,-1.6094379124341003
3112,hff16,hff16_1,long-duration_electrical_50.0~-1.0_1.0,hff16_1_long-duration_electrical_50.0~-1.0_1.0_0,M,SA,28.430261549470504,112.5,7.213220596851904e+48,0.2,-1.6094379124341003
3113,hff16,hff16_1,long-duration_electrical_50.0~-1.0_1.0,hff16_1_long-duration_electrical_50.0~-1.0_1.0_0,M,SA,28.430261549470504,113.5,1.960756647308904e+49,0.12,-2.120263536200091
3114,hff16,hff16_1,long-duration_electrical_50.0~-1.0_1.0,hff16_1_long-duration_electrical_50.0~-1.0_1.0_0,M,SA,28.430261549470504,114.5,5.329889164410075e+49,0.16,-1.8325814637483102
3115,hff16,hff16_1,long-duration_electrical_50.0~-1.0_1.0,hff16_1_long-duration_electrical_50.0~-1.0_1.0_0,M,SA,28.430261549470504,115.5,1.4488140863316671e+50,0.14,-1.9661128563728327
3116,hff16,hff16_1,long-duration_electrical_50.0~-1.0_1.0,hff16_1_long-duration_electrical_50.0~-1.0_1.0_0,M,SA,28.430261549470504,116.5,3.9382850036908655e+50,0.14,-1.9661128563728327
3117,hff16,hff16_1,long-duration_electrical_50.0~-1.0_1.0,hff16_1_long-duration_electrical_50.0~-1.0_1.0_0,M,SA,28.430261549470504,117.5,1.0705368560825642e+51,0.12,-2.120263536200091
3118,hff16,hff16_1,long-duration_electrical_50.0~-1.0_1.0,hff16_1_long-duration_electrical_50.0~-1.0_1.0_0,M,SA,28.430261549470504,118.5,2.9100208825849106e+51,0.2,-1.6094379124341003
3119,hff16,hff16_1,long-duration_electrical_50.0~-1.0_1.0,hff16_1_long-duration_electrical_50.0~-1.0_1.0_0,M,SA,28.430261549470504,119.5,7.910256885566915e+51,0.14,-1.9661128563728327
3120,hff16,hff16_1,long-duration_electrical_50.0~-1.0_1.0,hff16_1_long-duration_electrical_50.0~-1.0_1.0_0,M,SA,28.430261549470504,120.5,2.1502307550479586e+52,0.08,-2.5257286443082556
3121,hff16,hff16_1,long-duration_electrical_50.0~-1.0_1.0,hff16_1_long-duration_electrical_50.0~-1.0_1.0_0,M,SA,28.430261549470504,121.5,5.844933188440638e+52,0.14,-1.9661128563728327
3122,hff16,hff16_1,long-duration_electrical_50.0~-1.0_1.0,hff16_1_long-duration_electrical_50.0~-1.0_1.0_0,M,SA,28.430261549470504,122.5,1.5888175674695377e+53,0.12,-2.120263536200091
3123,hff16,hff16_1,long-duration_electrical_50.0~-1.0_1.0,hff16_1_long-duration_electrical_50.0~-1.0_1.0_0,M,SA,28.430261549470504,123.5,4.3188539223889476e+53,0.14,-1.9661128563728327
3124,hff16,hff16_1,long-duration_electrical_50.0~-1.0_1.0,hff16_1_long-duration_electrical_50.0~-1.0_1.0_0,M,SA,28.430261549470504,124.5,1.1739862136998947e+54,0.08,-2.5257286443082556
3125,hff16,hff16_1,long-duration_electrical_50.0~-1.0_1.0,hff16_1_long-duration_electrical_50.0~-1.0_1.0_0,M,SA,28.430261549470504,125.5,3.191225391561861e+54,0.16,-1.8325814637483102
3126,hff16,hff16_1,long-duration_electrical_50.0~-1.0_1.0,hff16_1_long-duration_electrical_50.0~-1.0_1.0_0,M,SA,28.430261549470504,126.5,8.674649992399708e+54,0.14,-1.9661128563728327
3127,hff16,hff16_1,long-duration_electrical_50.0~-1.0_1.0,hff16_1_long-duration_electrical_50.0~-1.0_1.0_0,M,SA,28.430261549470504,127.5,2.3580143442582524e+55,0.06,-2.8134107167600364
3128,hff16,hff16_1,long-duration_electrical_50.0~-1.0_1.0,hff16_1_long-duration_electrical_50.0~-1.0_1.0_0,M,SA,28.430261549470504,128.5,6.409747543242979e+55,0.14,-1.9661128563728327
3129,hff16,hff16_1,long-duration_electrical_50.0~-1.0_1.0,hff16_1_long-duration_electrical_50.0~-1.0_1.0_0,M,SA,28.430261549470504,129.5,1.7423500271807397e+56,0.12,-2.120263536200091
3130,hff16,hff16_1,long-duration_electrical_50.0~-1.0_1.0,hff16_1_long-duration_electrical_50.0~-1.0_1.0_0,M,SA,28.430261549470504,130.5,4.736198417700528e+56,0.1,-2.3025850929940455
3131,hff16,hff16_1,long-duration_electrical_50.0~-1.0_1.0,hff16_1_long-duration_electrical_50.0~-1.0_1.0_0,M,SA,28.430261549470504,131.5,1.287432209481183e+57,0.14,-1.9661128563728327
3132,hff16,hff16_1,long-duration_electrical_50.0~-1.0_1.0,hff16_1_long-duration_electrical_50.0~-1.0_1.0_0,M,SA,28.430261549470504,132.5,3.4996035804055786e+57,0.2,-1.6094379124341003
3133,hff16,hff16_1,long-duration_electrical_50.0~-1.0_1.0,hff16_1_long-duration_electrical_50.0~-1.0_1.0_0,M,SA,28.430261549470504,133.5,9.512908819426697e+57,0.16,-1.8325814637483102
3134,hff16,hff16_1,long-duration_electrical_50.0~-1.0_1.0,hff16_1_long-duration_electrical_50.0~-1.0_1.0_0,M,SA,28.430261549470504,134.5,2.585876717963538e+58,0.18,-1.7147984280919266
3135,hff16,hff16_1,long-duration_electrical_50.0~-1.0_1.0,hff16_1_long-duration_electrical_50.0~-1.0_1.0_0,M,SA,28.430261549470504,135.5,7.029141693075601e+58,0.14,-1.9661128563728327
3136,hff16,hff16_1,long-duration_electrical_50.0~-1.0_1.0,hff16_1_long-duration_electrical_50.0~-1.0_1.0_0,M,SA,28.430261549470504,136.5,1.9107188133951252e+59,0.16,-1.8325814637483102
3137,hff16,hff16_1,long-duration_electrical_50.0~-1.0_1.0,hff16_1_long-duration_electrical_50.0~-1.0_1.0_0,M,SA,28.430261549470504,137.5,5.193872229746799e+59,0.08,-2.5257286443082556
3138,hff16,hff16_1,long-duration_electrical_50.0~-1.0_1.0,hff16_1_long-duration_electrical_50.0~-1.0_1.0_0,M,SA,28.430261549470504,138.5,1.4118408501458785e+60,0.12,-2.120263536200091
3139,hff16,hff16_1,long-duration_electrical_50.0~-1.0_1.0,hff16_1_long-duration_electrical_50.0~-1.0_1.0_0,M,SA,28.430261549470504,139.5,3.837781327627712e+60,0.14,-1.9661128563728327
3140,hff16,hff16_1,long-duration_electrical_50.0~-1.0_1.0,hff16_1_long-duration_electrical_50.0~-1.0_1.0_0,M,SA,28.430261549470504,140.5,1.0432171244489838e+61,0.14,-1.9661128563728327
3141,hff16,hff16_1,long-duration_electrical_50.0~-1.0_1.0,hff16_1_long-duration_electrical_50.0~-1.0_1.0_0,M,SA,28.430261549470504,141.5,2.835758152526971e+61,0.12,-2.120263536200091
3142,hff16,hff16_1,long-duration_electrical_50.0~-1.0_1.0,hff16_1_long-duration_electrical_50.0~-1.0_1.0_0,M,SA,28.430261549470504,142.5,7.708389855918659e+61,0.14,-1.9661128563728327
3143,hff16,hff16_1,long-duration_electrical_50.0~-1.0_1.0,hff16_1_long-duration_electrical_50.0~-1.0_1.0_0,M,SA,28.430261549470504,143.5,2.095357607202173e+62,0.14,-1.9661128563728327
3144,hff16,hff16_1,long-duration_electrical_50.0~-1.0_1.0,hff16_1_long-duration_electrical_50.0~-1.0_1.0_0,M,SA,28.430261549470504,144.5,5.6957725077810925e+62,0.12,-2.120263536200091
3145,hff16,hff16_1,long-duration_electrical_50.0~-1.0_1.0,hff16_1_long-duration_electrical_50.0~-1.0_1.0_0,M,SA,28.430261549470504,145.5,1.548271490693795e+63,0.2,-1.6094379124341003
3146,hff16,hff16_1,long-duration_electrical_50.0~-1.0_1.0,hff16_1_long-duration_electrical_50.0~-1.0_1.0_0,M,SA,28.430261549470504,146.5,4.20863825867414e+63,0.1,-2.3025850929940455
3147,hff16,hff16_1,long-duration_electrical_50.0~-1.0_1.0,hff16_1_long-duration_electrical_50.0~-1.0_1.0_0,M,SA,28.430261549470504,147.5,1.1440264901111434e+64,0.14,-1.9661128563728327
3148,hff16,hff16_1,long-duration_electrical_50.0~-1.0_1.0,hff16_1_long-duration_electrical_50.0~-1.0_1.0_0,M,SA,28.430261549470504,148.5,3.109786419344903e+64,0.18,-1.7147984280919266
3149,hff16,hff16_1,long-duration_electrical_50.0~-1.0_1.0,hff16_1_long-duration_electrical_50.0~-1.0_1.0_0,M,SA,28.430261549470504,149.5,8.45327591409397e+64,0.22,-1.5141277326297755
3150,hff16,hff16_1,long-duration_electrical_50.0~-1.0_1.0,hff16_1_long-duration_electrical_50.0~-1.0_1.0_0,M,SA,28.430261549470504,150.5,2.297838630823216e+65,0.16,-1.8325814637483102
3151,hff16,hff16_1,long-duration_electrical_50.0~-1.0_1.0,hff16_1_long-duration_electrical_50.0~-1.0_1.0_0,M,SA,28.430261549470504,151.5,6.246172994897961e+65,0.18,-1.7147984280919266
3152,hff16,hff16_1,long-duration_electrical_50.0~-1.0_1.0,hff16_1_long-duration_electrical_50.0~-1.0_1.0_0,M,SA,28.430261549470504,152.5,1.6978858549442743e+66,0.14,-1.9661128563728327
3153,hff16,hff16_1,long-duration_electrical_50.0~-1.0_1.0,hff16_1_long-duration_electrical_50.0~-1.0_1.0_0,M,SA,28.430261549470504,153.5,4.6153322662926706e+66,0.18,-1.7147984280919266
3154,hff16,hff16_1,long-duration_electrical_50.0~-1.0_1.0,hff16_1_long-duration_electrical_50.0~-1.0_1.0_0,M,SA,28.430261549470504,154.5,1.254577383176407e+67,0.2,-1.6094379124341003
3155,hff16,hff16_1,long-duration_electrical_50.0~-1.0_1.0,hff16_1_long-duration_electrical_50.0~-1.0_1.0_0,M,SA,28.430261549470504,155.5,3.4102949030841276e+67,0.16,-1.8325814637483102
3156,hff16,hff16_1,long-duration_electrical_50.0~-1.0_1.0,hff16_1_long-duration_electrical_50.0~-1.0_1.0_0,M,SA,28.430261549470504,156.5,9.270142664740085e+67,0.14,-1.9661128563728327
3157,hff16,hff16_1,long-duration_electrical_50.0~-1.0_1.0,hff16_1_long-duration_electrical_50.0~-1.0_1.0_0,M,SA,28.430261549470504,157.5,2.5198860352785887e+68,0.08,-2.5257286443082556
3158,hff16,hff16_1,long-duration_electrical_50.0~-1.0_1.0,hff16_1_long-duration_electrical_50.0~-1.0_1.0_0,M,SA,28.430261549470504,158.5,6.849760419485496e+68,0.18,-1.7147984280919266
3159,hff16,hff16_1,long-duration_electrical_50.0~-1.0_1.0,hff16_1_long-duration_electrical_50.0~-1.0_1.0_0,M,SA,28.430261549470504,159.5,1.861957927758543e+69,0.16,-1.8325814637483102
3160,hff16,hff16_1,long-duration_electrical_50.0~-1.0_1.0,hff16_1_long-duration_electrical_50.0~-1.0_1.0_0,M,SA,28.430261549470504,160.5,5.0613264003813075e+69,0.12,-2.120263536200091
3161,hff16,hff16_1,long-duration_electrical_50.0~-1.0_1.0,hff16_1_long-duration_electrical_50.0~-1.0_1.0_0,M,SA,28.430261549470504,161.5,1.3758111582056537e+70,0.16,-1.8325814637483102
3162,hff16,hff16_1,long-duration_electrical_50.0~-1.0_1.0,hff16_1_long-duration_electrical_50.0~-1.0_1.0_0,M,SA,28.430261549470504,162.5,3.7398424707416215e+70,0.24,-1.4271163556401458
3163,hff16,hff16_1,long-duration_electrical_50.0~-1.0_1.0,hff16_1_long-duration_electrical_50.0~-1.0_1.0_0,M,SA,28.430261549470504,163.5,1.0165945829516327e+71,0.12,-2.120263536200091
3164,hff16,hff16_1,long-duration_electrical_50.0~-1.0_1.0,hff16_1_long-duration_electrical_50.0~-1.0_1.0_0,M,SA,28.430261549470504,164.5,2.763390581747325e+71,0.18,-1.7147984280919266
3165,hff16,hff16_1,long-duration_electrical_50.0~-1.0_1.0,hff16_1_long-duration_electrical_50.0~-1.0_1.0_0,M,SA,28.430261549470504,165.5,7.511674403298623e+71,0.16,-1.8325814637483102
3166,hff16,hff16_1,long-duration_electrical_50.0~-1.0_1.0,hff16_1_long-duration_electrical_50.0~-1.0_1.0_0,M,SA,28.430261549470504,166.5,2.0418848031787588e+72,0.16,-1.8325814637483102
3167,hff16,hff16_1,long-duration_electrical_50.0~-1.0_1.0,hff16_1_long-duration_electrical_50.0~-1.0_1.0_0,M,SA,28.430261549470504,167.5,5.550418356287494e+72,0.06,-2.8134107167600364
3168,hff16,hff16_1,long-duration_electrical_50.0~-1.0_1.0,hff16_1_long-duration_electrical_50.0~-1.0_1.0_0,M,SA,28.430261549470504,168.5,1.5087601358241818e+73,0.12,-2.120263536200091
3169,hff16,hff16_1,long-duration_electrical_50.0~-1.0_1.0,hff16_1_long-duration_electrical_50.0~-1.0_1.0_0,M,SA,28.430261549470504,169.5,4.101235260714274e+73,0.16,-1.8325814637483102
3170,hff16,hff16_1,long-duration_electrical_50.0~-1.0_1.0,hff16_1_long-duration_electrical_50.0~-1.0_1.0_0,M,SA,28.430261549470504,170.5,1.1148313283435107e+74,0.08,-2.5257286443082556
3171,hff16,hff16_1,long-duration_electrical_50.0~-1.0_1.0,hff16_1_long-duration_electrical_50.0~-1.0_1.0_0,M,SA,28.430261549470504,171.5,3.030425741633024e+74,0.14,-1.9661128563728327
3172,hff16,hff16_1,long-duration_electrical_50.0~-1.0_1.0,hff16_1_long-duration_electrical_50.0~-1.0_1.0_0,M,SA,28.430261549470504,172.5,8.237551225975576e+74,0.2,-1.6094379124341003
3173,hff16,hff16_1,long-duration_electrical_50.0~-1.0_1.0,hff16_1_long-duration_electrical_50.0~-1.0_1.0_0,M,SA,28.430261549470504,173.5,2.239198580856994e+75,0.14,-1.9661128563728327
3174,hff16,hff16_1,long-duration_electrical_50.0~-1.0_1.0,hff16_1_long-duration_electrical_50.0~-1.0_1.0_0,M,SA,28.430261549470504,174.5,6.0867728126548485e+75,0.14,-1.9661128563728327
3175,hff16,hff16_1,long-duration_electrical_50.0~-1.0_1.0,hff16_1_long-duration_electrical_50.0~-1.0_1.0_0,M,SA,28.430261549470504,175.5,1.6545563930598225e+76,0.18,-1.7147984280919266
3176,hff16,hff16_1,long-duration_electrical_50.0~-1.0_1.0,hff16_1_long-duration_electrical_50.0~-1.0_1.0_0,M,SA,28.430261549470504,176.5,4.4975505774152577e+76,0.16,-1.8325814637483102
3177,hff16,hff16_1,long-duration_electrical_50.0~-1.0_1.0,hff16_1_long-duration_electrical_50.0~-1.0_1.0_0,M,SA,28.430261549470504,177.5,1.222561000716338e+77,0.16,-1.8325814637483102
3178,hff16,hff16_1,long-duration_electrical_50.0~-1.0_1.0,hff16_1_long-duration_electrical_50.0~-1.0_1.0_0,M,SA,28.430261549470504,178.5,3.323265352429928e+77,0.08,-2.5257286443082556
3179,hff16,hff16_1,long-duration_electrical_50.0~-1.0_1.0,hff16_1_long-duration_electrical_50.0~-1.0_1.0_0,M,SA,28.430261549470504,179.5,9.033571818657817e+77,0.14,-1.9661128563728327
3180,hff16,hff16_1,long-duration_electrical_50.0~-1.0_1.0,hff16_1_long-duration_electrical_50.0~-1.0_1.0_0,M,SA,28.430261549470504,180.5,2.455579412073727e+78,0.16,-1.8325814637483102
3181,hff16,hff16_1,long-duration_electrical_50.0~-1.0_1.0,hff16_1_long-duration_electrical_50.0~-1.0_1.0_0,M,SA,28.430261549470504,181.5,6.674956894178159e+78,0.14,-1.9661128563728327
3182,hff16,hff16_1,long-duration_electrical_50.0~-1.0_1.0,hff16_1_long-duration_electrical_50.0~-1.0_1.0_0,M,SA,28.430261549470504,182.5,1.8144414031191914e+79,0.14,-1.9661128563728327
3183,hff16,hff16_1,long-duration_electrical_50.0~-1.0_1.0,hff16_1_long-duration_electrical_50.0~-1.0_1.0_0,M,SA,28.430261549470504,183.5,4.932163094902632e+79,0.18,-1.7147984280919266
3184,hff16,hff16_1,long-duration_electrical_50.0~-1.0_1.0,hff16_1_long-duration_electrical_50.0~-1.0_1.0_0,M,SA,28.430261549470504,184.5,1.3407009315870148e+80,0.14,-1.9661128563728327
3185,hff16,hff16_1,long-duration_electrical_50.0~-1.0_1.0,hff16_1_long-duration_electrical_50.0~-1.0_1.0_0,M,SA,28.430261549470504,185.5,3.6444029797310963e+80,0.18,-1.7147984280919266
3186,hff16,hff16_1,long-duration_electrical_50.0~-1.0_1.0,hff16_1_long-duration_electrical_50.0~-1.0_1.0_0,M,SA,28.430261549470504,186.5,9.906514395385036e+80,0.2,-1.6094379124341003
3187,hff16,hff16_1,long-duration_electrical_50.0~-1.0_1.0,hff16_1_long-duration_electrical_50.0~-1.0_1.0_0,M,SA,28.430261549470504,187.5,2.692869806434309e+81,0.16,-1.8325814637483102
3188,hff16,hff16_1,long-duration_electrical_50.0~-1.0_1.0,hff16_1_long-duration_electrical_50.0~-1.0_1.0_0,M,SA,28.430261549470504,188.5,7.319979061236409e+81,0.08,-2.5257286443082556
3189,hff16,hff16_1,long-duration_electrical_50.0~-1.0_1.0,hff16_1_long-duration_electrical_50.0~-1.0_1.0_0,M,SA,28.430261549470504,189.5,1.989776606685963e+82,0.22,-1.5141277326297755
3190,hff16,hff16_1,long-duration_electrical_50.0~-1.0_1.0,hff16_1_long-duration_electrical_50.0~-1.0_1.0_0,M,SA,28.430261549470504,190.5,5.408773592647354e+82,0.14,-1.9661128563728327
3191,hff16,hff16_1,long-duration_electrical_50.0~-1.0_1.0,hff16_1_long-duration_electrical_50.0~-1.0_1.0_0,M,SA,28.430261549470504,191.5,1.470257097114245e+83,0.14,-1.9661128563728327
3192,hff16,hff16_1,long-duration_electrical_50.0~-1.0_1.0,hff16_1_long-duration_electrical_50.0~-1.0_1.0_0,M,SA,28.430261549470504,192.5,3.9965731502485976e+83,0.16,-1.8325814637483102
3193,hff16,hff16_1,long-duration_electrical_50.0~-1.0_1.0,hff16_1_long-duration_electrical_50.0~-1.0_1.0_0,M,SA,28.430261549470504,193.5,1.0863812170428086e+84,0.14,-1.9661128563728327
3194,hff16,hff16_1,long-duration_electrical_50.0~-1.0_1.0,hff16_1_long-duration_electrical_50.0~-1.0_1.0_0,M,SA,28.430261549470504,194.5,2.9530903210666885e+84,0.16,-1.8325814637483102
3195,hff16,hff16_1,long-duration_electrical_50.0~-1.0_1.0,hff16_1_long-duration_electrical_50.0~-1.0_1.0_0,M,SA,28.430261549470504,195.5,8.027331757553867e+84,0.06,-2.8134107167600364
3196,hff16,hff16_1,long-duration_electrical_50.0~-1.0_1.0,hff16_1_long-duration_electrical_50.0~-1.0_1.0_0,M,SA,28.430261549470504,196.5,2.1820550047570884e+85,0.12,-2.120263536200091
3197,hff16,hff16_1,long-duration_electrical_50.0~-1.0_1.0,hff16_1_long-duration_electrical_50.0~-1.0_1.0_0,M,SA,28.430261549470504,197.5,5.931440468129309e+85,0.16,-1.8325814637483102
3198,hff16,hff16_1,long-duration_electrical_50.0~-1.0_1.0,hff16_1_long-duration_electrical_50.0~-1.0_1.0_0,M,SA,28.430261549470504,198.5,1.6123326841102515e+86,0.14,-1.9661128563728327
3199,hff16,hff16_1,long-duration_electrical_50.0~-1.0_1.0,hff16_1_long-duration_electrical_50.0~-1.0_1.0_0,M,SA,28.430261549470504,199.5,4.3827746366474943e+86,0.16,-1.8325814637483102
3200,hff16,hff16_1,long-duration_electrical_50.0~-1.0_1.0,hff16_1_long-duration_electrical_50.0~-1.0_1.0_0,M,SA,28.430261549470504,200.5,1.1913616653030078e+87,0.08,-2.5257286443082556
3201,hff16,hff16_1,long-duration_electrical_50.0~-1.0_1.0,hff16_1_long-duration_electrical_50.0~-1.0_1.0_0,M,SA,28.430261549470504,201.5,3.238456765915873e+87,0.14,-1.9661128563728327
3202,hff16,hff16_1,long-duration_electrical_50.0~-1.0_1.0,hff16_1_long-duration_electrical_50.0~-1.0_1.0_0,M,SA,28.430261549470504,202.5,8.803038179039366e+87,0.16,-1.8325814637483102
3203,hff16,hff16_1,long-duration_electrical_50.0~-1.0_1.0,hff16_1_long-duration_electrical_50.0~-1.0_1.0_0,M,SA,28.430261549470504,203.5,2.392913871731391e+88,0.06,-2.8134107167600364
3204,hff16,hff16_1,long-duration_electrical_50.0~-1.0_1.0,hff16_1_long-duration_electrical_50.0~-1.0_1.0_0,M,SA,28.430261549470504,204.5,6.50461429459502e+88,0.06,-2.8134107167600364
3205,hff16,hff16_1,long-duration_electrical_50.0~-1.0_1.0,hff16_1_long-duration_electrical_50.0~-1.0_1.0_0,M,SA,28.430261549470504,205.5,1.7681374838132593e+89,0.14,-1.9661128563728327
3206,hff16,hff16_1,long-duration_electrical_50.0~-1.0_1.0,hff16_1_long-duration_electrical_50.0~-1.0_1.0_0,M,SA,28.430261549470504,206.5,4.806295992466882e+89,0.24,-1.4271163556401458
3207,hff16,hff16_1,long-duration_electrical_50.0~-1.0_1.0,hff16_1_long-duration_electrical_50.0~-1.0_1.0_0,M,SA,28.430261549470504,207.5,1.3064867058518258e+90,0.16,-1.8325814637483102
3208,hff16,hff16_1,long-duration_electrical_50.0~-1.0_1.0,hff16_1_long-duration_electrical_50.0~-1.0_1.0_0,M,SA,28.430261549470504,208.5,3.5513990716403354e+90,0.16,-1.8325814637483102
3209,hff16,hff16_1,long-duration_electrical_50.0~-1.0_1.0,hff16_1_long-duration_electrical_50.0~-1.0_1.0_0,M,SA,28.430261549470504,209.5,9.653703562046247e+90,0.12,-2.120263536200091
3210,hff16,hff16_1,long-duration_electrical_50.0~-1.0_1.0,hff16_1_long-duration_electrical_50.0~-1.0_1.0_0,M,SA,28.430261549470504,210.5,2.624148697004067e+91,0.12,-2.120263536200091
3211,hff16,hff16_1,long-duration_electrical_50.0~-1.0_1.0,hff16_1_long-duration_electrical_50.0~-1.0_1.0_0,M,SA,28.430261549470504,211.5,7.133175718240636e+91,0.12,-2.120263536200091
3212,hff16,hff16_1,long-duration_electrical_50.0~-1.0_1.0,hff16_1_long-duration_electrical_50.0~-1.0_1.0_0,M,SA,28.430261549470504,212.5,1.938998193409882e+92,0.14,-1.9661128563728327
3213,hff16,hff16_1,long-duration_electrical_50.0~-1.0_1.0,hff16_1_long-duration_electrical_50.0~-1.0_1.0_0,M,SA,28.430261549470504,213.5,5.270743554560999e+92,0.12,-2.120263536200091
3214,hff16,hff16_1,long-duration_electrical_50.0~-1.0_1.0,hff16_1_long-duration_electrical_50.0~-1.0_1.0_0,M,SA,28.430261549470504,214.5,1.4327366426830802e+93,0.2,-1.6094379124341003
3215,hff16,hff16_1,long-duration_electrical_50.0~-1.0_1.0,hff16_1_long-duration_electrical_50.0~-1.0_1.0_0,M,SA,28.430261549470504,215.5,3.894581980772837e+93,0.14,-1.9661128563728327
3216,hff16,hff16_1,long-duration_electrical_50.0~-1.0_1.0,hff16_1_long-duration_electrical_50.0~-1.0_1.0_0,M,SA,28.430261549470504,216.5,1.0586571427778838e+94,0.14,-1.9661128563728327
3217,hff16,hff16_1,long-duration_electrical_50.0~-1.0_1.0,hff16_1_long-duration_electrical_50.0~-1.0_1.0_0,M,SA,28.430261549470504,217.5,2.877728473781494e+94,0.2,-1.6094379124341003
3218,hff16,hff16_1,long-duration_electrical_50.0~-1.0_1.0,hff16_1_long-duration_electrical_50.0~-1.0_1.0_0,M,SA,28.430261549470504,218.5,7.822477017519418e+94,0.18,-1.7147984280919266
3219,hff16,hff16_1,long-duration_electrical_50.0~-1.0_1.0,hff16_1_long-duration_electrical_50.0~-1.0_1.0_0,M,SA,28.430261549470504,219.5,2.126369713026154e+95,0.06,-2.8134107167600364
3220,hff16,hff16_1,long-duration_electrical_50.0~-1.0_1.0,hff16_1_long-duration_electrical_50.0~-1.0_1.0_0,M,SA,28.430261549470504,220.5,5.780072151504669e+95,0.12,-2.120263536200091
3221,hff16,hff16_1,long-duration_electrical_50.0~-1.0_1.0,hff16_1_long-duration_electrical_50.0~-1.0_1.0_0,M,SA,28.430261549470504,221.5,1.5711865096617322e+96,0.14,-1.9661128563728327
3222,hff16,hff16_1,long-duration_electrical_50.0~-1.0_1.0,hff16_1_long-duration_electrical_50.0~-1.0_1.0_0,M,SA,28.430261549470504,222.5,4.2709277383334783e+96,0.12,-2.120263536200091
3223,hff16,hff16_1,long-duration_electrical_50.0~-1.0_1.0,hff16_1_long-duration_electrical_50.0~-1.0_1.0_0,M,SA,28.430261549470504,223.5,1.1609585261773583e+97,0.22,-1.5141277326297755
3224,hff16,hff16_1,long-duration_electrical_50.0~-1.0_1.0,hff16_1_long-duration_electrical_50.0~-1.0_1.0_0,M,SA,28.430261549470504,224.5,3.1558124653025077e+97,0.06,-2.8134107167600364
3225,hff16,hff16_1,long-duration_electrical_50.0~-1.0_1.0,hff16_1_long-duration_electrical_50.0~-1.0_1.0_0,M,SA,28.430261549470504,225.5,8.578387678456348e+97,0.14,-1.9661128563728327
3226,hff16,hff16_1,long-duration_electrical_50.0~-1.0_1.0,hff16_1_long-duration_electrical_50.0~-1.0_1.0_0,M,SA,28.430261549470504,226.5,2.3318475343824867e+98,0.16,-1.8325814637483102
3227,hff16,hff16_1,long-duration_electrical_50.0~-1.0_1.0,hff16_1_long-duration_electrical_50.0~-1.0_1.0_0,M,SA,28.430261549470504,227.5,6.338618779448942e+98,0.08,-2.5257286443082556
3228,hff16,hff16_1,long-duration_electrical_50.0~-1.0_1.0,hff16_1_long-duration_electrical_50.0~-1.0_1.0_0,M,SA,28.430261549470504,228.5,1.723015224570531e+99,0.14,-1.9661128563728327
3229,hff16,hff16_1,long-duration_electrical_50.0~-1.0_1.0,hff16_1_long-duration_electrical_50.0~-1.0_1.0_0,M,SA,28.430261549470504,229.5,4.683640975108356e+99,0.12,-2.120263536200091
3230,hff16,hff16_1,long-duration_electrical_50.0~-1.0_1.0,hff16_1_long-duration_electrical_50.0~-1.0_1.0_0,M,SA,28.430261549470504,230.5,1.2731456153663248e+100,0.06,-2.8134107167600364
3231,hff16,hff16_1,long-duration_electrical_50.0~-1.0_1.0,hff16_1_long-duration_electrical_50.0~-1.0_1.0_0,M,SA,28.430261549470504,231.5,3.4607685912325894e+100,0.14,-1.9661128563728327
3232,hff16,hff16_1,long-duration_electrical_50.0~-1.0_1.0,hff16_1_long-duration_electrical_50.0~-1.0_1.0_0,M,SA,28.430261549470504,232.5,9.407344374049358e+100,0.14,-1.9661128563728327
3233,hff16,hff16_1,long-duration_electrical_50.0~-1.0_1.0,hff16_1_long-duration_electrical_50.0~-1.0_1.0_0,M,SA,28.430261549470504,233.5,2.55718132660348e+101,0.16,-1.8325814637483102
3234,hff16,hff16_1,long-duration_electrical_50.0~-1.0_1.0,hff16_1_long-duration_electrical_50.0~-1.0_1.0_0,M,SA,28.430261549470504,234.5,6.951139532181034e+101,0.12,-2.120263536200091
3235,hff16,hff16_1,long-duration_electrical_50.0~-1.0_1.0,hff16_1_long-duration_electrical_50.0~-1.0_1.0_0,M,SA,28.430261549470504,235.5,1.8895156277411014e+102,0.12,-2.120263536200091
3236,hff16,hff16_1,long-duration_electrical_50.0~-1.0_1.0,hff16_1_long-duration_electrical_50.0~-1.0_1.0_0,M,SA,28.430261549470504,236.5,5.136235995478022e+102,0.12,-2.120263536200091
3237,hff16,hff16_1,long-duration_electrical_50.0~-1.0_1.0,hff16_1_long-duration_electrical_50.0~-1.0_1.0_0,M,SA,28.430261549470504,237.5,1.3961736973185161e+103,0.12,-2.120263536200091
3238,hff16,hff16_1,long-duration_electrical_50.0~-1.0_1.0,hff16_1_long-duration_electrical_50.0~-1.0_1.0_0,M,SA,28.430261549470504,238.5,3.795193590793402e+103,0.18,-1.7147984280919266
3239,hff16,hff16_1,long-duration_electrical_50.0~-1.0_1.0,hff16_1_long-duration_electrical_50.0~-1.0_1.0_0,M,SA,28.430261549470504,239.5,1.0316405773337937e+104,0.08,-2.5257286443082556
3240,hff16,hff16_1,long-duration_electrical_50.0~-1.0_1.0,hff16_1_long-duration_electrical_50.0~-1.0_1.0_0,M,SA,28.430261549470504,240.5,2.80428983486745e+104,0.18,-1.7147984280919266
3241,hff16,hff16_1,long-duration_electrical_50.0~-1.0_1.0,hff16_1_long-duration_electrical_50.0~-1.0_1.0_0,M,SA,28.430261549470504,241.5,7.622850099852606e+104,0.24,-1.4271163556401458
3242,hff16,hff16_1,long-duration_electrical_50.0~-1.0_1.0,hff16_1_long-duration_electrical_50.0~-1.0_1.0_0,M,SA,28.430261549470504,242.5,2.0721054907496557e+105,0.06,-2.8134107167600364
3243,hff16,hff16_1,long-duration_electrical_50.0~-1.0_1.0,hff16_1_long-duration_electrical_50.0~-1.0_1.0_0,M,SA,28.430261549470504,243.5,5.632566702155002e+105,0.08,-2.5257286443082556
3244,hff16,hff16_1,long-duration_electrical_50.0~-1.0_1.0,hff16_1_long-duration_electrical_50.0~-1.0_1.0_0,M,SA,28.430261549470504,244.5,1.531090371405143e+106,0.14,-1.9661128563728327
3245,hff16,hff16_1,long-duration_electrical_50.0~-1.0_1.0,hff16_1_long-duration_electrical_50.0~-1.0_1.0_0,M,SA,28.430261549470504,245.5,4.161935134319211e+106,0.14,-1.9661128563728327
3246,hff16,hff16_1,long-duration_electrical_50.0~-1.0_1.0,hff16_1_long-duration_electrical_50.0~-1.0_1.0_0,M,SA,28.430261549470504,246.5,1.1313312646845167e+107,0.12,-2.120263536200091
3247,hff16,hff16_1,long-duration_electrical_50.0~-1.0_1.0,hff16_1_long-duration_electrical_50.0~-1.0_1.0_0,M,SA,28.430261549470504,247.5,3.0752772187595124e+107,0.2,-1.6094379124341003
3248,hff16,hff16_1,long-duration_electrical_50.0~-1.0_1.0,hff16_1_long-duration_electrical_50.0~-1.0_1.0_0,M,SA,28.430261549470504,248.5,8.359470181228054e+107,0.12,-2.120263536200091
3249,hff16,hff16_1,long-duration_electrical_50.0~-1.0_1.0,hff16_1_long-duration_electrical_50.0~-1.0_1.0_0,M,SA,28.430261549470504,249.5,2.272339588917746e+108,0.16,-1.8325814637483102
3250,hff16,hff16_1,long-duration_electrical_50.0~-1.0_1.0,hff16_1_long-duration_electrical_50.0~-1.0_1.0_0,M,SA,28.430261549470504,250.5,6.176859412643206e+108,0.1,-2.3025850929940455
3251,hff16,hff16_1,long-duration_electrical_50.0~-1.0_1.0,hff16_1_long-duration_electrical_50.0~-1.0_1.0_0,M,SA,28.430261549470504,251.5,1.679044469833424e+109,0.14,-1.9661128563728327
3252,hff16,hff16_1,long-duration_electrical_50.0~-1.0_1.0,hff16_1_long-duration_electrical_50.0~-1.0_1.0_0,M,SA,28.430261549470504,252.5,4.564116071522848e+109,0.12,-2.120263536200091
3253,hff16,hff16_1,long-duration_electrical_50.0~-1.0_1.0,hff16_1_long-duration_electrical_50.0~-1.0_1.0_0,M,SA,28.430261549470504,253.5,1.240655378019844e+110,0.14,-1.9661128563728327
3254,hff16,hff16_1,long-duration_electrical_50.0~-1.0_1.0,hff16_1_long-duration_electrical_50.0~-1.0_1.0_0,M,SA,28.430261549470504,254.5,3.37245096945133e+110,0.12,-2.120263536200091
3255,hff16,hff16_1,long-duration_electrical_50.0~-1.0_1.0,hff16_1_long-duration_electrical_50.0~-1.0_1.0_0,M,SA,28.430261549470504,255.5,9.16727218762864e+110,0.18,-1.7147984280919266
3256,hff16,hff16_1,long-duration_electrical_50.0~-1.0_1.0,hff16_1_long-duration_electrical_50.0~-1.0_1.0_0,M,SA,28.430261549470504,256.5,2.491922940416893e+111,0.0,-744.4400719213812
3257,hff16,hff16_1,long-duration_electrical_50.0~-1.0_1.0,hff16_1_long-duration_electrical_50.0~-1.0_1.0_0,M,SA,28.430261549470504,257.5,6.773748846855472e+111,0.12,-2.120263536200091
3258,hff16,hff16_1,long-duration_electrical_50.0~-1.0_1.0,hff16_1_long-duration_electrical_50.0~-1.0_1.0_0,M,SA,28.430261549470504,258.5,1.8412958400952643e+112,0.16,-1.8325814637483102
3259,hff16,hff16_1,long-duration_electrical_50.0~-1.0_1.0,hff16_1_long-duration_electrical_50.0~-1.0_1.0_0,M,SA,28.430261549470504,259.5,5.005161022948189e+112,0.12,-2.120263536200091
3260,hff16,hff16_1,long-duration_electrical_50.0~-1.0_1.0,hff16_1_long-duration_electrical_50.0~-1.0_1.0_0,M,SA,28.430261549470504,260.5,1.3605438257191548e+113,0.12,-2.120263536200091
3261,hff16,hff16_1,long-duration_electrical_50.0~-1.0_1.0,hff16_1_long-duration_electrical_50.0~-1.0_1.0_0,M,SA,28.430261549470504,261.5,3.698341558274529e+113,0.14,-1.9661128563728327
3262,hff16,hff16_1,long-duration_electrical_50.0~-1.0_1.0,hff16_1_long-duration_electrical_50.0~-1.0_1.0_0,M,SA,28.430261549470504,262.5,1.005313465329256e+114,0.16,-1.8325814637483102
3263,hff16,hff16_1,long-duration_electrical_50.0~-1.0_1.0,hff16_1_long-duration_electrical_50.0~-1.0_1.0_0,M,SA,28.430261549470504,263.5,2.732725324709709e+114,0.1,-2.3025850929940455
3264,hff16,hff16_1,long-duration_electrical_50.0~-1.0_1.0,hff16_1_long-duration_electrical_50.0~-1.0_1.0_0,M,SA,28.430261549470504,264.5,7.428317592328247e+114,0.12,-2.120263536200091
3265,hff16,hff16_1,long-duration_electrical_50.0~-1.0_1.0,hff16_1_long-duration_electrical_50.0~-1.0_1.0_0,M,SA,28.430261549470504,265.5,2.0192260727248517e+115,0.12,-2.120263536200091
3266,hff16,hff16_1,long-duration_electrical_50.0~-1.0_1.0,hff16_1_long-duration_electrical_50.0~-1.0_1.0_0,M,SA,28.430261549470504,266.5,5.4888255410386875e+115,0.14,-1.9661128563728327
3267,hff16,hff16_1,long-duration_electrical_50.0~-1.0_1.0,hff16_1_long-duration_electrical_50.0~-1.0_1.0_0,M,SA,28.430261549470504,267.5,1.4920174727787351e+116,0.12,-2.120263536200091
3268,hff16,hff16_1,long-duration_electrical_50.0~-1.0_1.0,hff16_1_long-duration_electrical_50.0~-1.0_1.0_0,M,SA,28.430261549470504,268.5,4.055723983997824e+116,0.14,-1.9661128563728327
3269,hff16,hff16_1,long-duration_electrical_50.0~-1.0_1.0,hff16_1_long-duration_electrical_50.0~-1.0_1.0_0,M,SA,28.430261549470504,269.5,1.1024600806946808e+117,0.14,-1.9661128563728327
3270,hff16,hff16_1,long-duration_electrical_50.0~-1.0_1.0,hff16_1_long-duration_electrical_50.0~-1.0_1.0_0,M,SA,28.430261549470504,270.5,2.9967972039538434e+117,0.14,-1.9661128563728327
3271,hff16,hff16_1,long-duration_electrical_50.0~-1.0_1.0,hff16_1_long-duration_electrical_50.0~-1.0_1.0_0,M,SA,28.430261549470504,271.5,8.146139383084608e+117,0.12,-2.120263536200091
3272,hff16,hff16_1,long-duration_electrical_50.0~-1.0_1.0,hff16_1_long-duration_electrical_50.0~-1.0_1.0_0,M,SA,28.430261549470504,272.5,2.214350265713347e+118,0.12,-2.120263536200091
3273,hff16,hff16_1,long-duration_electrical_50.0~-1.0_1.0,hff16_1_long-duration_electrical_50.0~-1.0_1.0_0,M,SA,28.430261549470504,273.5,6.019228089132049e+118,0.18,-1.7147984280919266
3274,hff16,hff16_1,long-duration_electrical_50.0~-1.0_1.0,hff16_1_long-duration_electrical_50.0~-1.0_1.0_0,M,SA,28.430261549470504,274.5,1.636195833603791e+119,0.1,-2.3025850929940455
3275,hff16,hff16_1,long-duration_electrical_50.0~-1.0_1.0,hff16_1_long-duration_electrical_50.0~-1.0_1.0_0,M,SA,28.430261549470504,275.5,4.447641402285585e+119,0.2,-1.6094379124341003
3276,hff16,hff16_1,long-duration_electrical_50.0~-1.0_1.0,hff16_1_long-duration_electrical_50.0~-1.0_1.0_0,M,SA,28.430261549470504,276.5,1.2089942803335012e+120,0.12,-2.120263536200091
3277,hff16,hff16_1,long-duration_electrical_50.0~-1.0_1.0,hff16_1_long-duration_electrical_50.0~-1.0_1.0_0,M,SA,28.430261549470504,277.5,3.286387182941477e+120,0.16,-1.8325814637483102
3278,hff16,hff16_1,long-duration_electrical_50.0~-1.0_1.0,hff16_1_long-duration_electrical_50.0~-1.0_1.0_0,M,SA,28.430261549470504,278.5,8.933326560670529e+120,0.1,-2.3025850929940455
3279,hff16,hff16_1,long-duration_electrical_50.0~-1.0_1.0,hff16_1_long-duration_electrical_50.0~-1.0_1.0_0,M,SA,28.430261549470504,279.5,2.428329925756124e+121,0.12,-2.120263536200091
3280,hff16,hff16_1,long-duration_electrical_50.0~-1.0_1.0,hff16_1_long-duration_electrical_50.0~-1.0_1.0_0,M,SA,28.430261549470504,280.5,6.600885110686175e+121,0.18,-1.7147984280919266
3281,hff16,hff16_1,long-duration_electrical_50.0~-1.0_1.0,hff16_1_long-duration_electrical_50.0~-1.0_1.0_0,M,SA,28.430261549470504,281.5,1.79430660481241e+122,0.12,-2.120263536200091
3282,hff16,hff16_1,long-duration_electrical_50.0~-1.0_1.0,hff16_1_long-duration_electrical_50.0~-1.0_1.0_0,M,SA,28.430261549470504,282.5,4.877431038545619e+122,0.1,-2.3025850929940455
3283,hff16,hff16_1,long-duration_electrical_50.0~-1.0_1.0,hff16_1_long-duration_electrical_50.0~-1.0_1.0_0,M,SA,28.430261549470504,283.5,1.3258232161640687e+123,0.16,-1.8325814637483102
3284,hff16,hff16_1,long-duration_electrical_50.0~-1.0_1.0,hff16_1_long-duration_electrical_50.0~-1.0_1.0_0,M,SA,28.430261549470504,284.5,3.603961156247916e+123,0.14,-1.9661128563728327
3285,hff16,hff16_1,long-duration_electrical_50.0~-1.0_1.0,hff16_1_long-duration_electrical_50.0~-1.0_1.0_0,M,SA,28.430261549470504,285.5,9.796582121500962e+123,0.06,-2.8134107167600364
3286,hff16,hff16_1,long-duration_electrical_50.0~-1.0_1.0,hff16_1_long-duration_electrical_50.0~-1.0_1.0_0,M,SA,28.430261549470504,286.5,2.6629871161882825e+124,0.16,-1.8325814637483102
3287,hff16,hff16_1,long-duration_electrical_50.0~-1.0_1.0,hff16_1_long-duration_electrical_50.0~-1.0_1.0_0,M,SA,28.430261549470504,287.5,7.238749487355165e+124,0.06,-2.8134107167600364
3288,hff16,hff16_1,long-duration_electrical_50.0~-1.0_1.0,hff16_1_long-duration_electrical_50.0~-1.0_1.0_0,M,SA,28.430261549470504,288.5,1.9676961192244775e+125,0.12,-2.120263536200091
3289,hff16,hff16_1,long-duration_electrical_50.0~-1.0_1.0,hff16_1_long-duration_electrical_50.0~-1.0_1.0_0,M,SA,28.430261549470504,289.5,5.3487526048172796e+125,0.08,-2.5257286443082556
3290,hff16,hff16_1,long-duration_electrical_50.0~-1.0_1.0,hff16_1_long-duration_electrical_50.0~-1.0_1.0_0,M,SA,28.430261549470504,290.5,1.4539417010597797e+126,0.2,-1.6094379124341003
3291,hff16,hff16_1,long-duration_electrical_50.0~-1.0_1.0,hff16_1_long-duration_electrical_50.0~-1.0_1.0_0,M,SA,28.430261549470504,291.5,3.952223305629632e+126,0.1,-2.3025850929940455
3292,hff16,hff16_1,long-duration_electrical_50.0~-1.0_1.0,hff16_1_long-duration_electrical_50.0~-1.0_1.0_0,M,SA,28.430261549470504,292.5,1.0743256793705369e+127,0.12,-2.120263536200091
3293,hff16,hff16_1,long-duration_electrical_50.0~-1.0_1.0,hff16_1_long-duration_electrical_50.0~-1.0_1.0_0,M,SA,28.430261549470504,293.5,2.920319972079849e+127,0.06,-2.8134107167600364
3294,hff16,hff16_1,long-duration_electrical_50.0~-1.0_1.0,hff16_1_long-duration_electrical_50.0~-1.0_1.0_0,M,SA,28.430261549470504,294.5,7.93825271339068e+127,0.14,-1.9661128563728327
3295,hff16,hff16_1,long-duration_electrical_50.0~-1.0_1.0,hff16_1_long-duration_electrical_50.0~-1.0_1.0_0,M,SA,28.430261549470504,295.5,2.1578408100525594e+128,0.12,-2.120263536200091
3296,hff16,hff16_1,long-duration_electrical_50.0~-1.0_1.0,hff16_1_long-duration_electrical_50.0~-1.0_1.0_0,M,SA,28.430261549470504,296.5,5.865619462673218e+128,0.04,-3.2188758248682006
3297,hff16,hff16_1,long-duration_electrical_50.0~-1.0_1.0,hff16_1_long-duration_electrical_50.0~-1.0_1.0_0,M,SA,28.430261549470504,297.5,1.594440679804032e+129,0.16,-1.8325814637483102
3298,hff16,hff16_1,long-duration_electrical_50.0~-1.0_1.0,hff16_1_long-duration_electrical_50.0~-1.0_1.0_0,M,SA,28.430261549470504,298.5,4.334139126467187e+129,0.14,-1.9661128563728327
3299,hff16,hff16_1,long-duration_electrical_50.0~-1.0_1.0,hff16_1_long-duration_electrical_50.0~-1.0_1.0_0,M,SA,28.430261549470504,299.5,1.1781411629489113e+130,0.12,-2.120263536200091
